{
    "Ar36": {
        "error": 0.00012097649031641247,
        "error_type": "SEM",
        "filter_outliers_dict": {
            "filter_outliers": true,
            "iterations": 1,
            "std_devs": 2,
            "use_standard_deviation_filtering": false
        },
        "fit": "Parabolic",
        "fn": 381,
        "include_baseline_error": false,
        "n": 400,
        "outlier_excluded": [
            353,
            385,
            195,
            386,
            295,
            329,
            393,
            268,
            365,
            398,
            303,
            367,
            368,
            309,
            341,
            311,
            217,
            252,
            348
        ],
        "reviewed": true,
        "user_excluded": [],
        "value": 0.0013024585622865693
    },
    "Ar37": {
        "error": 0.012520694450683165,
        "error_type": "SEM",
        "filter_outliers_dict": {
            "filter_outliers": true,
            "iterations": 1,
            "std_devs": 2,
            "use_standard_deviation_filtering": false
        },
        "fit": "Linear",
        "fn": 378,
        "include_baseline_error": false,
        "n": 400,
        "outlier_excluded": [
            262,
            272,
            273,
            19,
            151,
            291,
            301,
            303,
            306,
            180,
            316,
            61,
            191,
            67,
            73,
            91,
            219,
            350,
            225,
            98,
            230,
            237
        ],
        "reviewed": true,
        "user_excluded": [],
        "value": 0.03773764147462606
    },
    "Ar38": {
        "error": 0.011951724169035546,
        "error_type": "SEM",
        "filter_outliers_dict": {
            "filter_outliers": true,
            "iterations": 1,
            "std_devs": 2,
            "use_standard_deviation_filtering": false
        },
        "fit": "Linear",
        "fn": 385,
        "include_baseline_error": false,
        "n": 400,
        "outlier_excluded": [
            287,
            360,
            393,
            331,
            77,
            13,
            46,
            143,
            398,
            212,
            276,
            279,
            91,
            124,
            63
        ],
        "reviewed": true,
        "user_excluded": [],
        "value": -0.18617535304663707
    },
    "Ar39": {
        "error": 0.019589149794861108,
        "error_type": "SEM",
        "filter_outliers_dict": {
            "filter_outliers": true,
            "iterations": 1,
            "std_devs": 2,
            "use_standard_deviation_filtering": false
        },
        "fit": "Parabolic",
        "fn": 380,
        "include_baseline_error": false,
        "n": 400,
        "outlier_excluded": [
            319,
            296,
            138,
            267,
            12,
            140,
            332,
            15,
            368,
            243,
            20,
            52,
            118,
            23,
            180,
            214,
            215,
            317,
            382,
            223
        ],
        "reviewed": true,
        "user_excluded": [],
        "value": 0.010160307156637901
    },
    "Ar40": {
        "error": 0.019879073068542887,
        "error_type": "SEM",
        "filter_outliers_dict": {
            "filter_outliers": true,
            "iterations": 1,
            "std_devs": 2,
            "use_standard_deviation_filtering": false
        },
        "fit": "Parabolic",
        "fn": 378,
        "include_baseline_error": false,
        "n": 400,
        "outlier_excluded": [
            256,
            141,
            271,
            144,
            157,
            293,
            294,
            171,
            328,
            334,
            83,
            84,
            86,
            343,
            216,
            96,
            102,
            365,
            239,
            115,
            118,
            255
        ],
        "reviewed": true,
        "user_excluded": [],
        "value": 0.2015345790294828
    },
    "Ar41": {
        "error": 0.006335260526567312,
        "error_type": "SEM",
        "filter_outliers_dict": {
            "filter_outliers": false,
            "iterations": 1,
            "std_devs": 2,
            "use_standard_deviation_filtering": false
        },
        "fit": "average",
        "value": -0.05334763495338848
    }
}