{
    "Ar36": {
        "error": 0.00011538026793591454,
        "error_type": "SEM",
        "filter_outliers_dict": {
            "filter_outliers": true,
            "iterations": 1,
            "std_devs": 2,
            "use_standard_deviation_filtering": false
        },
        "fit": "Parabolic",
        "fn": 380,
        "include_baseline_error": false,
        "n": 400,
        "outlier_excluded": [
            320,
            385,
            388,
            262,
            231,
            327,
            233,
            298,
            329,
            108,
            358,
            361,
            364,
            366,
            241,
            211,
            180,
            214,
            246,
            286
        ],
        "reviewed": true,
        "user_excluded": [],
        "value": 0.001267831296563497
    },
    "Ar37": {
        "error": 0.012406483027858612,
        "error_type": "SEM",
        "filter_outliers_dict": {
            "filter_outliers": true,
            "iterations": 1,
            "std_devs": 2,
            "use_standard_deviation_filtering": false
        },
        "fit": "Linear",
        "fn": 374,
        "include_baseline_error": false,
        "n": 400,
        "outlier_excluded": [
            384,
            260,
            389,
            390,
            391,
            264,
            265,
            154,
            296,
            42,
            176,
            306,
            58,
            190,
            322,
            335,
            344,
            223,
            98,
            100,
            105,
            361,
            364,
            114,
            244,
            381
        ],
        "reviewed": true,
        "user_excluded": [],
        "value": 0.032566601504564585
    },
    "Ar38": {
        "error": 0.012771995185074518,
        "error_type": "SEM",
        "filter_outliers_dict": {
            "filter_outliers": true,
            "iterations": 1,
            "std_devs": 2,
            "use_standard_deviation_filtering": false
        },
        "fit": "Linear",
        "fn": 392,
        "include_baseline_error": false,
        "n": 400,
        "outlier_excluded": [
            257,
            323,
            203,
            140,
            300,
            146,
            340,
            214
        ],
        "reviewed": true,
        "user_excluded": [],
        "value": -0.1789541250112846
    },
    "Ar39": {
        "error": 0.019270051160637937,
        "error_type": "SEM",
        "filter_outliers_dict": {
            "filter_outliers": true,
            "iterations": 1,
            "std_devs": 2,
            "use_standard_deviation_filtering": false
        },
        "fit": "Parabolic",
        "fn": 383,
        "include_baseline_error": false,
        "n": 400,
        "outlier_excluded": [
            160,
            2,
            323,
            357,
            231,
            200,
            327,
            42,
            359,
            268,
            332,
            360,
            395,
            337,
            212,
            22,
            54
        ],
        "reviewed": true,
        "user_excluded": [],
        "value": -0.021153833001966015
    },
    "Ar40": {
        "error": 0.02055618928642438,
        "error_type": "SEM",
        "filter_outliers_dict": {
            "filter_outliers": true,
            "iterations": 1,
            "std_devs": 2,
            "use_standard_deviation_filtering": false
        },
        "fit": "Parabolic",
        "fn": 382,
        "include_baseline_error": false,
        "n": 400,
        "outlier_excluded": [
            354,
            3,
            197,
            6,
            394,
            267,
            44,
            333,
            176,
            212,
            53,
            149,
            182,
            25,
            90,
            379,
            94,
            223
        ],
        "reviewed": true,
        "user_excluded": [],
        "value": 0.23003171222417718
    },
    "Ar41": {
        "error": 0.006280389734642579,
        "error_type": "SEM",
        "filter_outliers_dict": {
            "filter_outliers": false,
            "iterations": 1,
            "std_devs": 2,
            "use_standard_deviation_filtering": false
        },
        "fit": "average",
        "value": -0.0602981966020161
    }
}