{
    "Ar36": {
        "error": 0.00013545121305949672,
        "error_type": "SEM",
        "filter_outliers_dict": {
            "filter_outliers": true,
            "iterations": 1,
            "std_devs": 2,
            "use_standard_deviation_filtering": false
        },
        "fit": "Parabolic",
        "fn": 382,
        "include_baseline_error": false,
        "n": 400,
        "outlier_excluded": [
            223,
            263,
            298,
            394,
            205,
            366,
            335,
            398,
            399,
            146,
            370,
            371,
            372,
            311,
            376,
            345,
            254,
            222
        ],
        "reviewed": true,
        "user_excluded": [],
        "value": 0.0012427428899675391
    },
    "Ar37": {
        "error": 0.011713379428412753,
        "error_type": "SEM",
        "filter_outliers_dict": {
            "filter_outliers": true,
            "iterations": 1,
            "std_devs": 2,
            "use_standard_deviation_filtering": false
        },
        "fit": "Linear",
        "fn": 372,
        "include_baseline_error": false,
        "n": 400,
        "outlier_excluded": [
            396,
            18,
            147,
            155,
            293,
            173,
            176,
            54,
            186,
            315,
            317,
            318,
            62,
            64,
            63,
            72,
            75,
            80,
            349,
            350,
            95,
            232,
            360,
            365,
            366,
            241,
            370,
            252
        ],
        "reviewed": true,
        "user_excluded": [],
        "value": 0.01206773415863238
    },
    "Ar38": {
        "error": 0.011730396436027643,
        "error_type": "SEM",
        "filter_outliers_dict": {
            "filter_outliers": true,
            "iterations": 1,
            "std_devs": 2,
            "use_standard_deviation_filtering": false
        },
        "fit": "Linear",
        "fn": 383,
        "include_baseline_error": false,
        "n": 400,
        "outlier_excluded": [
            131,
            6,
            70,
            135,
            232,
            237,
            269,
            80,
            21,
            120,
            153,
            90,
            59,
            216,
            313,
            376,
            287
        ],
        "reviewed": true,
        "user_excluded": [],
        "value": -0.16049726548682186
    },
    "Ar39": {
        "error": 0.020017503490544136,
        "error_type": "SEM",
        "filter_outliers_dict": {
            "filter_outliers": true,
            "iterations": 1,
            "std_devs": 2,
            "use_standard_deviation_filtering": false
        },
        "fit": "Parabolic",
        "fn": 384,
        "include_baseline_error": false,
        "n": 400,
        "outlier_excluded": [
            64,
            2,
            3,
            387,
            69,
            6,
            332,
            365,
            247,
            57,
            89,
            59,
            28,
            186,
            254,
            314
        ],
        "reviewed": true,
        "user_excluded": [],
        "value": 0.006936926994736495
    },
    "Ar40": {
        "error": 0.022161403002559633,
        "error_type": "SEM",
        "filter_outliers_dict": {
            "filter_outliers": true,
            "iterations": 1,
            "std_devs": 2,
            "use_standard_deviation_filtering": false
        },
        "fit": "Parabolic",
        "fn": 382,
        "include_baseline_error": false,
        "n": 400,
        "outlier_excluded": [
            0,
            128,
            36,
            231,
            327,
            139,
            44,
            140,
            79,
            273,
            309,
            278,
            247,
            184,
            377,
            218,
            316,
            127
        ],
        "reviewed": true,
        "user_excluded": [],
        "value": 0.2692781312988815
    },
    "Ar41": {
        "error": 0.006048624363612277,
        "error_type": "SEM",
        "filter_outliers_dict": {
            "filter_outliers": false,
            "iterations": 1,
            "std_devs": 2,
            "use_standard_deviation_filtering": false
        },
        "fit": "average",
        "value": -0.06131391118389729
    }
}