{
    "Ar36": {
        "error": 0.00013280662615080703,
        "error_type": "SEM",
        "filter_outliers_dict": {
            "filter_outliers": true,
            "iterations": 1,
            "std_devs": 2,
            "use_standard_deviation_filtering": false
        },
        "fit": "Parabolic",
        "fn": 378,
        "include_baseline_error": false,
        "n": 400,
        "outlier_excluded": [
            395,
            396,
            397,
            399,
            277,
            22,
            155,
            296,
            297,
            300,
            318,
            326,
            332,
            222,
            351,
            352,
            357,
            235,
            248,
            380,
            382,
            254
        ],
        "reviewed": true,
        "user_excluded": [],
        "value": 0.0009937081155582152
    },
    "Ar37": {
        "error": 0.011804443818882805,
        "error_type": "SEM",
        "filter_outliers_dict": {
            "filter_outliers": true,
            "iterations": 1,
            "std_devs": 2,
            "use_standard_deviation_filtering": false
        },
        "fit": "Linear",
        "fn": 382,
        "include_baseline_error": false,
        "n": 400,
        "outlier_excluded": [
            384,
            1,
            292,
            102,
            74,
            331,
            109,
            238,
            15,
            48,
            338,
            181,
            23,
            186,
            155,
            156,
            283,
            286
        ],
        "reviewed": true,
        "user_excluded": [],
        "value": -0.024881017588934434
    },
    "Ar38": {
        "error": 0.01227298296506716,
        "error_type": "SEM",
        "filter_outliers_dict": {
            "filter_outliers": true,
            "iterations": 1,
            "std_devs": 2,
            "use_standard_deviation_filtering": false
        },
        "fit": "Linear",
        "fn": 389,
        "include_baseline_error": false,
        "n": 400,
        "outlier_excluded": [
            193,
            70,
            232,
            299,
            172,
            397,
            303,
            369,
            121,
            29,
            93
        ],
        "reviewed": true,
        "user_excluded": [],
        "value": -0.17950120100962458
    },
    "Ar39": {
        "error": 0.021602233100257037,
        "error_type": "SEM",
        "filter_outliers_dict": {
            "filter_outliers": true,
            "iterations": 1,
            "std_devs": 2,
            "use_standard_deviation_filtering": false
        },
        "fit": "Parabolic",
        "fn": 385,
        "include_baseline_error": false,
        "n": 400,
        "outlier_excluded": [
            194,
            8,
            328,
            332,
            78,
            303,
            51,
            339,
            117,
            375,
            25,
            121,
            218,
            28,
            254
        ],
        "reviewed": true,
        "user_excluded": [],
        "value": 0.012544607720625324
    },
    "Ar40": {
        "error": 0.02057803620768481,
        "error_type": "SEM",
        "filter_outliers_dict": {
            "filter_outliers": true,
            "iterations": 1,
            "std_devs": 2,
            "use_standard_deviation_filtering": false
        },
        "fit": "Parabolic",
        "fn": 380,
        "include_baseline_error": false,
        "n": 400,
        "outlier_excluded": [
            2,
            387,
            100,
            260,
            231,
            168,
            73,
            105,
            233,
            142,
            174,
            17,
            18,
            244,
            151,
            312,
            92,
            220,
            285,
            286
        ],
        "reviewed": true,
        "user_excluded": [],
        "value": 0.11290150763934922
    },
    "Ar41": {
        "error": 0.005301289916274735,
        "error_type": "SEM",
        "filter_outliers_dict": {
            "filter_outliers": true,
            "iterations": 1,
            "std_devs": 2,
            "use_standard_deviation_filtering": false
        },
        "fit": "average",
        "value": -0.08307614461840498
    }
}