{
    "Ar36": {
        "error": 0.00012329399573211692,
        "error_type": "SEM",
        "filter_outliers_dict": {
            "filter_outliers": true,
            "iterations": 1,
            "std_devs": 2,
            "use_standard_deviation_filtering": false
        },
        "fit": "Parabolic",
        "fn": 380,
        "include_baseline_error": false,
        "n": 400,
        "outlier_excluded": [
            257,
            354,
            386,
            228,
            293,
            326,
            328,
            297,
            363,
            268,
            332,
            396,
            335,
            373,
            214,
            279,
            346,
            59,
            315,
            316
        ],
        "reviewed": true,
        "user_excluded": [],
        "value": 0.0012533238278524842
    },
    "Ar37": {
        "error": 0.013099119958787882,
        "error_type": "SEM",
        "filter_outliers_dict": {
            "filter_outliers": true,
            "iterations": 1,
            "std_devs": 2,
            "use_standard_deviation_filtering": false
        },
        "fit": "Linear",
        "fn": 382,
        "include_baseline_error": false,
        "n": 400,
        "outlier_excluded": [
            128,
            288,
            352,
            3,
            264,
            169,
            202,
            107,
            267,
            208,
            177,
            340,
            277,
            279,
            185,
            217,
            377,
            379
        ],
        "reviewed": true,
        "user_excluded": [],
        "value": 0.01376523147166447
    },
    "Ar38": {
        "error": 0.012808163400365268,
        "error_type": "SEM",
        "filter_outliers_dict": {
            "filter_outliers": true,
            "iterations": 1,
            "std_devs": 2,
            "use_standard_deviation_filtering": false
        },
        "fit": "Linear",
        "fn": 383,
        "include_baseline_error": false,
        "n": 400,
        "outlier_excluded": [
            321,
            103,
            39,
            11,
            107,
            205,
            301,
            333,
            144,
            369,
            19,
            52,
            212,
            184,
            185,
            188,
            95
        ],
        "reviewed": true,
        "user_excluded": [],
        "value": -0.1463345411789032
    },
    "Ar39": {
        "error": 0.018979645925229834,
        "error_type": "SEM",
        "filter_outliers_dict": {
            "filter_outliers": true,
            "iterations": 1,
            "std_devs": 2,
            "use_standard_deviation_filtering": false
        },
        "fit": "Parabolic",
        "fn": 383,
        "include_baseline_error": false,
        "n": 400,
        "outlier_excluded": [
            321,
            262,
            136,
            137,
            298,
            360,
            364,
            365,
            174,
            47,
            305,
            342,
            57,
            90,
            91,
            94,
            223
        ],
        "reviewed": true,
        "user_excluded": [],
        "value": 0.010294902507074408
    },
    "Ar40": {
        "error": 0.01991147288851328,
        "error_type": "SEM",
        "filter_outliers_dict": {
            "filter_outliers": true,
            "iterations": 1,
            "std_devs": 2,
            "use_standard_deviation_filtering": false
        },
        "fit": "Parabolic",
        "fn": 381,
        "include_baseline_error": false,
        "n": 400,
        "outlier_excluded": [
            96,
            34,
            356,
            229,
            102,
            103,
            104,
            238,
            175,
            176,
            207,
            337,
            339,
            212,
            245,
            246,
            155,
            349,
            383
        ],
        "reviewed": true,
        "user_excluded": [],
        "value": 0.21142126941520417
    },
    "Ar41": {
        "error": 0.0064273277524129965,
        "error_type": "SEM",
        "filter_outliers_dict": {
            "filter_outliers": false,
            "iterations": 1,
            "std_devs": 2,
            "use_standard_deviation_filtering": false
        },
        "fit": "average",
        "value": -0.05096927671685989
    }
}