{
    "Ar36": {
        "error": 0.000136593636312602,
        "error_type": "SEM",
        "filter_outliers_dict": {
            "filter_outliers": true,
            "iterations": 1,
            "std_devs": 2,
            "use_standard_deviation_filtering": false
        },
        "fit": "Parabolic",
        "fn": 374,
        "include_baseline_error": false,
        "n": 400,
        "outlier_excluded": [
            256,
            268,
            399,
            274,
            173,
            308,
            182,
            315,
            316,
            66,
            326,
            327,
            330,
            335,
            221,
            93,
            227,
            356,
            357,
            233,
            361,
            362,
            369,
            249,
            381,
            382
        ],
        "reviewed": true,
        "user_excluded": [],
        "value": 0.0011778615247124624
    },
    "Ar37": {
        "error": 0.012807103624247992,
        "error_type": "SEM",
        "filter_outliers_dict": {
            "filter_outliers": true,
            "iterations": 1,
            "std_devs": 2,
            "use_standard_deviation_filtering": false
        },
        "fit": "Linear",
        "fn": 383,
        "include_baseline_error": false,
        "n": 400,
        "outlier_excluded": [
            225,
            228,
            261,
            103,
            72,
            265,
            299,
            395,
            269,
            142,
            144,
            113,
            177,
            115,
            337,
            119,
            279
        ],
        "reviewed": true,
        "user_excluded": [],
        "value": 0.007090611489406834
    },
    "Ar38": {
        "error": 0.011315772216543441,
        "error_type": "SEM",
        "filter_outliers_dict": {
            "filter_outliers": true,
            "iterations": 1,
            "std_devs": 2,
            "use_standard_deviation_filtering": false
        },
        "fit": "Linear",
        "fn": 385,
        "include_baseline_error": false,
        "n": 400,
        "outlier_excluded": [
            253,
            349,
            35,
            163,
            202,
            333,
            143,
            240,
            339,
            248,
            26,
            314,
            61,
            93,
            190
        ],
        "reviewed": true,
        "user_excluded": [],
        "value": -0.17860398622136703
    },
    "Ar39": {
        "error": 0.02119221365661614,
        "error_type": "SEM",
        "filter_outliers_dict": {
            "filter_outliers": true,
            "iterations": 1,
            "std_devs": 2,
            "use_standard_deviation_filtering": false
        },
        "fit": "Parabolic",
        "fn": 383,
        "include_baseline_error": false,
        "n": 400,
        "outlier_excluded": [
            160,
            1,
            34,
            5,
            39,
            104,
            137,
            10,
            203,
            48,
            17,
            52,
            86,
            151,
            91,
            92,
            223
        ],
        "reviewed": true,
        "user_excluded": [],
        "value": -0.004359215626435887
    },
    "Ar40": {
        "error": 0.02104665553704936,
        "error_type": "SEM",
        "filter_outliers_dict": {
            "filter_outliers": true,
            "iterations": 1,
            "std_devs": 2,
            "use_standard_deviation_filtering": false
        },
        "fit": "Parabolic",
        "fn": 382,
        "include_baseline_error": false,
        "n": 400,
        "outlier_excluded": [
            224,
            385,
            5,
            69,
            41,
            12,
            16,
            144,
            336,
            276,
            213,
            341,
            373,
            376,
            90,
            250,
            348,
            94
        ],
        "reviewed": true,
        "user_excluded": [],
        "value": 0.09632282235396844
    },
    "Ar41": {
        "error": 0.005610117529176529,
        "error_type": "SEM",
        "filter_outliers_dict": {
            "filter_outliers": true,
            "iterations": 1,
            "std_devs": 2,
            "use_standard_deviation_filtering": false
        },
        "fit": "average",
        "value": -0.07385563295617784
    }
}