{
    "Ar36": {
        "error": 0.0001361301811081164,
        "error_type": "SEM",
        "filter_outliers_dict": {
            "filter_outliers": true,
            "iterations": 1,
            "std_devs": 2,
            "use_standard_deviation_filtering": false
        },
        "fit": "Parabolic",
        "fn": 380,
        "include_baseline_error": false,
        "n": 400,
        "outlier_excluded": [
            320,
            291,
            388,
            294,
            328,
            137,
            363,
            302,
            334,
            399,
            177,
            50,
            241,
            306,
            338,
            340,
            120,
            252,
            350,
            255
        ],
        "reviewed": true,
        "user_excluded": [],
        "value": 0.0011599121173870384
    },
    "Ar37": {
        "error": 0.012703960435919268,
        "error_type": "SEM",
        "filter_outliers_dict": {
            "filter_outliers": true,
            "iterations": 1,
            "std_devs": 2,
            "use_standard_deviation_filtering": false
        },
        "fit": "Linear",
        "fn": 383,
        "include_baseline_error": false,
        "n": 400,
        "outlier_excluded": [
            33,
            34,
            257,
            261,
            7,
            41,
            201,
            396,
            174,
            339,
            148,
            340,
            343,
            123,
            187,
            285,
            95
        ],
        "reviewed": true,
        "user_excluded": [],
        "value": -0.025133136198469568
    },
    "Ar38": {
        "error": 0.01077223972044379,
        "error_type": "SEM",
        "filter_outliers_dict": {
            "filter_outliers": true,
            "iterations": 1,
            "std_devs": 2,
            "use_standard_deviation_filtering": false
        },
        "fit": "Linear",
        "fn": 380,
        "include_baseline_error": false,
        "n": 400,
        "outlier_excluded": [
            32,
            1,
            162,
            259,
            387,
            101,
            39,
            266,
            235,
            397,
            79,
            367,
            145,
            274,
            147,
            148,
            183,
            56,
            186,
            350
        ],
        "reviewed": true,
        "user_excluded": [],
        "value": -0.17872847835659705
    },
    "Ar39": {
        "error": 0.019356877876343846,
        "error_type": "SEM",
        "filter_outliers_dict": {
            "filter_outliers": true,
            "iterations": 1,
            "std_devs": 2,
            "use_standard_deviation_filtering": false
        },
        "fit": "Parabolic",
        "fn": 384,
        "include_baseline_error": false,
        "n": 400,
        "outlier_excluded": [
            65,
            34,
            66,
            68,
            164,
            262,
            231,
            138,
            107,
            209,
            305,
            180,
            213,
            22,
            374,
            185
        ],
        "reviewed": true,
        "user_excluded": [],
        "value": 0.003757859652253486
    },
    "Ar40": {
        "error": 0.019445987804998805,
        "error_type": "SEM",
        "filter_outliers_dict": {
            "filter_outliers": true,
            "iterations": 1,
            "std_devs": 2,
            "use_standard_deviation_filtering": false
        },
        "fit": "Parabolic",
        "fn": 379,
        "include_baseline_error": false,
        "n": 400,
        "outlier_excluded": [
            33,
            354,
            132,
            201,
            43,
            203,
            236,
            267,
            15,
            112,
            302,
            332,
            336,
            396,
            181,
            310,
            342,
            248,
            26,
            92,
            61
        ],
        "reviewed": true,
        "user_excluded": [],
        "value": 0.07708021141705523
    },
    "Ar41": {
        "error": 0.005853434521105657,
        "error_type": "SEM",
        "filter_outliers_dict": {
            "filter_outliers": true,
            "iterations": 1,
            "std_devs": 2,
            "use_standard_deviation_filtering": false
        },
        "fit": "average",
        "value": 0.1913421256545912
    }
}