{
    "Ar36": {
        "error": 0.00011134405490572115,
        "error_type": "SD",
        "filter_outliers_dict": {
            "filter_outliers": true,
            "iterations": 1,
            "std_devs": 2,
            "use_standard_deviation_filtering": false
        },
        "fit": "Parabolic",
        "fn": 380,
        "include_baseline_error": false,
        "n": 400,
        "outlier_excluded": [
            160,
            257,
            321,
            259,
            294,
            231,
            358,
            329,
            298,
            171,
            332,
            301,
            393,
            336,
            338,
            341,
            281,
            377,
            378,
            379
        ],
        "reviewed": true,
        "user_excluded": [],
        "value": 0.0006118896165631029
    },
    "Ar37": {
        "error": 0.013033604939352525,
        "error_type": "SD",
        "filter_outliers_dict": {
            "filter_outliers": true,
            "iterations": 1,
            "std_devs": 2,
            "use_standard_deviation_filtering": false
        },
        "fit": "Linear",
        "fn": 380,
        "include_baseline_error": false,
        "n": 400,
        "outlier_excluded": [
            0,
            286,
            130,
            319,
            352,
            325,
            135,
            299,
            44,
            268,
            368,
            369,
            179,
            212,
            244,
            377,
            155,
            284,
            126,
            223
        ],
        "reviewed": true,
        "user_excluded": [],
        "value": 0.011293319301136815
    },
    "Ar38": {
        "error": 0.01655733609884367,
        "error_type": "SD",
        "filter_outliers_dict": {
            "filter_outliers": true,
            "iterations": 1,
            "std_devs": 2,
            "use_standard_deviation_filtering": false
        },
        "fit": "Linear",
        "fn": 388,
        "include_baseline_error": false,
        "n": 400,
        "outlier_excluded": [
            353,
            4,
            324,
            135,
            137,
            362,
            239,
            16,
            337,
            211,
            21,
            381
        ],
        "reviewed": true,
        "user_excluded": [],
        "value": -0.053211813155862424
    },
    "Ar39": {
        "error": 0.008249214115806465,
        "error_type": "SD",
        "filter_outliers_dict": {
            "filter_outliers": true,
            "iterations": 1,
            "std_devs": 2,
            "use_standard_deviation_filtering": false
        },
        "fit": "Parabolic",
        "fn": 380,
        "include_baseline_error": false,
        "n": 400,
        "outlier_excluded": [
            385,
            387,
            196,
            260,
            360,
            393,
            330,
            268,
            114,
            83,
            54,
            151,
            88,
            23,
            183,
            219,
            188,
            248,
            249,
            319
        ],
        "reviewed": true,
        "user_excluded": [],
        "value": 0.017343580785250806
    },
    "Ar40": {
        "error": 0.01834888886115907,
        "error_type": "SD",
        "filter_outliers_dict": {
            "filter_outliers": true,
            "iterations": 1,
            "std_devs": 2,
            "use_standard_deviation_filtering": false
        },
        "fit": "Parabolic",
        "fn": 378,
        "include_baseline_error": false,
        "n": 400,
        "outlier_excluded": [
            2,
            6,
            134,
            390,
            399,
            147,
            23,
            286,
            291,
            164,
            42,
            173,
            48,
            59,
            323,
            342,
            90,
            220,
            234,
            109,
            112,
            113
        ],
        "reviewed": true,
        "user_excluded": [],
        "value": 0.06664623269342035
    },
    "Ar41": {
        "error": 0.15330620001778544,
        "error_type": "SD",
        "filter_outliers_dict": {
            "filter_outliers": false,
            "iterations": 1,
            "std_devs": 1,
            "use_standard_deviation_filtering": false
        },
        "fit": "average_SEM",
        "value": 0.252316246550763
    }
}