{
    "Ar36": {
        "error": 0.00010359838221708843,
        "error_type": "SEM",
        "filter_outliers_dict": {
            "filter_outliers": true,
            "iterations": 1,
            "std_devs": 2,
            "use_standard_deviation_filtering": false
        },
        "fit": "Parabolic",
        "fn": 571,
        "include_baseline_error": false,
        "n": 600,
        "outlier_excluded": [
            517,
            520,
            521,
            522,
            267,
            395,
            410,
            538,
            416,
            427,
            565,
            576,
            451,
            452,
            579,
            580,
            582,
            585,
            334,
            335,
            594,
            472,
            353,
            482,
            364,
            502,
            379,
            508,
            510
        ],
        "reviewed": true,
        "user_excluded": [],
        "value": 0.0012020956225413143
    },
    "Ar37": {
        "error": 0.010239807516411565,
        "error_type": "SEM",
        "filter_outliers_dict": {
            "filter_outliers": true,
            "iterations": 1,
            "std_devs": 2,
            "use_standard_deviation_filtering": false
        },
        "fit": "Linear",
        "fn": 570,
        "include_baseline_error": false,
        "n": 600,
        "outlier_excluded": [
            257,
            519,
            12,
            15,
            532,
            533,
            413,
            158,
            419,
            168,
            427,
            303,
            202,
            332,
            205,
            465,
            597,
            87,
            217,
            350,
            98,
            235,
            491,
            109,
            243,
            245,
            501,
            377,
            378,
            507
        ],
        "reviewed": true,
        "user_excluded": [],
        "value": 0.04751817415225849
    },
    "Ar38": {
        "error": 0.012381705154637232,
        "error_type": "SEM",
        "filter_outliers_dict": {
            "filter_outliers": true,
            "iterations": 1,
            "std_devs": 2,
            "use_standard_deviation_filtering": false
        },
        "fit": "Linear",
        "fn": 581,
        "include_baseline_error": false,
        "n": 600,
        "outlier_excluded": [
            481,
            546,
            483,
            555,
            236,
            173,
            462,
            592,
            306,
            339,
            595,
            534,
            376,
            377,
            90,
            252,
            380,
            62,
            414
        ],
        "reviewed": true,
        "user_excluded": [],
        "value": -0.050942089955604127
    },
    "Ar39": {
        "error": 0.006802975557013917,
        "error_type": "SEM",
        "filter_outliers_dict": {
            "filter_outliers": true,
            "iterations": 1,
            "std_devs": 2,
            "use_standard_deviation_filtering": false
        },
        "fit": "Parabolic",
        "fn": 572,
        "include_baseline_error": false,
        "n": 600,
        "outlier_excluded": [
            385,
            515,
            7,
            395,
            14,
            400,
            401,
            26,
            413,
            157,
            543,
            45,
            174,
            311,
            317,
            445,
            319,
            67,
            579,
            585,
            205,
            339,
            230,
            104,
            492,
            110,
            239,
            377
        ],
        "reviewed": true,
        "user_excluded": [],
        "value": 0.012794949197737361
    },
    "Ar40": {
        "error": 0.014802144438708961,
        "error_type": "SEM",
        "filter_outliers_dict": {
            "filter_outliers": true,
            "iterations": 1,
            "std_devs": 2,
            "use_standard_deviation_filtering": false
        },
        "fit": "Parabolic",
        "fn": 572,
        "include_baseline_error": false,
        "n": 600,
        "outlier_excluded": [
            4,
            10,
            144,
            401,
            147,
            28,
            156,
            159,
            417,
            299,
            309,
            54,
            186,
            442,
            319,
            65,
            72,
            206,
            334,
            465,
            594,
            85,
            348,
            100,
            233,
            375,
            380,
            511
        ],
        "reviewed": true,
        "user_excluded": [],
        "value": 0.23700980296383228
    },
    "Ar41": {
        "error": 0.00998917947005856,
        "error_type": "SEM",
        "filter_outliers_dict": {
            "filter_outliers": true,
            "iterations": 1,
            "std_devs": 2,
            "use_standard_deviation_filtering": false
        },
        "fit": "linear",
        "value": 0.2687442865676188
    }
}