{
    "Ar36": {
        "error": 0.00010656731761958582,
        "error_type": "SD",
        "filter_outliers_dict": {
            "filter_outliers": true,
            "iterations": 1,
            "std_devs": 2,
            "use_standard_deviation_filtering": false
        },
        "fit": "Parabolic",
        "fn": 380,
        "include_baseline_error": false,
        "n": 400,
        "outlier_excluded": [
            160,
            383,
            290,
            322,
            292,
            324,
            354,
            355,
            300,
            302,
            367,
            272,
            148,
            183,
            345,
            379,
            252,
            189,
            318,
            350
        ],
        "reviewed": true,
        "user_excluded": [],
        "value": 0.0005535135065009131
    },
    "Ar37": {
        "error": 0.01274069528605751,
        "error_type": "SD",
        "filter_outliers_dict": {
            "filter_outliers": true,
            "iterations": 1,
            "std_devs": 2,
            "use_standard_deviation_filtering": false
        },
        "fit": "Linear",
        "fn": 382,
        "include_baseline_error": false,
        "n": 400,
        "outlier_excluded": [
            0,
            290,
            99,
            197,
            262,
            199,
            72,
            104,
            105,
            139,
            293,
            393,
            394,
            335,
            113,
            146,
            184,
            159
        ],
        "reviewed": true,
        "user_excluded": [],
        "value": 0.013866825613960826
    },
    "Ar38": {
        "error": 0.013859354233591773,
        "error_type": "SD",
        "filter_outliers_dict": {
            "filter_outliers": true,
            "iterations": 1,
            "std_devs": 2,
            "use_standard_deviation_filtering": false
        },
        "fit": "Linear",
        "fn": 377,
        "include_baseline_error": false,
        "n": 400,
        "outlier_excluded": [
            129,
            11,
            276,
            25,
            153,
            289,
            38,
            298,
            308,
            181,
            59,
            61,
            62,
            329,
            204,
            208,
            339,
            88,
            225,
            229,
            105,
            362,
            371
        ],
        "reviewed": true,
        "user_excluded": [],
        "value": -0.04119347737259023
    },
    "Ar39": {
        "error": 0.008213521129702845,
        "error_type": "SD",
        "filter_outliers_dict": {
            "filter_outliers": true,
            "iterations": 1,
            "std_devs": 2,
            "use_standard_deviation_filtering": false
        },
        "fit": "Parabolic",
        "fn": 384,
        "include_baseline_error": false,
        "n": 400,
        "outlier_excluded": [
            258,
            133,
            233,
            106,
            234,
            172,
            269,
            270,
            369,
            210,
            246,
            215,
            247,
            125,
            285,
            95
        ],
        "reviewed": true,
        "user_excluded": [],
        "value": 0.020654599773289466
    },
    "Ar40": {
        "error": 0.020708389665644214,
        "error_type": "SD",
        "filter_outliers_dict": {
            "filter_outliers": true,
            "iterations": 1,
            "std_devs": 2,
            "use_standard_deviation_filtering": false
        },
        "fit": "Parabolic",
        "fn": 386,
        "include_baseline_error": false,
        "n": 400,
        "outlier_excluded": [
            192,
            130,
            67,
            325,
            230,
            359,
            138,
            235,
            239,
            113,
            83,
            20,
            185,
            318
        ],
        "reviewed": true,
        "user_excluded": [],
        "value": 0.09456003614429628
    },
    "Ar41": {
        "error": 0.145933168141913,
        "error_type": "SD",
        "filter_outliers_dict": {
            "filter_outliers": false,
            "iterations": 1,
            "std_devs": 1,
            "use_standard_deviation_filtering": false
        },
        "fit": "average_SEM",
        "value": -0.0014643823652295395
    }
}