{
    "Ar36": {
        "error": 0.0003023087744155638,
        "error_type": "SD",
        "filter_outliers_dict": {
            "filter_outliers": true,
            "iterations": 1,
            "std_devs": 2,
            "use_standard_deviation_filtering": false
        },
        "fit": "Parabolic",
        "fn": 382,
        "include_baseline_error": false,
        "n": 400,
        "outlier_excluded": [
            64,
            196,
            357,
            234,
            107,
            236,
            205,
            113,
            372,
            85,
            278,
            23,
            216,
            89,
            311,
            283,
            381,
            95
        ],
        "reviewed": true,
        "user_excluded": [],
        "value": 0.017371686288716486
    },
    "Ar37": {
        "error": 0.014792051935573283,
        "error_type": "SD",
        "filter_outliers_dict": {
            "filter_outliers": true,
            "iterations": 1,
            "std_devs": 2,
            "use_standard_deviation_filtering": false
        },
        "fit": "Linear",
        "fn": 382,
        "include_baseline_error": false,
        "n": 400,
        "outlier_excluded": [
            104,
            200,
            10,
            171,
            234,
            205,
            46,
            303,
            335,
            147,
            179,
            87,
            151,
            184,
            251,
            220,
            381,
            127
        ],
        "reviewed": true,
        "user_excluded": [],
        "value": 0.031767379959860044
    },
    "Ar38": {
        "error": 0.011792948966957937,
        "error_type": "SD",
        "filter_outliers_dict": {
            "filter_outliers": true,
            "iterations": 1,
            "std_devs": 2,
            "use_standard_deviation_filtering": false
        },
        "fit": "Linear",
        "fn": 380,
        "include_baseline_error": false,
        "n": 400,
        "outlier_excluded": [
            130,
            162,
            196,
            322,
            355,
            103,
            235,
            172,
            269,
            174,
            240,
            241,
            114,
            147,
            214,
            217,
            27,
            219,
            380,
            127
        ],
        "reviewed": true,
        "user_excluded": [],
        "value": -0.02762401589895777
    },
    "Ar39": {
        "error": 0.010332753511198419,
        "error_type": "SD",
        "filter_outliers_dict": {
            "filter_outliers": true,
            "iterations": 1,
            "std_devs": 2,
            "use_standard_deviation_filtering": false
        },
        "fit": "Parabolic",
        "fn": 387,
        "include_baseline_error": false,
        "n": 400,
        "outlier_excluded": [
            224,
            97,
            36,
            357,
            297,
            76,
            364,
            17,
            82,
            244,
            312,
            59,
            125
        ],
        "reviewed": true,
        "user_excluded": [],
        "value": 0.006757975755931698
    },
    "Ar40": {
        "error": 0.0221744780694991,
        "error_type": "SD",
        "filter_outliers_dict": {
            "filter_outliers": true,
            "iterations": 1,
            "std_devs": 2,
            "use_standard_deviation_filtering": false
        },
        "fit": "Parabolic",
        "fn": 380,
        "include_baseline_error": false,
        "n": 400,
        "outlier_excluded": [
            384,
            162,
            131,
            196,
            105,
            106,
            107,
            170,
            268,
            394,
            239,
            16,
            369,
            396,
            277,
            309,
            89,
            219,
            252,
            285
        ],
        "reviewed": true,
        "user_excluded": [],
        "value": 5.148954834546364
    },
    "Ar41": {
        "error": 0.13602004065387244,
        "error_type": "SD",
        "filter_outliers_dict": {
            "filter_outliers": false,
            "iterations": 1,
            "std_devs": 1,
            "use_standard_deviation_filtering": false
        },
        "fit": "average_SEM",
        "value": -0.0025588116861717937
    }
}