{
    "Ar36": {
        "error": 0.00015798894960416087,
        "error_type": "SD",
        "filter_outliers_dict": {
            "filter_outliers": true,
            "iterations": 1,
            "std_devs": 2,
            "use_standard_deviation_filtering": false
        },
        "fit": "Parabolic",
        "fn": 376,
        "include_baseline_error": false,
        "n": 400,
        "outlier_excluded": [
            384,
            260,
            263,
            265,
            393,
            148,
            155,
            293,
            171,
            55,
            316,
            321,
            325,
            328,
            332,
            342,
            216,
            346,
            356,
            101,
            103,
            372,
            373,
            380
        ],
        "reviewed": true,
        "user_excluded": [],
        "value": 0.002661901672463324
    },
    "Ar37": {
        "error": 0.01396646080344075,
        "error_type": "SD",
        "filter_outliers_dict": {
            "filter_outliers": true,
            "iterations": 1,
            "std_devs": 2,
            "use_standard_deviation_filtering": false
        },
        "fit": "Linear",
        "fn": 381,
        "include_baseline_error": false,
        "n": 400,
        "outlier_excluded": [
            320,
            129,
            130,
            230,
            72,
            41,
            298,
            108,
            13,
            398,
            208,
            17,
            338,
            20,
            89,
            185,
            283,
            348,
            287
        ],
        "reviewed": true,
        "user_excluded": [],
        "value": 0.01714798920955487
    },
    "Ar38": {
        "error": 0.012283763567307109,
        "error_type": "SD",
        "filter_outliers_dict": {
            "filter_outliers": true,
            "iterations": 1,
            "std_devs": 2,
            "use_standard_deviation_filtering": false
        },
        "fit": "Linear",
        "fn": 384,
        "include_baseline_error": false,
        "n": 400,
        "outlier_excluded": [
            97,
            290,
            168,
            264,
            334,
            271,
            240,
            81,
            373,
            119,
            152,
            185,
            217,
            156,
            29,
            319
        ],
        "reviewed": true,
        "user_excluded": [],
        "value": -0.029120026949005326
    },
    "Ar39": {
        "error": 0.010684951465522216,
        "error_type": "SD",
        "filter_outliers_dict": {
            "filter_outliers": true,
            "iterations": 1,
            "std_devs": 2,
            "use_standard_deviation_filtering": false
        },
        "fit": "Parabolic",
        "fn": 387,
        "include_baseline_error": false,
        "n": 400,
        "outlier_excluded": [
            164,
            293,
            263,
            43,
            302,
            177,
            82,
            114,
            373,
            55,
            92,
            156,
            188
        ],
        "reviewed": true,
        "user_excluded": [],
        "value": -0.017838396822318987
    },
    "Ar40": {
        "error": 0.022882630069915644,
        "error_type": "SD",
        "filter_outliers_dict": {
            "filter_outliers": true,
            "iterations": 1,
            "std_devs": 2,
            "use_standard_deviation_filtering": false
        },
        "fit": "Parabolic",
        "fn": 386,
        "include_baseline_error": false,
        "n": 400,
        "outlier_excluded": [
            64,
            224,
            228,
            166,
            38,
            327,
            392,
            366,
            336,
            242,
            274,
            340,
            119,
            56
        ],
        "reviewed": true,
        "user_excluded": [],
        "value": 0.6482705357627867
    },
    "Ar41": {
        "error": 0.1377957878935787,
        "error_type": "SD",
        "filter_outliers_dict": {
            "filter_outliers": false,
            "iterations": 1,
            "std_devs": 1,
            "use_standard_deviation_filtering": false
        },
        "fit": "average_SEM",
        "value": 0.2692867863020365
    }
}