{
    "Ar36": {
        "error": 0.00025480512143471535,
        "error_type": "SD",
        "filter_outliers_dict": {
            "filter_outliers": true,
            "iterations": 1,
            "std_devs": 2,
            "use_standard_deviation_filtering": false
        },
        "fit": "Parabolic",
        "fn": 383,
        "include_baseline_error": false,
        "n": 400,
        "outlier_excluded": [
            288,
            161,
            130,
            352,
            262,
            231,
            329,
            361,
            394,
            108,
            77,
            15,
            48,
            19,
            152,
            123,
            350
        ],
        "reviewed": true,
        "user_excluded": [],
        "value": 0.011516227285366094
    },
    "Ar37": {
        "error": 0.014018019718647587,
        "error_type": "SD",
        "filter_outliers_dict": {
            "filter_outliers": true,
            "iterations": 1,
            "std_devs": 2,
            "use_standard_deviation_filtering": false
        },
        "fit": "Linear",
        "fn": 382,
        "include_baseline_error": false,
        "n": 400,
        "outlier_excluded": [
            255,
            97,
            257,
            387,
            8,
            232,
            233,
            331,
            269,
            302,
            397,
            20,
            84,
            55,
            56,
            89,
            183,
            159
        ],
        "reviewed": true,
        "user_excluded": [],
        "value": 0.03139260388083847
    },
    "Ar38": {
        "error": 0.012417528228799496,
        "error_type": "SD",
        "filter_outliers_dict": {
            "filter_outliers": true,
            "iterations": 1,
            "std_devs": 2,
            "use_standard_deviation_filtering": false
        },
        "fit": "Linear",
        "fn": 382,
        "include_baseline_error": false,
        "n": 400,
        "outlier_excluded": [
            224,
            225,
            258,
            352,
            332,
            13,
            109,
            237,
            16,
            208,
            371,
            309,
            344,
            345,
            59,
            252,
            94,
            254
        ],
        "reviewed": true,
        "user_excluded": [],
        "value": -0.034903312789197186
    },
    "Ar39": {
        "error": 0.009712654855853589,
        "error_type": "SD",
        "filter_outliers_dict": {
            "filter_outliers": true,
            "iterations": 1,
            "std_devs": 2,
            "use_standard_deviation_filtering": false
        },
        "fit": "Parabolic",
        "fn": 384,
        "include_baseline_error": false,
        "n": 400,
        "outlier_excluded": [
            352,
            353,
            261,
            262,
            390,
            74,
            334,
            175,
            337,
            340,
            309,
            121,
            282,
            219,
            283,
            382
        ],
        "reviewed": true,
        "user_excluded": [],
        "value": 0.004966251160425247
    },
    "Ar40": {
        "error": 0.02193269166614394,
        "error_type": "SD",
        "filter_outliers_dict": {
            "filter_outliers": true,
            "iterations": 1,
            "std_devs": 2,
            "use_standard_deviation_filtering": false
        },
        "fit": "Parabolic",
        "fn": 385,
        "include_baseline_error": false,
        "n": 400,
        "outlier_excluded": [
            32,
            257,
            170,
            266,
            77,
            110,
            302,
            399,
            210,
            179,
            212,
            338,
            253,
            381,
            383
        ],
        "reviewed": true,
        "user_excluded": [],
        "value": 3.395275097679911
    },
    "Ar41": {
        "error": 0.1361211236996024,
        "error_type": "SD",
        "filter_outliers_dict": {
            "filter_outliers": false,
            "iterations": 1,
            "std_devs": 1,
            "use_standard_deviation_filtering": false
        },
        "fit": "average_SEM",
        "value": 0.26018744752858763
    }
}