{
    "Ar36": {
        "error": 0.00015768286998453065,
        "error_type": "SD",
        "filter_outliers_dict": {
            "filter_outliers": true,
            "iterations": 1,
            "std_devs": 2,
            "use_standard_deviation_filtering": false
        },
        "fit": "Parabolic",
        "fn": 381,
        "include_baseline_error": false,
        "n": 400,
        "outlier_excluded": [
            384,
            289,
            259,
            164,
            197,
            293,
            299,
            364,
            141,
            301,
            395,
            112,
            399,
            274,
            372,
            151,
            152,
            154,
            223
        ],
        "reviewed": true,
        "user_excluded": [],
        "value": 0.0028518390059486887
    },
    "Ar37": {
        "error": 0.014703019083887365,
        "error_type": "SD",
        "filter_outliers_dict": {
            "filter_outliers": true,
            "iterations": 1,
            "std_devs": 2,
            "use_standard_deviation_filtering": false
        },
        "fit": "Linear",
        "fn": 383,
        "include_baseline_error": false,
        "n": 400,
        "outlier_excluded": [
            192,
            355,
            100,
            39,
            42,
            234,
            140,
            111,
            208,
            147,
            342,
            185,
            122,
            219,
            28,
            283,
            382
        ],
        "reviewed": true,
        "user_excluded": [],
        "value": 0.04106985524895097
    },
    "Ar38": {
        "error": 0.012057916563617925,
        "error_type": "SD",
        "filter_outliers_dict": {
            "filter_outliers": true,
            "iterations": 1,
            "std_devs": 2,
            "use_standard_deviation_filtering": false
        },
        "fit": "Linear",
        "fn": 382,
        "include_baseline_error": false,
        "n": 400,
        "outlier_excluded": [
            131,
            100,
            228,
            230,
            40,
            393,
            75,
            139,
            113,
            51,
            307,
            118,
            247,
            56,
            342,
            90,
            251,
            382
        ],
        "reviewed": true,
        "user_excluded": [],
        "value": -0.0671005236992937
    },
    "Ar39": {
        "error": 0.009883106336047059,
        "error_type": "SD",
        "filter_outliers_dict": {
            "filter_outliers": true,
            "iterations": 1,
            "std_devs": 2,
            "use_standard_deviation_filtering": false
        },
        "fit": "Parabolic",
        "fn": 382,
        "include_baseline_error": false,
        "n": 400,
        "outlier_excluded": [
            192,
            382,
            290,
            105,
            233,
            329,
            362,
            397,
            111,
            276,
            117,
            342,
            90,
            315,
            220,
            379,
            222,
            255
        ],
        "reviewed": true,
        "user_excluded": [],
        "value": -0.01365758599642581
    },
    "Ar40": {
        "error": 0.023203986413610878,
        "error_type": "SD",
        "filter_outliers_dict": {
            "filter_outliers": true,
            "iterations": 1,
            "std_devs": 2,
            "use_standard_deviation_filtering": false
        },
        "fit": "Parabolic",
        "fn": 382,
        "include_baseline_error": false,
        "n": 400,
        "outlier_excluded": [
            351,
            383,
            67,
            132,
            198,
            9,
            201,
            233,
            12,
            269,
            361,
            367,
            113,
            244,
            27,
            315,
            158,
            127
        ],
        "reviewed": true,
        "user_excluded": [],
        "value": 0.6167829459769849
    },
    "Ar41": {
        "error": 0.1331694461167617,
        "error_type": "SD",
        "filter_outliers_dict": {
            "filter_outliers": false,
            "iterations": 1,
            "std_devs": 1,
            "use_standard_deviation_filtering": false
        },
        "fit": "average_SEM",
        "value": 0.0012518861243734137
    }
}