{
    "Ar36": {
        "error": 0.0001914129204215986,
        "error_type": "SD",
        "filter_outliers_dict": {
            "filter_outliers": true,
            "iterations": 1,
            "std_devs": 2,
            "use_standard_deviation_filtering": false
        },
        "fit": "Parabolic",
        "fn": 381,
        "include_baseline_error": false,
        "n": 400,
        "outlier_excluded": [
            356,
            325,
            198,
            230,
            360,
            331,
            236,
            395,
            110,
            396,
            370,
            211,
            308,
            342,
            184,
            121,
            58,
            217,
            280
        ],
        "reviewed": true,
        "user_excluded": [],
        "value": 0.005989019702773079
    },
    "Ar37": {
        "error": 0.012954687385703599,
        "error_type": "SD",
        "filter_outliers_dict": {
            "filter_outliers": true,
            "iterations": 1,
            "std_devs": 2,
            "use_standard_deviation_filtering": false
        },
        "fit": "Linear",
        "fn": 378,
        "include_baseline_error": false,
        "n": 400,
        "outlier_excluded": [
            384,
            392,
            398,
            282,
            155,
            167,
            40,
            187,
            76,
            78,
            335,
            80,
            81,
            93,
            229,
            102,
            357,
            104,
            374,
            375,
            124,
            254
        ],
        "reviewed": true,
        "user_excluded": [],
        "value": 0.05692393518826982
    },
    "Ar38": {
        "error": 0.011374104451805277,
        "error_type": "SD",
        "filter_outliers_dict": {
            "filter_outliers": true,
            "iterations": 1,
            "std_devs": 2,
            "use_standard_deviation_filtering": false
        },
        "fit": "Linear",
        "fn": 380,
        "include_baseline_error": false,
        "n": 400,
        "outlier_excluded": [
            386,
            355,
            294,
            297,
            362,
            75,
            364,
            394,
            366,
            175,
            271,
            272,
            19,
            148,
            376,
            218,
            315,
            378,
            61,
            191
        ],
        "reviewed": true,
        "user_excluded": [],
        "value": -0.04260976848843257
    },
    "Ar39": {
        "error": 0.009853182769385866,
        "error_type": "SD",
        "filter_outliers_dict": {
            "filter_outliers": true,
            "iterations": 1,
            "std_devs": 2,
            "use_standard_deviation_filtering": false
        },
        "fit": "Parabolic",
        "fn": 379,
        "include_baseline_error": false,
        "n": 400,
        "outlier_excluded": [
            66,
            99,
            69,
            230,
            359,
            296,
            105,
            106,
            297,
            140,
            268,
            300,
            329,
            272,
            392,
            210,
            22,
            246,
            218,
            221,
            382
        ],
        "reviewed": true,
        "user_excluded": [],
        "value": -0.02279022911558868
    },
    "Ar40": {
        "error": 0.021369311885710392,
        "error_type": "SD",
        "filter_outliers_dict": {
            "filter_outliers": true,
            "iterations": 1,
            "std_devs": 2,
            "use_standard_deviation_filtering": false
        },
        "fit": "Parabolic",
        "fn": 382,
        "include_baseline_error": false,
        "n": 400,
        "outlier_excluded": [
            64,
            129,
            291,
            5,
            326,
            359,
            392,
            75,
            108,
            112,
            310,
            217,
            250,
            59,
            380,
            317,
            382,
            383
        ],
        "reviewed": true,
        "user_excluded": [],
        "value": 1.5556664788640147
    },
    "Ar41": {
        "error": 0.16507284681731355,
        "error_type": "SD",
        "filter_outliers_dict": {
            "filter_outliers": false,
            "iterations": 1,
            "std_devs": 1,
            "use_standard_deviation_filtering": false
        },
        "fit": "average_SEM",
        "value": 0.26178375601535664
    }
}