{
    "Ar36": {
        "error": 0.00016826899162890598,
        "error_type": "SD",
        "filter_outliers_dict": {
            "filter_outliers": true,
            "iterations": 1,
            "std_devs": 2,
            "use_standard_deviation_filtering": false
        },
        "fit": "Parabolic",
        "fn": 382,
        "include_baseline_error": false,
        "n": 400,
        "outlier_excluded": [
            96,
            352,
            134,
            294,
            327,
            390,
            107,
            235,
            269,
            299,
            271,
            242,
            212,
            151,
            378,
            92,
            318,
            287
        ],
        "reviewed": true,
        "user_excluded": [],
        "value": 0.0035113758724879896
    },
    "Ar37": {
        "error": 0.01267601333200434,
        "error_type": "SD",
        "filter_outliers_dict": {
            "filter_outliers": true,
            "iterations": 1,
            "std_devs": 2,
            "use_standard_deviation_filtering": false
        },
        "fit": "Linear",
        "fn": 379,
        "include_baseline_error": false,
        "n": 400,
        "outlier_excluded": [
            321,
            3,
            323,
            293,
            6,
            168,
            264,
            364,
            173,
            398,
            304,
            113,
            18,
            337,
            340,
            117,
            151,
            280,
            281,
            26,
            382
        ],
        "reviewed": true,
        "user_excluded": [],
        "value": 0.0431746174546801
    },
    "Ar38": {
        "error": 0.012325111198961394,
        "error_type": "SD",
        "filter_outliers_dict": {
            "filter_outliers": true,
            "iterations": 1,
            "std_devs": 2,
            "use_standard_deviation_filtering": false
        },
        "fit": "Linear",
        "fn": 385,
        "include_baseline_error": false,
        "n": 400,
        "outlier_excluded": [
            352,
            38,
            264,
            296,
            206,
            271,
            302,
            85,
            278,
            341,
            57,
            58,
            153,
            285,
            287
        ],
        "reviewed": true,
        "user_excluded": [],
        "value": -0.028698628750219213
    },
    "Ar39": {
        "error": 0.01022789225018046,
        "error_type": "SD",
        "filter_outliers_dict": {
            "filter_outliers": true,
            "iterations": 1,
            "std_devs": 2,
            "use_standard_deviation_filtering": false
        },
        "fit": "Parabolic",
        "fn": 383,
        "include_baseline_error": false,
        "n": 400,
        "outlier_excluded": [
            128,
            33,
            288,
            35,
            384,
            169,
            362,
            334,
            49,
            211,
            84,
            245,
            214,
            340,
            25,
            379,
            94
        ],
        "reviewed": true,
        "user_excluded": [],
        "value": 0.0034528402274045323
    },
    "Ar40": {
        "error": 0.02044081280172972,
        "error_type": "SD",
        "filter_outliers_dict": {
            "filter_outliers": true,
            "iterations": 1,
            "std_devs": 2,
            "use_standard_deviation_filtering": false
        },
        "fit": "Parabolic",
        "fn": 379,
        "include_baseline_error": false,
        "n": 400,
        "outlier_excluded": [
            384,
            97,
            67,
            99,
            165,
            228,
            39,
            231,
            329,
            357,
            139,
            299,
            388,
            48,
            144,
            338,
            246,
            25,
            316,
            61,
            223
        ],
        "reviewed": true,
        "user_excluded": [],
        "value": 0.7944716526862587
    },
    "Ar41": {
        "error": 0.15577278328648275,
        "error_type": "SD",
        "filter_outliers_dict": {
            "filter_outliers": false,
            "iterations": 1,
            "std_devs": 1,
            "use_standard_deviation_filtering": false
        },
        "fit": "average_SEM",
        "value": 0.25995042597955037
    }
}