{
    "Ar36": {
        "error": 0.000616824462832845,
        "error_type": "SD",
        "filter_outliers_dict": {
            "filter_outliers": true,
            "iterations": 1,
            "std_devs": 2,
            "use_standard_deviation_filtering": false
        },
        "fit": "Parabolic",
        "fn": 379,
        "include_baseline_error": false,
        "n": 400,
        "outlier_excluded": [
            351,
            352,
            162,
            36,
            5,
            37,
            231,
            232,
            108,
            172,
            46,
            175,
            273,
            147,
            372,
            54,
            249,
            347,
            348,
            30,
            127
        ],
        "reviewed": true,
        "user_excluded": [],
        "value": 0.09702743666579444
    },
    "Ar37": {
        "error": 0.012495134194310448,
        "error_type": "SD",
        "filter_outliers_dict": {
            "filter_outliers": true,
            "iterations": 1,
            "std_devs": 2,
            "use_standard_deviation_filtering": false
        },
        "fit": "Linear",
        "fn": 375,
        "include_baseline_error": false,
        "n": 400,
        "outlier_excluded": [
            135,
            391,
            393,
            10,
            394,
            17,
            27,
            32,
            163,
            42,
            49,
            306,
            310,
            198,
            71,
            76,
            209,
            211,
            340,
            214,
            87,
            353,
            230,
            111,
            246
        ],
        "reviewed": true,
        "user_excluded": [],
        "value": 0.04047096417517512
    },
    "Ar38": {
        "error": 0.012015056842580302,
        "error_type": "SD",
        "filter_outliers_dict": {
            "filter_outliers": true,
            "iterations": 1,
            "std_devs": 2,
            "use_standard_deviation_filtering": false
        },
        "fit": "Linear",
        "fn": 378,
        "include_baseline_error": false,
        "n": 400,
        "outlier_excluded": [
            5,
            390,
            8,
            267,
            271,
            272,
            32,
            167,
            178,
            180,
            64,
            330,
            203,
            204,
            334,
            208,
            213,
            87,
            343,
            97,
            245,
            124
        ],
        "reviewed": true,
        "user_excluded": [],
        "value": -0.032464583596979915
    },
    "Ar39": {
        "error": 0.00965533914847815,
        "error_type": "SD",
        "filter_outliers_dict": {
            "filter_outliers": true,
            "iterations": 1,
            "std_devs": 2,
            "use_standard_deviation_filtering": false
        },
        "fit": "Parabolic",
        "fn": 381,
        "include_baseline_error": false,
        "n": 400,
        "outlier_excluded": [
            1,
            322,
            291,
            68,
            5,
            102,
            359,
            361,
            44,
            268,
            144,
            177,
            336,
            372,
            342,
            55,
            279,
            219,
            251
        ],
        "reviewed": true,
        "user_excluded": [],
        "value": 0.015347071183424951
    },
    "Ar40": {
        "error": 0.025479260852405813,
        "error_type": "SD",
        "filter_outliers_dict": {
            "filter_outliers": true,
            "iterations": 1,
            "std_devs": 2,
            "use_standard_deviation_filtering": false
        },
        "fit": "Parabolic",
        "fn": 377,
        "include_baseline_error": false,
        "n": 400,
        "outlier_excluded": [
            128,
            127,
            258,
            6,
            265,
            152,
            285,
            287,
            163,
            292,
            39,
            300,
            178,
            194,
            324,
            348,
            102,
            364,
            365,
            242,
            379,
            253,
            255
        ],
        "reviewed": true,
        "user_excluded": [],
        "value": 29.6584198798694
    },
    "Ar41": {
        "error": 0.1376368204401251,
        "error_type": "SD",
        "filter_outliers_dict": {
            "filter_outliers": false,
            "iterations": 1,
            "std_devs": 1,
            "use_standard_deviation_filtering": false
        },
        "fit": "average_SEM",
        "value": 0.2645854829004384
    }
}