{
    "Ar36": {
        "error": 0.00025925689113138605,
        "error_type": "SD",
        "filter_outliers_dict": {
            "filter_outliers": true,
            "iterations": 1,
            "std_devs": 2,
            "use_standard_deviation_filtering": false
        },
        "fit": "Parabolic",
        "fn": 381,
        "include_baseline_error": false,
        "n": 400,
        "outlier_excluded": [
            65,
            291,
            357,
            266,
            107,
            204,
            365,
            335,
            17,
            178,
            211,
            307,
            213,
            246,
            278,
            281,
            27,
            187,
            318
        ],
        "reviewed": true,
        "user_excluded": [],
        "value": 0.012175913590650045
    },
    "Ar37": {
        "error": 0.01474959705552898,
        "error_type": "SD",
        "filter_outliers_dict": {
            "filter_outliers": true,
            "iterations": 1,
            "std_devs": 2,
            "use_standard_deviation_filtering": false
        },
        "fit": "Linear",
        "fn": 384,
        "include_baseline_error": false,
        "n": 400,
        "outlier_excluded": [
            0,
            97,
            258,
            318,
            295,
            265,
            20,
            244,
            54,
            312,
            313,
            315,
            60,
            92,
            124,
            252
        ],
        "reviewed": true,
        "user_excluded": [],
        "value": 0.03507591643686424
    },
    "Ar38": {
        "error": 0.01170979510800302,
        "error_type": "SD",
        "filter_outliers_dict": {
            "filter_outliers": true,
            "iterations": 1,
            "std_devs": 2,
            "use_standard_deviation_filtering": false
        },
        "fit": "Linear",
        "fn": 379,
        "include_baseline_error": false,
        "n": 400,
        "outlier_excluded": [
            161,
            98,
            321,
            322,
            387,
            38,
            102,
            105,
            201,
            361,
            362,
            269,
            238,
            301,
            273,
            83,
            84,
            147,
            246,
            250,
            159
        ],
        "reviewed": true,
        "user_excluded": [],
        "value": -0.048531003028193215
    },
    "Ar39": {
        "error": 0.010423445213581276,
        "error_type": "SD",
        "filter_outliers_dict": {
            "filter_outliers": true,
            "iterations": 1,
            "std_devs": 2,
            "use_standard_deviation_filtering": false
        },
        "fit": "Parabolic",
        "fn": 382,
        "include_baseline_error": false,
        "n": 400,
        "outlier_excluded": [
            100,
            134,
            104,
            168,
            10,
            107,
            395,
            271,
            176,
            20,
            180,
            22,
            341,
            24,
            27,
            252,
            221,
            286
        ],
        "reviewed": true,
        "user_excluded": [],
        "value": -0.022213547696097326
    },
    "Ar40": {
        "error": 0.02204743225348173,
        "error_type": "SD",
        "filter_outliers_dict": {
            "filter_outliers": true,
            "iterations": 1,
            "std_devs": 2,
            "use_standard_deviation_filtering": false
        },
        "fit": "Parabolic",
        "fn": 384,
        "include_baseline_error": false,
        "n": 400,
        "outlier_excluded": [
            97,
            195,
            100,
            101,
            227,
            103,
            292,
            267,
            19,
            245,
            184,
            154,
            218,
            60,
            285,
            349
        ],
        "reviewed": true,
        "user_excluded": [],
        "value": 3.493670501868125
    },
    "Ar41": {
        "error": 0.138137956429101,
        "error_type": "SD",
        "filter_outliers_dict": {
            "filter_outliers": false,
            "iterations": 1,
            "std_devs": 1,
            "use_standard_deviation_filtering": false
        },
        "fit": "average_SEM",
        "value": 0.25386090470827183
    }
}