{
    "Ar36": {
        "error": 0.00020110776648875502,
        "error_type": "SD",
        "filter_outliers_dict": {
            "filter_outliers": true,
            "iterations": 1,
            "std_devs": 2,
            "use_standard_deviation_filtering": false
        },
        "fit": "Parabolic",
        "fn": 380,
        "include_baseline_error": false,
        "n": 400,
        "outlier_excluded": [
            256,
            225,
            386,
            133,
            390,
            361,
            266,
            362,
            140,
            109,
            78,
            174,
            176,
            305,
            51,
            20,
            89,
            153,
            123,
            218
        ],
        "reviewed": true,
        "user_excluded": [],
        "value": 0.005816718434001942
    },
    "Ar37": {
        "error": 0.012242737856644275,
        "error_type": "SD",
        "filter_outliers_dict": {
            "filter_outliers": true,
            "iterations": 1,
            "std_devs": 2,
            "use_standard_deviation_filtering": false
        },
        "fit": "Linear",
        "fn": 375,
        "include_baseline_error": false,
        "n": 400,
        "outlier_excluded": [
            256,
            130,
            132,
            14,
            29,
            158,
            163,
            292,
            167,
            174,
            176,
            177,
            50,
            316,
            61,
            74,
            202,
            205,
            338,
            218,
            219,
            232,
            236,
            371,
            120
        ],
        "reviewed": true,
        "user_excluded": [],
        "value": 0.04344436103172989
    },
    "Ar38": {
        "error": 0.011280839961867385,
        "error_type": "SD",
        "filter_outliers_dict": {
            "filter_outliers": true,
            "iterations": 1,
            "std_devs": 2,
            "use_standard_deviation_filtering": false
        },
        "fit": "Linear",
        "fn": 386,
        "include_baseline_error": false,
        "n": 400,
        "outlier_excluded": [
            385,
            66,
            226,
            323,
            389,
            44,
            332,
            148,
            181,
            118,
            151,
            91,
            188,
            254
        ],
        "reviewed": true,
        "user_excluded": [],
        "value": -0.024925915566784026
    },
    "Ar39": {
        "error": 0.00915973065843726,
        "error_type": "SD",
        "filter_outliers_dict": {
            "filter_outliers": true,
            "iterations": 1,
            "std_devs": 2,
            "use_standard_deviation_filtering": false
        },
        "fit": "Parabolic",
        "fn": 383,
        "include_baseline_error": false,
        "n": 400,
        "outlier_excluded": [
            229,
            38,
            358,
            202,
            303,
            305,
            210,
            83,
            276,
            308,
            22,
            183,
            375,
            249,
            377,
            62,
            30
        ],
        "reviewed": true,
        "user_excluded": [],
        "value": -0.0007776698016298852
    },
    "Ar40": {
        "error": 0.021743907994039458,
        "error_type": "SD",
        "filter_outliers_dict": {
            "filter_outliers": true,
            "iterations": 1,
            "std_devs": 2,
            "use_standard_deviation_filtering": false
        },
        "fit": "Parabolic",
        "fn": 379,
        "include_baseline_error": false,
        "n": 400,
        "outlier_excluded": [
            96,
            1,
            34,
            322,
            389,
            262,
            104,
            107,
            332,
            111,
            16,
            49,
            116,
            149,
            278,
            89,
            122,
            91,
            378,
            189,
            255
        ],
        "reviewed": true,
        "user_excluded": [],
        "value": 1.643082376618585
    },
    "Ar41": {
        "error": 0.1556164481587971,
        "error_type": "SD",
        "filter_outliers_dict": {
            "filter_outliers": false,
            "iterations": 1,
            "std_devs": 1,
            "use_standard_deviation_filtering": false
        },
        "fit": "average_SEM",
        "value": 0.2733177302918921
    }
}