{
    "Ar36": {
        "error": 0.00017883573023822917,
        "error_type": "SD",
        "filter_outliers_dict": {
            "filter_outliers": true,
            "iterations": 1,
            "std_devs": 2,
            "use_standard_deviation_filtering": false
        },
        "fit": "Parabolic",
        "fn": 383,
        "include_baseline_error": false,
        "n": 400,
        "outlier_excluded": [
            383,
            194,
            263,
            169,
            202,
            394,
            396,
            205,
            52,
            181,
            85,
            55,
            246,
            279,
            341,
            158,
            318
        ],
        "reviewed": true,
        "user_excluded": [],
        "value": 0.0029832857221356287
    },
    "Ar37": {
        "error": 0.013580897176140345,
        "error_type": "SD",
        "filter_outliers_dict": {
            "filter_outliers": true,
            "iterations": 1,
            "std_devs": 2,
            "use_standard_deviation_filtering": false
        },
        "fit": "Linear",
        "fn": 384,
        "include_baseline_error": false,
        "n": 400,
        "outlier_excluded": [
            130,
            354,
            164,
            260,
            198,
            397,
            398,
            369,
            372,
            341,
            22,
            342,
            24,
            89,
            58,
            184
        ],
        "reviewed": true,
        "user_excluded": [],
        "value": 0.07380357134409284
    },
    "Ar38": {
        "error": 0.011583951295782253,
        "error_type": "SD",
        "filter_outliers_dict": {
            "filter_outliers": true,
            "iterations": 1,
            "std_devs": 2,
            "use_standard_deviation_filtering": false
        },
        "fit": "Linear",
        "fn": 378,
        "include_baseline_error": false,
        "n": 400,
        "outlier_excluded": [
            256,
            395,
            144,
            145,
            19,
            152,
            153,
            154,
            281,
            284,
            161,
            171,
            172,
            50,
            60,
            189,
            215,
            347,
            234,
            246,
            123,
            380
        ],
        "reviewed": true,
        "user_excluded": [],
        "value": -0.02963965363756639
    },
    "Ar39": {
        "error": 0.010754830022509078,
        "error_type": "SD",
        "filter_outliers_dict": {
            "filter_outliers": true,
            "iterations": 1,
            "std_devs": 2,
            "use_standard_deviation_filtering": false
        },
        "fit": "Parabolic",
        "fn": 381,
        "include_baseline_error": false,
        "n": 400,
        "outlier_excluded": [
            192,
            4,
            6,
            201,
            300,
            141,
            110,
            269,
            80,
            335,
            114,
            339,
            118,
            87,
            24,
            25,
            313,
            28,
            349
        ],
        "reviewed": true,
        "user_excluded": [],
        "value": -0.004191006403649951
    },
    "Ar40": {
        "error": 0.022419813280091558,
        "error_type": "SD",
        "filter_outliers_dict": {
            "filter_outliers": true,
            "iterations": 1,
            "std_devs": 2,
            "use_standard_deviation_filtering": false
        },
        "fit": "Parabolic",
        "fn": 380,
        "include_baseline_error": false,
        "n": 400,
        "outlier_excluded": [
            384,
            328,
            202,
            140,
            45,
            396,
            47,
            112,
            49,
            398,
            22,
            214,
            56,
            281,
            90,
            282,
            310,
            315,
            377,
            191
        ],
        "reviewed": true,
        "user_excluded": [],
        "value": 0.709906954600318
    },
    "Ar41": {
        "error": 0.14935374684696703,
        "error_type": "SD",
        "filter_outliers_dict": {
            "filter_outliers": false,
            "iterations": 1,
            "std_devs": 1,
            "use_standard_deviation_filtering": false
        },
        "fit": "average_SEM",
        "value": 0.25539540808153105
    }
}