{
    "Ar36": {
        "error": 0.0001153400913213872,
        "error_type": "SEM",
        "filter_outliers_dict": {
            "filter_outliers": true,
            "iterations": 1,
            "std_devs": 2,
            "use_standard_deviation_filtering": false
        },
        "fit": "Parabolic",
        "fn": 377,
        "include_baseline_error": false,
        "n": 400,
        "outlier_excluded": [
            388,
            134,
            139,
            141,
            143,
            284,
            287,
            290,
            295,
            318,
            190,
            323,
            348,
            221,
            351,
            355,
            363,
            238,
            241,
            243,
            373,
            246,
            379
        ],
        "reviewed": true,
        "user_excluded": [],
        "value": 0.001199384232796709
    },
    "Ar37": {
        "error": 0.012354972339931136,
        "error_type": "SEM",
        "filter_outliers_dict": {
            "filter_outliers": true,
            "iterations": 1,
            "std_devs": 2,
            "use_standard_deviation_filtering": false
        },
        "fit": "Linear",
        "fn": 380,
        "include_baseline_error": false,
        "n": 400,
        "outlier_excluded": [
            65,
            225,
            227,
            68,
            100,
            38,
            7,
            107,
            331,
            269,
            396,
            399,
            113,
            373,
            23,
            249,
            281,
            91,
            345,
            348
        ],
        "reviewed": true,
        "user_excluded": [],
        "value": 0.050462916873224344
    },
    "Ar38": {
        "error": 0.012196079917907582,
        "error_type": "SEM",
        "filter_outliers_dict": {
            "filter_outliers": true,
            "iterations": 1,
            "std_devs": 2,
            "use_standard_deviation_filtering": false
        },
        "fit": "Linear",
        "fn": 378,
        "include_baseline_error": false,
        "n": 400,
        "outlier_excluded": [
            258,
            153,
            29,
            160,
            40,
            42,
            299,
            301,
            50,
            184,
            312,
            328,
            203,
            81,
            84,
            230,
            360,
            106,
            241,
            247,
            254,
            382
        ],
        "reviewed": true,
        "user_excluded": [],
        "value": -0.1550388548518083
    },
    "Ar39": {
        "error": 0.017213936594451206,
        "error_type": "SEM",
        "filter_outliers_dict": {
            "filter_outliers": true,
            "iterations": 1,
            "std_devs": 2,
            "use_standard_deviation_filtering": false
        },
        "fit": "Parabolic",
        "fn": 380,
        "include_baseline_error": false,
        "n": 400,
        "outlier_excluded": [
            0,
            128,
            352,
            131,
            103,
            40,
            169,
            74,
            298,
            362,
            207,
            337,
            114,
            116,
            21,
            340,
            341,
            281,
            156,
            31
        ],
        "reviewed": true,
        "user_excluded": [],
        "value": -0.004039826465980207
    },
    "Ar40": {
        "error": 0.020176706699543006,
        "error_type": "SEM",
        "filter_outliers_dict": {
            "filter_outliers": true,
            "iterations": 1,
            "std_devs": 2,
            "use_standard_deviation_filtering": false
        },
        "fit": "Parabolic",
        "fn": 380,
        "include_baseline_error": false,
        "n": 400,
        "outlier_excluded": [
            65,
            226,
            99,
            228,
            387,
            6,
            9,
            298,
            11,
            364,
            394,
            143,
            303,
            81,
            274,
            307,
            339,
            367,
            399,
            285
        ],
        "reviewed": true,
        "user_excluded": [],
        "value": 0.3369183696228048
    },
    "Ar41": {
        "error": 0.006022962353443947,
        "error_type": "SEM",
        "filter_outliers_dict": {
            "filter_outliers": true,
            "iterations": 1,
            "std_devs": 2,
            "use_standard_deviation_filtering": false
        },
        "fit": "average",
        "value": 0.21136801916569917
    }
}