{
    "Ar36": {
        "error": 0.00015352374834378532,
        "error_type": "SEM",
        "filter_outliers_dict": {
            "filter_outliers": true,
            "iterations": 1,
            "std_devs": 2,
            "use_standard_deviation_filtering": false
        },
        "fit": "Parabolic",
        "fn": 383,
        "include_baseline_error": false,
        "n": 400,
        "outlier_excluded": [
            159,
            321,
            355,
            229,
            263,
            367,
            51,
            147,
            245,
            275,
            342,
            313,
            346,
            379,
            316,
            380,
            255
        ],
        "reviewed": true,
        "user_excluded": [],
        "value": 0.004465326960266901
    },
    "Ar37": {
        "error": 0.012454945437308004,
        "error_type": "SEM",
        "filter_outliers_dict": {
            "filter_outliers": true,
            "iterations": 1,
            "std_devs": 2,
            "use_standard_deviation_filtering": false
        },
        "fit": "Linear",
        "fn": 384,
        "include_baseline_error": false,
        "n": 400,
        "outlier_excluded": [
            0,
            33,
            2,
            163,
            259,
            230,
            107,
            13,
            79,
            214,
            374,
            249,
            250,
            187,
            92,
            281
        ],
        "reviewed": true,
        "user_excluded": [],
        "value": 0.04067982918519017
    },
    "Ar38": {
        "error": 0.012502922577327751,
        "error_type": "SEM",
        "filter_outliers_dict": {
            "filter_outliers": true,
            "iterations": 1,
            "std_devs": 2,
            "use_standard_deviation_filtering": false
        },
        "fit": "Linear",
        "fn": 377,
        "include_baseline_error": false,
        "n": 400,
        "outlier_excluded": [
            386,
            392,
            15,
            272,
            291,
            293,
            168,
            170,
            44,
            308,
            311,
            184,
            188,
            63,
            64,
            351,
            96,
            353,
            228,
            236,
            241,
            379,
            380
        ],
        "reviewed": true,
        "user_excluded": [],
        "value": 0.6352581739073486
    },
    "Ar39": {
        "error": 0.02975662321241938,
        "error_type": "SEM",
        "filter_outliers_dict": {
            "filter_outliers": true,
            "iterations": 1,
            "std_devs": 2,
            "use_standard_deviation_filtering": false
        },
        "fit": "Parabolic",
        "fn": 383,
        "include_baseline_error": false,
        "n": 400,
        "outlier_excluded": [
            32,
            161,
            351,
            163,
            36,
            391,
            392,
            206,
            207,
            306,
            370,
            276,
            85,
            215,
            279,
            375,
            287
        ],
        "reviewed": true,
        "user_excluded": [],
        "value": 64.41859784758088
    },
    "Ar40": {
        "error": 0.020871894557999798,
        "error_type": "SEM",
        "filter_outliers_dict": {
            "filter_outliers": true,
            "iterations": 1,
            "std_devs": 2,
            "use_standard_deviation_filtering": false
        },
        "fit": "Parabolic",
        "fn": 385,
        "include_baseline_error": false,
        "n": 400,
        "outlier_excluded": [
            131,
            4,
            37,
            100,
            292,
            294,
            9,
            362,
            300,
            45,
            274,
            117,
            377,
            59,
            157
        ],
        "reviewed": true,
        "user_excluded": [],
        "value": 12.223707247512593
    },
    "Ar41": {
        "error": 0.005779501390273171,
        "error_type": "SEM",
        "filter_outliers_dict": {
            "filter_outliers": true,
            "iterations": 1,
            "std_devs": 2,
            "use_standard_deviation_filtering": false
        },
        "fit": "average",
        "value": -0.0631377281467642
    }
}