{
    "Ar36": {
        "error": 0.00024045147414688607,
        "error_type": "SD",
        "filter_outliers_dict": {
            "filter_outliers": true,
            "iterations": 1,
            "std_devs": 2,
            "use_standard_deviation_filtering": false
        },
        "fit": "Parabolic",
        "fn": 378,
        "include_baseline_error": false,
        "n": 400,
        "outlier_excluded": [
            0,
            384,
            2,
            387,
            390,
            398,
            279,
            290,
            291,
            296,
            176,
            177,
            306,
            79,
            80,
            336,
            348,
            352,
            104,
            374,
            122,
            383
        ],
        "reviewed": true,
        "user_excluded": [],
        "value": 0.012317418033151294
    },
    "Ar37": {
        "error": 0.013089341027560373,
        "error_type": "SD",
        "filter_outliers_dict": {
            "filter_outliers": true,
            "iterations": 1,
            "std_devs": 2,
            "use_standard_deviation_filtering": false
        },
        "fit": "Linear",
        "fn": 382,
        "include_baseline_error": false,
        "n": 400,
        "outlier_excluded": [
            224,
            161,
            290,
            317,
            354,
            355,
            198,
            357,
            359,
            384,
            50,
            181,
            310,
            341,
            184,
            125,
            126,
            191
        ],
        "reviewed": true,
        "user_excluded": [],
        "value": 0.025015454293151447
    },
    "Ar38": {
        "error": 0.018343061820412065,
        "error_type": "SD",
        "filter_outliers_dict": {
            "filter_outliers": true,
            "iterations": 1,
            "std_devs": 2,
            "use_standard_deviation_filtering": false
        },
        "fit": "Linear",
        "fn": 385,
        "include_baseline_error": false,
        "n": 400,
        "outlier_excluded": [
            164,
            228,
            170,
            298,
            44,
            269,
            363,
            364,
            49,
            210,
            309,
            23,
            24,
            343,
            155
        ],
        "reviewed": true,
        "user_excluded": [],
        "value": 0.36047144187603686
    },
    "Ar39": {
        "error": 0.012312487430875318,
        "error_type": "SD",
        "filter_outliers_dict": {
            "filter_outliers": true,
            "iterations": 1,
            "std_devs": 2,
            "use_standard_deviation_filtering": false
        },
        "fit": "Parabolic",
        "fn": 385,
        "include_baseline_error": false,
        "n": 400,
        "outlier_excluded": [
            0,
            224,
            322,
            196,
            101,
            103,
            41,
            137,
            297,
            140,
            143,
            272,
            116,
            214,
            57
        ],
        "reviewed": true,
        "user_excluded": [],
        "value": 33.140949990876635
    },
    "Ar40": {
        "error": 0.019850307633118732,
        "error_type": "SD",
        "filter_outliers_dict": {
            "filter_outliers": true,
            "iterations": 1,
            "std_devs": 2,
            "use_standard_deviation_filtering": false
        },
        "fit": "Parabolic",
        "fn": 376,
        "include_baseline_error": false,
        "n": 400,
        "outlier_excluded": [
            132,
            261,
            18,
            22,
            151,
            279,
            284,
            289,
            51,
            179,
            193,
            66,
            201,
            92,
            350,
            99,
            359,
            238,
            239,
            116,
            244,
            375,
            248,
            250
        ],
        "reviewed": true,
        "user_excluded": [],
        "value": 9.163086810093205
    },
    "Ar41": {
        "error": 0.12119629101947534,
        "error_type": "SD",
        "filter_outliers_dict": {
            "filter_outliers": false,
            "iterations": 1,
            "std_devs": 1,
            "use_standard_deviation_filtering": false
        },
        "fit": "average_SEM",
        "value": -0.012910113350662868
    }
}