{
    "Ar36": {
        "error": 0.00023872607156537028,
        "error_type": "SD",
        "filter_outliers_dict": {
            "filter_outliers": true,
            "iterations": 1,
            "std_devs": 2,
            "use_standard_deviation_filtering": false
        },
        "fit": "Parabolic",
        "fn": 379,
        "include_baseline_error": false,
        "n": 400,
        "outlier_excluded": [
            355,
            390,
            329,
            10,
            171,
            172,
            203,
            14,
            238,
            208,
            300,
            18,
            332,
            84,
            341,
            182,
            373,
            248,
            27,
            156,
            95
        ],
        "reviewed": true,
        "user_excluded": [],
        "value": 0.012285433598409192
    },
    "Ar37": {
        "error": 0.013190045329862007,
        "error_type": "SD",
        "filter_outliers_dict": {
            "filter_outliers": true,
            "iterations": 1,
            "std_devs": 2,
            "use_standard_deviation_filtering": false
        },
        "fit": "Linear",
        "fn": 383,
        "include_baseline_error": false,
        "n": 400,
        "outlier_excluded": [
            96,
            385,
            355,
            294,
            199,
            168,
            295,
            330,
            238,
            207,
            399,
            148,
            153,
            59,
            60,
            251,
            255
        ],
        "reviewed": true,
        "user_excluded": [],
        "value": 0.03115498801061622
    },
    "Ar38": {
        "error": 0.01707893635701566,
        "error_type": "SD",
        "filter_outliers_dict": {
            "filter_outliers": true,
            "iterations": 1,
            "std_devs": 2,
            "use_standard_deviation_filtering": false
        },
        "fit": "Linear",
        "fn": 386,
        "include_baseline_error": false,
        "n": 400,
        "outlier_excluded": [
            258,
            327,
            72,
            168,
            329,
            393,
            14,
            79,
            78,
            49,
            336,
            309,
            315,
            29
        ],
        "reviewed": true,
        "user_excluded": [],
        "value": 0.20452711144403488
    },
    "Ar39": {
        "error": 0.010325378445863323,
        "error_type": "SD",
        "filter_outliers_dict": {
            "filter_outliers": true,
            "iterations": 1,
            "std_devs": 2,
            "use_standard_deviation_filtering": false
        },
        "fit": "Parabolic",
        "fn": 379,
        "include_baseline_error": false,
        "n": 400,
        "outlier_excluded": [
            66,
            294,
            327,
            361,
            138,
            266,
            108,
            236,
            174,
            47,
            80,
            112,
            242,
            270,
            307,
            364,
            214,
            90,
            253,
            222,
            286
        ],
        "reviewed": true,
        "user_excluded": [],
        "value": 22.02946678952136
    },
    "Ar40": {
        "error": 0.022379758381700206,
        "error_type": "SD",
        "filter_outliers_dict": {
            "filter_outliers": true,
            "iterations": 1,
            "std_devs": 2,
            "use_standard_deviation_filtering": false
        },
        "fit": "Parabolic",
        "fn": 383,
        "include_baseline_error": false,
        "n": 400,
        "outlier_excluded": [
            64,
            161,
            2,
            226,
            69,
            70,
            357,
            394,
            43,
            303,
            16,
            305,
            283,
            347,
            157,
            221,
            379
        ],
        "reviewed": true,
        "user_excluded": [],
        "value": 7.518509737582248
    },
    "Ar41": {
        "error": 0.1730560305044219,
        "error_type": "SD",
        "filter_outliers_dict": {
            "filter_outliers": false,
            "iterations": 1,
            "std_devs": 1,
            "use_standard_deviation_filtering": false
        },
        "fit": "average_SEM",
        "value": 0.17993626685834896
    }
}