{
    "Ar36": {
        "error": 0.00022800719010012267,
        "error_type": "SD",
        "filter_outliers_dict": {
            "filter_outliers": true,
            "iterations": 1,
            "std_devs": 2,
            "use_standard_deviation_filtering": false
        },
        "fit": "Parabolic",
        "fn": 380,
        "include_baseline_error": false,
        "n": 400,
        "outlier_excluded": [
            2,
            132,
            196,
            358,
            264,
            169,
            296,
            331,
            399,
            179,
            244,
            149,
            181,
            342,
            184,
            343,
            250,
            284,
            125,
            383
        ],
        "reviewed": true,
        "user_excluded": [],
        "value": 0.009467768872896288
    },
    "Ar37": {
        "error": 0.013179800100125013,
        "error_type": "SD",
        "filter_outliers_dict": {
            "filter_outliers": true,
            "iterations": 1,
            "std_devs": 2,
            "use_standard_deviation_filtering": false
        },
        "fit": "Linear",
        "fn": 381,
        "include_baseline_error": false,
        "n": 400,
        "outlier_excluded": [
            227,
            260,
            71,
            265,
            394,
            107,
            173,
            174,
            302,
            399,
            50,
            210,
            340,
            86,
            280,
            314,
            380,
            125,
            383
        ],
        "reviewed": true,
        "user_excluded": [],
        "value": 0.012105460919894444
    },
    "Ar38": {
        "error": 0.01671957640630836,
        "error_type": "SD",
        "filter_outliers_dict": {
            "filter_outliers": true,
            "iterations": 1,
            "std_devs": 2,
            "use_standard_deviation_filtering": false
        },
        "fit": "Linear",
        "fn": 384,
        "include_baseline_error": false,
        "n": 400,
        "outlier_excluded": [
            33,
            66,
            129,
            257,
            390,
            297,
            361,
            235,
            140,
            174,
            50,
            212,
            250,
            155,
            316,
            127
        ],
        "reviewed": true,
        "user_excluded": [],
        "value": 0.16806179124517096
    },
    "Ar39": {
        "error": 0.010950736728660175,
        "error_type": "SD",
        "filter_outliers_dict": {
            "filter_outliers": true,
            "iterations": 1,
            "std_devs": 2,
            "use_standard_deviation_filtering": false
        },
        "fit": "Parabolic",
        "fn": 387,
        "include_baseline_error": false,
        "n": 400,
        "outlier_excluded": [
            383,
            259,
            37,
            43,
            84,
            181,
            340,
            216,
            249,
            154,
            156,
            316,
            191
        ],
        "reviewed": true,
        "user_excluded": [],
        "value": 17.198287572086873
    },
    "Ar40": {
        "error": 0.022423571051927882,
        "error_type": "SD",
        "filter_outliers_dict": {
            "filter_outliers": true,
            "iterations": 1,
            "std_devs": 2,
            "use_standard_deviation_filtering": false
        },
        "fit": "Parabolic",
        "fn": 383,
        "include_baseline_error": false,
        "n": 400,
        "outlier_excluded": [
            193,
            2,
            259,
            353,
            6,
            39,
            8,
            40,
            326,
            43,
            77,
            177,
            178,
            273,
            182,
            89,
            318
        ],
        "reviewed": true,
        "user_excluded": [],
        "value": 5.6040316239663
    },
    "Ar41": {
        "error": 0.13442437447832578,
        "error_type": "SD",
        "filter_outliers_dict": {
            "filter_outliers": false,
            "iterations": 1,
            "std_devs": 1,
            "use_standard_deviation_filtering": false
        },
        "fit": "average_SEM",
        "value": 0.2532425065352436
    }
}