{
    "Ar36": {
        "error": 0.00013844744226622073,
        "error_type": "SEM",
        "filter_outliers_dict": {
            "filter_outliers": true,
            "iterations": 1,
            "std_devs": 2,
            "use_standard_deviation_filtering": false
        },
        "fit": "Parabolic",
        "fn": 570,
        "include_baseline_error": false,
        "n": 600,
        "outlier_excluded": [
            512,
            1,
            519,
            524,
            528,
            530,
            537,
            538,
            291,
            419,
            38,
            303,
            438,
            187,
            575,
            576,
            193,
            453,
            582,
            457,
            208,
            84,
            472,
            224,
            480,
            231,
            362,
            367,
            374,
            379
        ],
        "reviewed": true,
        "user_excluded": [],
        "value": 0.004612131696843444
    },
    "Ar37": {
        "error": 0.010466099090303552,
        "error_type": "SEM",
        "filter_outliers_dict": {
            "filter_outliers": true,
            "iterations": 1,
            "std_devs": 2,
            "use_standard_deviation_filtering": false
        },
        "fit": "Linear",
        "fn": 570,
        "include_baseline_error": false,
        "n": 600,
        "outlier_excluded": [
            385,
            258,
            132,
            133,
            6,
            520,
            138,
            143,
            17,
            402,
            279,
            546,
            555,
            428,
            175,
            304,
            50,
            178,
            564,
            58,
            315,
            570,
            70,
            337,
            211,
            102,
            236,
            505,
            126,
            510
        ],
        "reviewed": true,
        "user_excluded": [],
        "value": 0.02931720798972067
    },
    "Ar38": {
        "error": 0.009252753869775936,
        "error_type": "SEM",
        "filter_outliers_dict": {
            "filter_outliers": true,
            "iterations": 1,
            "std_devs": 2,
            "use_standard_deviation_filtering": false
        },
        "fit": "Linear",
        "fn": 572,
        "include_baseline_error": false,
        "n": 600,
        "outlier_excluded": [
            0,
            6,
            522,
            16,
            17,
            276,
            21,
            278,
            406,
            281,
            284,
            159,
            306,
            51,
            52,
            312,
            192,
            576,
            79,
            467,
            217,
            92,
            97,
            488,
            237,
            112,
            370,
            371
        ],
        "reviewed": true,
        "user_excluded": [],
        "value": -0.10885166703581631
    },
    "Ar39": {
        "error": 0.015112914229511979,
        "error_type": "SEM",
        "filter_outliers_dict": {
            "filter_outliers": true,
            "iterations": 1,
            "std_devs": 2,
            "use_standard_deviation_filtering": false
        },
        "fit": "Parabolic",
        "fn": 568,
        "include_baseline_error": false,
        "n": 600,
        "outlier_excluded": [
            515,
            132,
            396,
            524,
            17,
            534,
            536,
            282,
            155,
            284,
            159,
            36,
            555,
            302,
            305,
            306,
            51,
            52,
            308,
            59,
            61,
            62,
            191,
            66,
            194,
            451,
            583,
            75,
            206,
            219,
            372,
            119
        ],
        "reviewed": true,
        "user_excluded": [],
        "value": 4.393139817432939
    },
    "Ar40": {
        "error": 0.015247422669600623,
        "error_type": "SEM",
        "filter_outliers_dict": {
            "filter_outliers": true,
            "iterations": 1,
            "std_devs": 2,
            "use_standard_deviation_filtering": false
        },
        "fit": "Parabolic",
        "fn": 574,
        "include_baseline_error": false,
        "n": 600,
        "outlier_excluded": [
            256,
            257,
            259,
            263,
            264,
            270,
            401,
            534,
            41,
            425,
            553,
            429,
            191,
            65,
            67,
            580,
            206,
            207,
            211,
            212,
            352,
            353,
            362,
            368,
            504,
            122
        ],
        "reviewed": true,
        "user_excluded": [],
        "value": 1.71456559938599
    },
    "Ar41": {
        "error": 0.0045933991913589154,
        "error_type": "SEM",
        "filter_outliers_dict": {
            "filter_outliers": true,
            "iterations": 1,
            "std_devs": 2,
            "use_standard_deviation_filtering": false
        },
        "fit": "average",
        "value": -0.04731273446726947
    }
}