{
    "Ar36": {
        "error": 0.00018109949333179953,
        "error_type": "SEM",
        "filter_outliers_dict": {
            "filter_outliers": true,
            "iterations": 1,
            "std_devs": 2,
            "use_standard_deviation_filtering": false
        },
        "fit": "Parabolic",
        "fn": 571,
        "include_baseline_error": false,
        "n": 600,
        "outlier_excluded": [
            134,
            395,
            523,
            269,
            400,
            276,
            408,
            282,
            410,
            411,
            416,
            546,
            419,
            549,
            300,
            436,
            571,
            448,
            321,
            322,
            328,
            586,
            594,
            467,
            471,
            352,
            371,
            245,
            383
        ],
        "reviewed": true,
        "user_excluded": [],
        "value": 0.0049068761608083555
    },
    "Ar37": {
        "error": 0.00927262239731911,
        "error_type": "SEM",
        "filter_outliers_dict": {
            "filter_outliers": true,
            "iterations": 1,
            "std_devs": 2,
            "use_standard_deviation_filtering": false
        },
        "fit": "Linear",
        "fn": 564,
        "include_baseline_error": false,
        "n": 600,
        "outlier_excluded": [
            511,
            131,
            391,
            521,
            394,
            12,
            17,
            273,
            275,
            401,
            149,
            22,
            23,
            292,
            553,
            44,
            556,
            302,
            563,
            308,
            53,
            182,
            309,
            437,
            565,
            317,
            191,
            577,
            326,
            587,
            77,
            85,
            86,
            489,
            495,
            255
        ],
        "reviewed": true,
        "user_excluded": [],
        "value": 0.08879343886815823
    },
    "Ar38": {
        "error": 0.012974615316954652,
        "error_type": "SEM",
        "filter_outliers_dict": {
            "filter_outliers": true,
            "iterations": 1,
            "std_devs": 2,
            "use_standard_deviation_filtering": false
        },
        "fit": "Linear",
        "fn": 577,
        "include_baseline_error": false,
        "n": 600,
        "outlier_excluded": [
            517,
            16,
            536,
            30,
            548,
            555,
            432,
            50,
            178,
            315,
            62,
            320,
            583,
            332,
            337,
            212,
            95,
            106,
            491,
            236,
            498,
            374,
            125
        ],
        "reviewed": true,
        "user_excluded": [],
        "value": 0.07688281584731513
    },
    "Ar39": {
        "error": 0.017276586294096518,
        "error_type": "SEM",
        "filter_outliers_dict": {
            "filter_outliers": true,
            "iterations": 1,
            "std_devs": 2,
            "use_standard_deviation_filtering": false
        },
        "fit": "Parabolic",
        "fn": 576,
        "include_baseline_error": false,
        "n": 600,
        "outlier_excluded": [
            389,
            266,
            268,
            269,
            532,
            21,
            23,
            29,
            287,
            290,
            291,
            167,
            300,
            439,
            58,
            61,
            191,
            65,
            358,
            486,
            362,
            378,
            506,
            509
        ],
        "reviewed": true,
        "user_excluded": [],
        "value": 20.811422783799248
    },
    "Ar40": {
        "error": 0.020078805304301728,
        "error_type": "SEM",
        "filter_outliers_dict": {
            "filter_outliers": true,
            "iterations": 1,
            "std_devs": 2,
            "use_standard_deviation_filtering": false
        },
        "fit": "Parabolic",
        "fn": 571,
        "include_baseline_error": false,
        "n": 600,
        "outlier_excluded": [
            0,
            4,
            519,
            137,
            140,
            16,
            18,
            533,
            26,
            161,
            425,
            432,
            439,
            196,
            586,
            592,
            596,
            341,
            470,
            215,
            597,
            473,
            90,
            219,
            598,
            99,
            488,
            490,
            501
        ],
        "reviewed": true,
        "user_excluded": [],
        "value": 2.805348486236893
    },
    "Ar41": {
        "error": 0.0046141959500503775,
        "error_type": "SEM",
        "filter_outliers_dict": {
            "filter_outliers": true,
            "iterations": 1,
            "std_devs": 2,
            "use_standard_deviation_filtering": false
        },
        "fit": "average",
        "value": -0.04298690773256983
    }
}