{
    "Ar36": {
        "error": 0.00016138633268067935,
        "error_type": "SEM",
        "filter_outliers_dict": {
            "filter_outliers": true,
            "iterations": 1,
            "std_devs": 2,
            "use_standard_deviation_filtering": false
        },
        "fit": "Parabolic",
        "fn": 573,
        "include_baseline_error": false,
        "n": 600,
        "outlier_excluded": [
            387,
            388,
            522,
            400,
            402,
            22,
            284,
            417,
            547,
            555,
            428,
            305,
            62,
            576,
            452,
            582,
            460,
            340,
            597,
            343,
            480,
            490,
            107,
            496,
            241,
            243,
            382
        ],
        "reviewed": true,
        "user_excluded": [],
        "value": 0.004562212800103469
    },
    "Ar37": {
        "error": 0.010135065763264988,
        "error_type": "SEM",
        "filter_outliers_dict": {
            "filter_outliers": true,
            "iterations": 1,
            "std_devs": 2,
            "use_standard_deviation_filtering": false
        },
        "fit": "Linear",
        "fn": 575,
        "include_baseline_error": false,
        "n": 600,
        "outlier_excluded": [
            5,
            7,
            137,
            395,
            277,
            281,
            155,
            539,
            40,
            427,
            428,
            173,
            560,
            53,
            58,
            575,
            461,
            86,
            87,
            95,
            96,
            485,
            105,
            251,
            252
        ],
        "reviewed": true,
        "user_excluded": [],
        "value": 0.05056067050500648
    },
    "Ar38": {
        "error": 0.00848978525123544,
        "error_type": "SEM",
        "filter_outliers_dict": {
            "filter_outliers": true,
            "iterations": 1,
            "std_devs": 2,
            "use_standard_deviation_filtering": false
        },
        "fit": "Linear",
        "fn": 562,
        "include_baseline_error": false,
        "n": 600,
        "outlier_excluded": [
            511,
            2,
            7,
            392,
            139,
            399,
            528,
            18,
            147,
            276,
            402,
            534,
            23,
            539,
            412,
            160,
            172,
            559,
            432,
            561,
            180,
            193,
            326,
            327,
            584,
            202,
            203,
            590,
            591,
            212,
            214,
            344,
            480,
            98,
            233,
            489,
            363,
            127
        ],
        "reviewed": true,
        "user_excluded": [],
        "value": -0.08105685605372817
    },
    "Ar39": {
        "error": 0.01485493856630981,
        "error_type": "SEM",
        "filter_outliers_dict": {
            "filter_outliers": true,
            "iterations": 1,
            "std_devs": 2,
            "use_standard_deviation_filtering": false
        },
        "fit": "Parabolic",
        "fn": 571,
        "include_baseline_error": false,
        "n": 600,
        "outlier_excluded": [
            266,
            270,
            526,
            273,
            274,
            533,
            534,
            287,
            288,
            417,
            546,
            48,
            432,
            184,
            188,
            318,
            447,
            449,
            200,
            586,
            203,
            465,
            91,
            478,
            358,
            494,
            368,
            124,
            381
        ],
        "reviewed": true,
        "user_excluded": [],
        "value": 8.565109379389224
    },
    "Ar40": {
        "error": 0.015707244251608812,
        "error_type": "SEM",
        "filter_outliers_dict": {
            "filter_outliers": true,
            "iterations": 1,
            "std_devs": 2,
            "use_standard_deviation_filtering": false
        },
        "fit": "Parabolic",
        "fn": 565,
        "include_baseline_error": false,
        "n": 600,
        "outlier_excluded": [
            261,
            521,
            140,
            269,
            398,
            399,
            272,
            535,
            152,
            155,
            539,
            166,
            426,
            46,
            433,
            310,
            314,
            445,
            191,
            192,
            323,
            451,
            453,
            454,
            579,
            200,
            75,
            599,
            349,
            105,
            364,
            366,
            495,
            243,
            254
        ],
        "reviewed": true,
        "user_excluded": [],
        "value": 2.2654505842120107
    },
    "Ar41": {
        "error": 0.004579227898077525,
        "error_type": "SEM",
        "filter_outliers_dict": {
            "filter_outliers": true,
            "iterations": 1,
            "std_devs": 2,
            "use_standard_deviation_filtering": false
        },
        "fit": "average",
        "value": -0.05391345436600799
    }
}