{
    "Ar36": {
        "error": 0.00014360992918700048,
        "error_type": "SEM",
        "filter_outliers_dict": {
            "filter_outliers": true,
            "iterations": 1,
            "std_devs": 2,
            "use_standard_deviation_filtering": false
        },
        "fit": "Parabolic",
        "fn": 569,
        "include_baseline_error": false,
        "n": 600,
        "outlier_excluded": [
            512,
            134,
            138,
            523,
            409,
            545,
            297,
            187,
            61,
            189,
            191,
            578,
            329,
            585,
            587,
            334,
            594,
            599,
            472,
            353,
            355,
            228,
            489,
            494,
            239,
            497,
            499,
            377,
            380,
            252,
            508
        ],
        "reviewed": true,
        "user_excluded": [],
        "value": 0.004591551234053277
    },
    "Ar37": {
        "error": 0.010658549230091859,
        "error_type": "SEM",
        "filter_outliers_dict": {
            "filter_outliers": true,
            "iterations": 1,
            "std_devs": 2,
            "use_standard_deviation_filtering": false
        },
        "fit": "Linear",
        "fn": 581,
        "include_baseline_error": false,
        "n": 600,
        "outlier_excluded": [
            64,
            69,
            391,
            8,
            168,
            138,
            200,
            45,
            205,
            143,
            400,
            594,
            563,
            148,
            245,
            185,
            186,
            283,
            92
        ],
        "reviewed": true,
        "user_excluded": [],
        "value": 0.050838833565459575
    },
    "Ar38": {
        "error": 0.007980198264284541,
        "error_type": "SEM",
        "filter_outliers_dict": {
            "filter_outliers": true,
            "iterations": 1,
            "std_devs": 2,
            "use_standard_deviation_filtering": false
        },
        "fit": "Linear",
        "fn": 562,
        "include_baseline_error": false,
        "n": 600,
        "outlier_excluded": [
            515,
            525,
            527,
            530,
            149,
            154,
            28,
            166,
            298,
            560,
            305,
            308,
            438,
            184,
            441,
            314,
            570,
            445,
            67,
            323,
            197,
            455,
            200,
            456,
            77,
            79,
            87,
            343,
            478,
            351,
            352,
            483,
            104,
            109,
            494,
            500,
            378,
            127
        ],
        "reviewed": true,
        "user_excluded": [],
        "value": -0.06633942631905014
    },
    "Ar39": {
        "error": 0.015008886999775251,
        "error_type": "SEM",
        "filter_outliers_dict": {
            "filter_outliers": true,
            "iterations": 1,
            "std_devs": 2,
            "use_standard_deviation_filtering": false
        },
        "fit": "Parabolic",
        "fn": 573,
        "include_baseline_error": false,
        "n": 600,
        "outlier_excluded": [
            3,
            268,
            272,
            273,
            23,
            280,
            535,
            412,
            292,
            420,
            549,
            45,
            314,
            317,
            448,
            449,
            454,
            76,
            79,
            345,
            475,
            476,
            352,
            230,
            377,
            507,
            508
        ],
        "reviewed": true,
        "user_excluded": [],
        "value": 8.878707439561051
    },
    "Ar40": {
        "error": 0.016649064960070025,
        "error_type": "SEM",
        "filter_outliers_dict": {
            "filter_outliers": true,
            "iterations": 1,
            "std_devs": 2,
            "use_standard_deviation_filtering": false
        },
        "fit": "Parabolic",
        "fn": 568,
        "include_baseline_error": false,
        "n": 600,
        "outlier_excluded": [
            8,
            399,
            400,
            23,
            408,
            153,
            409,
            417,
            290,
            300,
            559,
            561,
            57,
            64,
            67,
            195,
            196,
            463,
            591,
            82,
            595,
            213,
            216,
            222,
            99,
            365,
            497,
            242,
            116,
            372,
            376,
            252
        ],
        "reviewed": true,
        "user_excluded": [],
        "value": 1.9596004052875633
    },
    "Ar41": {
        "error": 0.004610305425402572,
        "error_type": "SEM",
        "filter_outliers_dict": {
            "filter_outliers": true,
            "iterations": 1,
            "std_devs": 2,
            "use_standard_deviation_filtering": false
        },
        "fit": "average",
        "value": -0.04736460291881762
    }
}