{
    "Ar36": {
        "error": 0.00015077076170366105,
        "error_type": "SEM",
        "filter_outliers_dict": {
            "filter_outliers": true,
            "iterations": 1,
            "std_devs": 2,
            "use_standard_deviation_filtering": false
        },
        "fit": "Parabolic",
        "fn": 576,
        "include_baseline_error": false,
        "n": 600,
        "outlier_excluded": [
            261,
            263,
            152,
            539,
            546,
            420,
            552,
            425,
            427,
            558,
            438,
            439,
            570,
            571,
            444,
            450,
            583,
            460,
            210,
            214,
            215,
            477,
            351,
            254
        ],
        "reviewed": true,
        "user_excluded": [],
        "value": 0.004721929472963869
    },
    "Ar37": {
        "error": 0.00973368693642715,
        "error_type": "SEM",
        "filter_outliers_dict": {
            "filter_outliers": true,
            "iterations": 1,
            "std_devs": 2,
            "use_standard_deviation_filtering": false
        },
        "fit": "Linear",
        "fn": 573,
        "include_baseline_error": false,
        "n": 600,
        "outlier_excluded": [
            2,
            515,
            525,
            16,
            535,
            539,
            156,
            421,
            551,
            425,
            307,
            181,
            184,
            568,
            60,
            64,
            586,
            460,
            336,
            467,
            340,
            95,
            354,
            485,
            489,
            249,
            125
        ],
        "reviewed": true,
        "user_excluded": [],
        "value": 0.04411100548483829
    },
    "Ar38": {
        "error": 0.008682048285029711,
        "error_type": "SEM",
        "filter_outliers_dict": {
            "filter_outliers": true,
            "iterations": 1,
            "std_devs": 2,
            "use_standard_deviation_filtering": false
        },
        "fit": "Linear",
        "fn": 561,
        "include_baseline_error": false,
        "n": 600,
        "outlier_excluded": [
            0,
            388,
            261,
            519,
            14,
            273,
            18,
            152,
            291,
            421,
            423,
            296,
            44,
            177,
            435,
            308,
            563,
            568,
            190,
            65,
            195,
            459,
            78,
            336,
            464,
            338,
            597,
            348,
            355,
            229,
            232,
            105,
            242,
            499,
            120,
            124,
            380,
            254,
            509
        ],
        "reviewed": true,
        "user_excluded": [],
        "value": -0.07513247888696895
    },
    "Ar39": {
        "error": 0.015316327315554434,
        "error_type": "SEM",
        "filter_outliers_dict": {
            "filter_outliers": true,
            "iterations": 1,
            "std_devs": 2,
            "use_standard_deviation_filtering": false
        },
        "fit": "Parabolic",
        "fn": 574,
        "include_baseline_error": false,
        "n": 600,
        "outlier_excluded": [
            149,
            406,
            289,
            545,
            38,
            39,
            563,
            436,
            566,
            329,
            205,
            211,
            595,
            473,
            476,
            93,
            353,
            228,
            484,
            485,
            368,
            115,
            499,
            380,
            509,
            510
        ],
        "reviewed": true,
        "user_excluded": [],
        "value": 9.032874923656818
    },
    "Ar40": {
        "error": 0.01584052927329799,
        "error_type": "SEM",
        "filter_outliers_dict": {
            "filter_outliers": true,
            "iterations": 1,
            "std_devs": 2,
            "use_standard_deviation_filtering": false
        },
        "fit": "Parabolic",
        "fn": 574,
        "include_baseline_error": false,
        "n": 600,
        "outlier_excluded": [
            515,
            389,
            521,
            13,
            17,
            540,
            542,
            290,
            546,
            170,
            426,
            305,
            443,
            61,
            62,
            576,
            193,
            588,
            77,
            342,
            222,
            227,
            228,
            486,
            499,
            255
        ],
        "reviewed": true,
        "user_excluded": [],
        "value": 2.1504240935196854
    },
    "Ar41": {
        "error": 0.004475192418002863,
        "error_type": "SEM",
        "filter_outliers_dict": {
            "filter_outliers": true,
            "iterations": 1,
            "std_devs": 2,
            "use_standard_deviation_filtering": false
        },
        "fit": "average",
        "value": -0.052027154366947395
    }
}