{
    "Ar36": {
        "error": 0.0001382610544818136,
        "error_type": "SEM",
        "filter_outliers_dict": {
            "filter_outliers": true,
            "iterations": 1,
            "std_devs": 2,
            "use_standard_deviation_filtering": false
        },
        "fit": "Parabolic",
        "fn": 570,
        "include_baseline_error": false,
        "n": 600,
        "outlier_excluded": [
            387,
            523,
            524,
            271,
            535,
            415,
            289,
            170,
            301,
            306,
            436,
            567,
            574,
            320,
            577,
            323,
            327,
            585,
            587,
            589,
            468,
            470,
            89,
            221,
            350,
            482,
            487,
            367,
            374,
            503
        ],
        "reviewed": true,
        "user_excluded": [],
        "value": 0.004191486050664777
    },
    "Ar37": {
        "error": 0.009423291782306024,
        "error_type": "SEM",
        "filter_outliers_dict": {
            "filter_outliers": true,
            "iterations": 1,
            "std_devs": 2,
            "use_standard_deviation_filtering": false
        },
        "fit": "Linear",
        "fn": 570,
        "include_baseline_error": false,
        "n": 600,
        "outlier_excluded": [
            5,
            263,
            520,
            397,
            147,
            288,
            166,
            294,
            168,
            296,
            563,
            437,
            311,
            184,
            185,
            61,
            446,
            192,
            320,
            578,
            580,
            70,
            201,
            78,
            210,
            478,
            352,
            101,
            108,
            369
        ],
        "reviewed": true,
        "user_excluded": [],
        "value": 0.02664260220951352
    },
    "Ar38": {
        "error": 0.00936876576069362,
        "error_type": "SEM",
        "filter_outliers_dict": {
            "filter_outliers": true,
            "iterations": 1,
            "std_devs": 2,
            "use_standard_deviation_filtering": false
        },
        "fit": "Linear",
        "fn": 568,
        "include_baseline_error": false,
        "n": 600,
        "outlier_excluded": [
            388,
            10,
            139,
            396,
            278,
            409,
            26,
            285,
            31,
            164,
            552,
            434,
            567,
            319,
            448,
            449,
            580,
            70,
            456,
            330,
            586,
            76,
            588,
            463,
            80,
            474,
            219,
            93,
            481,
            108,
            365,
            383
        ],
        "reviewed": true,
        "user_excluded": [],
        "value": -0.1285260905824403
    },
    "Ar39": {
        "error": 0.015428318132215369,
        "error_type": "SEM",
        "filter_outliers_dict": {
            "filter_outliers": true,
            "iterations": 1,
            "std_devs": 2,
            "use_standard_deviation_filtering": false
        },
        "fit": "Parabolic",
        "fn": 580,
        "include_baseline_error": false,
        "n": 600,
        "outlier_excluded": [
            64,
            510,
            513,
            576,
            293,
            486,
            199,
            200,
            296,
            426,
            521,
            172,
            526,
            175,
            401,
            278,
            314,
            61,
            349,
            63
        ],
        "reviewed": true,
        "user_excluded": [],
        "value": 2.6147548045426534
    },
    "Ar40": {
        "error": 0.015767613276451778,
        "error_type": "SEM",
        "filter_outliers_dict": {
            "filter_outliers": true,
            "iterations": 1,
            "std_devs": 2,
            "use_standard_deviation_filtering": false
        },
        "fit": "Parabolic",
        "fn": 568,
        "include_baseline_error": false,
        "n": 600,
        "outlier_excluded": [
            259,
            518,
            520,
            521,
            527,
            406,
            26,
            158,
            31,
            292,
            298,
            178,
            182,
            567,
            61,
            65,
            578,
            69,
            326,
            583,
            328,
            584,
            80,
            337,
            593,
            211,
            597,
            599,
            472,
            473,
            485,
            107
        ],
        "reviewed": true,
        "user_excluded": [],
        "value": 1.4159709049667564
    },
    "Ar41": {
        "error": 0.004573798966169083,
        "error_type": "SEM",
        "filter_outliers_dict": {
            "filter_outliers": true,
            "iterations": 1,
            "std_devs": 2,
            "use_standard_deviation_filtering": false
        },
        "fit": "average",
        "value": -0.04358581980300409
    }
}