{
    "Ar36": {
        "error": 0.00015964102526720193,
        "error_type": "SEM",
        "filter_outliers_dict": {
            "filter_outliers": true,
            "iterations": 1,
            "std_devs": 2,
            "use_standard_deviation_filtering": false
        },
        "fit": "Parabolic",
        "fn": 568,
        "include_baseline_error": false,
        "n": 600,
        "outlier_excluded": [
            0,
            384,
            258,
            530,
            531,
            404,
            533,
            540,
            413,
            541,
            427,
            302,
            558,
            560,
            179,
            307,
            53,
            311,
            571,
            455,
            330,
            458,
            588,
            595,
            599,
            349,
            350,
            482,
            361,
            370,
            377,
            255
        ],
        "reviewed": true,
        "user_excluded": [],
        "value": 0.004814501642261314
    },
    "Ar37": {
        "error": 0.010060107155813616,
        "error_type": "SEM",
        "filter_outliers_dict": {
            "filter_outliers": true,
            "iterations": 1,
            "std_devs": 2,
            "use_standard_deviation_filtering": false
        },
        "fit": "Linear",
        "fn": 580,
        "include_baseline_error": false,
        "n": 600,
        "outlier_excluded": [
            98,
            580,
            583,
            168,
            296,
            427,
            108,
            300,
            332,
            335,
            460,
            81,
            464,
            275,
            341,
            215,
            504,
            313,
            442,
            572
        ],
        "reviewed": true,
        "user_excluded": [],
        "value": 0.05240180752342924
    },
    "Ar38": {
        "error": 0.008788325917515962,
        "error_type": "SEM",
        "filter_outliers_dict": {
            "filter_outliers": true,
            "iterations": 1,
            "std_devs": 2,
            "use_standard_deviation_filtering": false
        },
        "fit": "Linear",
        "fn": 566,
        "include_baseline_error": false,
        "n": 600,
        "outlier_excluded": [
            256,
            389,
            135,
            137,
            267,
            526,
            399,
            530,
            531,
            25,
            282,
            33,
            166,
            427,
            431,
            313,
            186,
            569,
            571,
            192,
            578,
            323,
            454,
            81,
            337,
            213,
            219,
            108,
            111,
            369,
            116,
            501,
            118,
            507
        ],
        "reviewed": true,
        "user_excluded": [],
        "value": -0.11907855329629727
    },
    "Ar39": {
        "error": 0.013679087327450597,
        "error_type": "SEM",
        "filter_outliers_dict": {
            "filter_outliers": true,
            "iterations": 1,
            "std_devs": 2,
            "use_standard_deviation_filtering": false
        },
        "fit": "Parabolic",
        "fn": 571,
        "include_baseline_error": false,
        "n": 600,
        "outlier_excluded": [
            512,
            514,
            515,
            396,
            527,
            528,
            402,
            27,
            28,
            417,
            297,
            553,
            302,
            565,
            570,
            317,
            321,
            585,
            587,
            463,
            81,
            343,
            477,
            227,
            366,
            495,
            378,
            254,
            511
        ],
        "reviewed": true,
        "user_excluded": [],
        "value": 3.8545753458353316
    },
    "Ar40": {
        "error": 0.015988314838320306,
        "error_type": "SEM",
        "filter_outliers_dict": {
            "filter_outliers": true,
            "iterations": 1,
            "std_devs": 2,
            "use_standard_deviation_filtering": false
        },
        "fit": "Parabolic",
        "fn": 571,
        "include_baseline_error": false,
        "n": 600,
        "outlier_excluded": [
            384,
            512,
            264,
            393,
            402,
            21,
            408,
            285,
            413,
            415,
            546,
            549,
            306,
            566,
            311,
            66,
            196,
            70,
            589,
            592,
            474,
            220,
            478,
            361,
            114,
            498,
            504,
            505,
            255
        ],
        "reviewed": true,
        "user_excluded": [],
        "value": 1.5587894878177397
    },
    "Ar41": {
        "error": 0.004750662705099777,
        "error_type": "SEM",
        "filter_outliers_dict": {
            "filter_outliers": true,
            "iterations": 1,
            "std_devs": 2,
            "use_standard_deviation_filtering": false
        },
        "fit": "average",
        "value": -0.041045031991015495
    }
}