{
    "Ar36": {
        "error": 0.00015489892772957496,
        "error_type": "SEM",
        "filter_outliers_dict": {
            "filter_outliers": true,
            "iterations": 1,
            "std_devs": 2,
            "use_standard_deviation_filtering": false
        },
        "fit": "Parabolic",
        "fn": 569,
        "include_baseline_error": false,
        "n": 600,
        "outlier_excluded": [
            259,
            134,
            392,
            397,
            145,
            273,
            148,
            153,
            415,
            420,
            168,
            426,
            427,
            434,
            51,
            566,
            441,
            575,
            325,
            581,
            582,
            334,
            590,
            591,
            468,
            351,
            482,
            355,
            243,
            245,
            506
        ],
        "reviewed": true,
        "user_excluded": [],
        "value": 0.005030411453100311
    },
    "Ar37": {
        "error": 0.010141896881578854,
        "error_type": "SEM",
        "filter_outliers_dict": {
            "filter_outliers": true,
            "iterations": 1,
            "std_devs": 2,
            "use_standard_deviation_filtering": false
        },
        "fit": "Linear",
        "fn": 575,
        "include_baseline_error": false,
        "n": 600,
        "outlier_excluded": [
            140,
            396,
            152,
            536,
            541,
            551,
            47,
            50,
            445,
            318,
            578,
            323,
            579,
            333,
            92,
            350,
            94,
            486,
            364,
            366,
            376,
            504,
            509,
            510,
            383
        ],
        "reviewed": true,
        "user_excluded": [],
        "value": 0.03284897577941314
    },
    "Ar38": {
        "error": 0.015026585958284986,
        "error_type": "SEM",
        "filter_outliers_dict": {
            "filter_outliers": true,
            "iterations": 1,
            "std_devs": 2,
            "use_standard_deviation_filtering": false
        },
        "fit": "Linear",
        "fn": 583,
        "include_baseline_error": false,
        "n": 600,
        "outlier_excluded": [
            131,
            37,
            549,
            393,
            235,
            236,
            16,
            17,
            400,
            499,
            372,
            149,
            406,
            120,
            25,
            184,
            350
        ],
        "reviewed": true,
        "user_excluded": [],
        "value": 0.2326826019668652
    },
    "Ar39": {
        "error": 0.018041581939516813,
        "error_type": "SEM",
        "filter_outliers_dict": {
            "filter_outliers": true,
            "iterations": 1,
            "std_devs": 2,
            "use_standard_deviation_filtering": false
        },
        "fit": "Parabolic",
        "fn": 573,
        "include_baseline_error": false,
        "n": 600,
        "outlier_excluded": [
            515,
            18,
            530,
            413,
            418,
            40,
            553,
            43,
            180,
            436,
            56,
            185,
            579,
            72,
            330,
            331,
            460,
            333,
            461,
            84,
            87,
            96,
            357,
            358,
            104,
            363,
            126
        ],
        "reviewed": true,
        "user_excluded": [],
        "value": 33.708757258931016
    },
    "Ar40": {
        "error": 0.01746598160760959,
        "error_type": "SEM",
        "filter_outliers_dict": {
            "filter_outliers": true,
            "iterations": 1,
            "std_devs": 2,
            "use_standard_deviation_filtering": false
        },
        "fit": "Parabolic",
        "fn": 577,
        "include_baseline_error": false,
        "n": 600,
        "outlier_excluded": [
            266,
            529,
            276,
            21,
            407,
            408,
            27,
            156,
            160,
            173,
            449,
            322,
            77,
            595,
            597,
            215,
            345,
            348,
            226,
            100,
            375,
            504,
            252
        ],
        "reviewed": true,
        "user_excluded": [],
        "value": 7.703298468361178
    },
    "Ar41": {
        "error": 0.004378257547732226,
        "error_type": "SEM",
        "filter_outliers_dict": {
            "filter_outliers": true,
            "iterations": 1,
            "std_devs": 2,
            "use_standard_deviation_filtering": false
        },
        "fit": "average",
        "value": -0.05783446638700784
    }
}