{
    "Ar36": {
        "error": 0.00014403590799364613,
        "error_type": "SEM",
        "filter_outliers_dict": {
            "filter_outliers": true,
            "iterations": 1,
            "std_devs": 2,
            "use_standard_deviation_filtering": false
        },
        "fit": "Parabolic",
        "fn": 569,
        "include_baseline_error": false,
        "n": 600,
        "outlier_excluded": [
            129,
            516,
            390,
            407,
            538,
            411,
            414,
            543,
            551,
            425,
            428,
            431,
            563,
            436,
            53,
            570,
            450,
            195,
            323,
            453,
            456,
            333,
            461,
            463,
            208,
            590,
            341,
            479,
            485,
            369,
            370
        ],
        "reviewed": true,
        "user_excluded": [],
        "value": 0.0050394002223472945
    },
    "Ar37": {
        "error": 0.009903904422428576,
        "error_type": "SEM",
        "filter_outliers_dict": {
            "filter_outliers": true,
            "iterations": 1,
            "std_devs": 2,
            "use_standard_deviation_filtering": false
        },
        "fit": "Linear",
        "fn": 573,
        "include_baseline_error": false,
        "n": 600,
        "outlier_excluded": [
            384,
            390,
            271,
            530,
            532,
            406,
            24,
            545,
            292,
            550,
            41,
            43,
            302,
            175,
            191,
            587,
            590,
            207,
            335,
            211,
            339,
            349,
            485,
            486,
            487,
            489,
            125
        ],
        "reviewed": true,
        "user_excluded": [],
        "value": 0.004679443702065684
    },
    "Ar38": {
        "error": 0.01017371228296548,
        "error_type": "SEM",
        "filter_outliers_dict": {
            "filter_outliers": true,
            "iterations": 1,
            "std_devs": 2,
            "use_standard_deviation_filtering": false
        },
        "fit": "Linear",
        "fn": 560,
        "include_baseline_error": false,
        "n": 600,
        "outlier_excluded": [
            128,
            256,
            130,
            388,
            5,
            517,
            522,
            11,
            270,
            276,
            405,
            152,
            408,
            540,
            413,
            288,
            40,
            297,
            42,
            424,
            177,
            561,
            437,
            313,
            186,
            569,
            188,
            191,
            448,
            577,
            76,
            334,
            85,
            341,
            487,
            107,
            236,
            495,
            243,
            251
        ],
        "reviewed": true,
        "user_excluded": [],
        "value": -0.0036858375476239605
    },
    "Ar39": {
        "error": 0.014763809853690139,
        "error_type": "SEM",
        "filter_outliers_dict": {
            "filter_outliers": true,
            "iterations": 1,
            "std_devs": 2,
            "use_standard_deviation_filtering": false
        },
        "fit": "Parabolic",
        "fn": 568,
        "include_baseline_error": false,
        "n": 600,
        "outlier_excluded": [
            258,
            131,
            514,
            390,
            394,
            524,
            400,
            278,
            535,
            27,
            30,
            39,
            423,
            47,
            446,
            327,
            586,
            76,
            590,
            467,
            595,
            220,
            93,
            480,
            97,
            101,
            229,
            366,
            242,
            115,
            246,
            125
        ],
        "reviewed": true,
        "user_excluded": [],
        "value": 15.513234190213025
    },
    "Ar40": {
        "error": 0.01649620245333389,
        "error_type": "SEM",
        "filter_outliers_dict": {
            "filter_outliers": true,
            "iterations": 1,
            "std_devs": 2,
            "use_standard_deviation_filtering": false
        },
        "fit": "Parabolic",
        "fn": 578,
        "include_baseline_error": false,
        "n": 600,
        "outlier_excluded": [
            256,
            261,
            398,
            527,
            274,
            531,
            408,
            285,
            294,
            426,
            304,
            183,
            445,
            591,
            83,
            339,
            91,
            219,
            98,
            355,
            363,
            109
        ],
        "reviewed": true,
        "user_excluded": [],
        "value": 4.267319035434549
    },
    "Ar41": {
        "error": 0.004478757959712628,
        "error_type": "SEM",
        "filter_outliers_dict": {
            "filter_outliers": true,
            "iterations": 1,
            "std_devs": 2,
            "use_standard_deviation_filtering": false
        },
        "fit": "average",
        "value": -0.06915588206103783
    }
}