{
    "Ar36": {
        "error": 0.00013867180282107493,
        "error_type": "SEM",
        "filter_outliers_dict": {
            "filter_outliers": true,
            "iterations": 1,
            "std_devs": 2,
            "use_standard_deviation_filtering": false
        },
        "fit": "Parabolic",
        "fn": 571,
        "include_baseline_error": false,
        "n": 600,
        "outlier_excluded": [
            0,
            391,
            524,
            527,
            401,
            530,
            537,
            540,
            292,
            429,
            175,
            560,
            433,
            435,
            443,
            572,
            453,
            587,
            332,
            334,
            592,
            471,
            475,
            479,
            357,
            364,
            495,
            372,
            508
        ],
        "reviewed": true,
        "user_excluded": [],
        "value": 0.004042790590896731
    },
    "Ar37": {
        "error": 0.010133702763776306,
        "error_type": "SEM",
        "filter_outliers_dict": {
            "filter_outliers": true,
            "iterations": 1,
            "std_devs": 2,
            "use_standard_deviation_filtering": false
        },
        "fit": "Linear",
        "fn": 574,
        "include_baseline_error": false,
        "n": 600,
        "outlier_excluded": [
            1,
            516,
            267,
            397,
            143,
            17,
            286,
            161,
            420,
            37,
            550,
            424,
            43,
            299,
            560,
            443,
            447,
            202,
            331,
            83,
            595,
            86,
            342,
            361,
            503,
            126
        ],
        "reviewed": true,
        "user_excluded": [],
        "value": 0.015943205456610203
    },
    "Ar38": {
        "error": 0.00911994053901687,
        "error_type": "SEM",
        "filter_outliers_dict": {
            "filter_outliers": true,
            "iterations": 1,
            "std_devs": 2,
            "use_standard_deviation_filtering": false
        },
        "fit": "Linear",
        "fn": 562,
        "include_baseline_error": false,
        "n": 600,
        "outlier_excluded": [
            259,
            521,
            10,
            138,
            522,
            142,
            143,
            274,
            277,
            534,
            282,
            283,
            287,
            163,
            36,
            550,
            43,
            44,
            427,
            555,
            438,
            568,
            57,
            60,
            573,
            323,
            326,
            327,
            73,
            329,
            204,
            588,
            211,
            468,
            217,
            94,
            222,
            370
        ],
        "reviewed": true,
        "user_excluded": [],
        "value": -0.11110767123383494
    },
    "Ar39": {
        "error": 0.015300413537955913,
        "error_type": "SEM",
        "filter_outliers_dict": {
            "filter_outliers": true,
            "iterations": 1,
            "std_devs": 2,
            "use_standard_deviation_filtering": false
        },
        "fit": "Parabolic",
        "fn": 572,
        "include_baseline_error": false,
        "n": 600,
        "outlier_excluded": [
            257,
            130,
            517,
            390,
            8,
            140,
            20,
            150,
            408,
            282,
            284,
            417,
            418,
            163,
            291,
            419,
            426,
            571,
            575,
            69,
            585,
            76,
            465,
            355,
            356,
            357,
            358,
            249
        ],
        "reviewed": true,
        "user_excluded": [],
        "value": 5.403464239501394
    },
    "Ar40": {
        "error": 0.016080023590978855,
        "error_type": "SEM",
        "filter_outliers_dict": {
            "filter_outliers": true,
            "iterations": 1,
            "std_devs": 2,
            "use_standard_deviation_filtering": false
        },
        "fit": "Parabolic",
        "fn": 568,
        "include_baseline_error": false,
        "n": 600,
        "outlier_excluded": [
            12,
            270,
            17,
            532,
            537,
            283,
            29,
            413,
            164,
            37,
            165,
            40,
            296,
            426,
            557,
            561,
            438,
            203,
            333,
            78,
            335,
            83,
            212,
            469,
            350,
            225,
            498,
            371,
            120,
            379,
            125,
            509
        ],
        "reviewed": true,
        "user_excluded": [],
        "value": 2.305866869123693
    },
    "Ar41": {
        "error": 0.004615816535153905,
        "error_type": "SEM",
        "filter_outliers_dict": {
            "filter_outliers": true,
            "iterations": 1,
            "std_devs": 2,
            "use_standard_deviation_filtering": false
        },
        "fit": "average",
        "value": -0.047913252894368444
    }
}