{
    "Ar36": {
        "error": 0.00014317943668232415,
        "error_type": "SEM",
        "filter_outliers_dict": {
            "filter_outliers": true,
            "iterations": 1,
            "std_devs": 2,
            "use_standard_deviation_filtering": false
        },
        "fit": "Parabolic",
        "fn": 567,
        "include_baseline_error": false,
        "n": 600,
        "outlier_excluded": [
            384,
            260,
            262,
            271,
            405,
            280,
            536,
            537,
            540,
            419,
            299,
            300,
            302,
            562,
            563,
            566,
            311,
            572,
            318,
            63,
            194,
            71,
            584,
            587,
            204,
            461,
            470,
            350,
            478,
            366,
            245,
            249,
            254
        ],
        "reviewed": true,
        "user_excluded": [],
        "value": 0.00430886638769344
    },
    "Ar37": {
        "error": 0.009646189575424742,
        "error_type": "SEM",
        "filter_outliers_dict": {
            "filter_outliers": true,
            "iterations": 1,
            "std_devs": 2,
            "use_standard_deviation_filtering": false
        },
        "fit": "Linear",
        "fn": 577,
        "include_baseline_error": false,
        "n": 600,
        "outlier_excluded": [
            3,
            134,
            7,
            144,
            281,
            283,
            36,
            297,
            434,
            184,
            322,
            582,
            332,
            209,
            210,
            467,
            473,
            351,
            486,
            105,
            489,
            118,
            502
        ],
        "reviewed": true,
        "user_excluded": [],
        "value": 0.024540780612037454
    },
    "Ar38": {
        "error": 0.013594036910617661,
        "error_type": "SEM",
        "filter_outliers_dict": {
            "filter_outliers": true,
            "iterations": 1,
            "std_devs": 2,
            "use_standard_deviation_filtering": false
        },
        "fit": "Linear",
        "fn": 578,
        "include_baseline_error": false,
        "n": 600,
        "outlier_excluded": [
            258,
            131,
            400,
            273,
            401,
            275,
            163,
            554,
            563,
            58,
            335,
            81,
            83,
            597,
            219,
            349,
            479,
            483,
            105,
            119,
            380,
            509
        ],
        "reviewed": true,
        "user_excluded": [],
        "value": 0.1061618239439509
    },
    "Ar39": {
        "error": 0.01826719274909714,
        "error_type": "SEM",
        "filter_outliers_dict": {
            "filter_outliers": true,
            "iterations": 1,
            "std_devs": 2,
            "use_standard_deviation_filtering": false
        },
        "fit": "Parabolic",
        "fn": 575,
        "include_baseline_error": false,
        "n": 600,
        "outlier_excluded": [
            257,
            389,
            520,
            13,
            397,
            399,
            166,
            560,
            314,
            580,
            77,
            79,
            80,
            469,
            217,
            220,
            480,
            235,
            494,
            241,
            115,
            499,
            503,
            125,
            127
        ],
        "reviewed": true,
        "user_excluded": [],
        "value": 24.965125022392677
    },
    "Ar40": {
        "error": 0.01685835916226568,
        "error_type": "SEM",
        "filter_outliers_dict": {
            "filter_outliers": true,
            "iterations": 1,
            "std_devs": 2,
            "use_standard_deviation_filtering": false
        },
        "fit": "Parabolic",
        "fn": 577,
        "include_baseline_error": false,
        "n": 600,
        "outlier_excluded": [
            9,
            266,
            397,
            17,
            145,
            279,
            540,
            543,
            163,
            168,
            41,
            174,
            54,
            182,
            447,
            330,
            459,
            592,
            81,
            87,
            101,
            505,
            382
        ],
        "reviewed": true,
        "user_excluded": [],
        "value": 6.063508988381639
    },
    "Ar41": {
        "error": 0.004857467714113879,
        "error_type": "SEM",
        "filter_outliers_dict": {
            "filter_outliers": true,
            "iterations": 1,
            "std_devs": 2,
            "use_standard_deviation_filtering": false
        },
        "fit": "average",
        "value": -0.057492659617493135
    }
}