{
    "Ar36": {
        "error": 0.00016836546940146886,
        "error_type": "SEM",
        "filter_outliers_dict": {
            "filter_outliers": true,
            "iterations": 1,
            "std_devs": 2,
            "use_standard_deviation_filtering": false
        },
        "fit": "Parabolic",
        "fn": 571,
        "include_baseline_error": false,
        "n": 600,
        "outlier_excluded": [
            260,
            261,
            516,
            391,
            143,
            271,
            275,
            532,
            407,
            161,
            547,
            298,
            428,
            301,
            560,
            570,
            576,
            321,
            452,
            457,
            335,
            220,
            93,
            225,
            101,
            486,
            500,
            504,
            509
        ],
        "reviewed": true,
        "user_excluded": [],
        "value": 0.0076467071239557285
    },
    "Ar37": {
        "error": 0.010246149871766422,
        "error_type": "SEM",
        "filter_outliers_dict": {
            "filter_outliers": true,
            "iterations": 1,
            "std_devs": 2,
            "use_standard_deviation_filtering": false
        },
        "fit": "Linear",
        "fn": 570,
        "include_baseline_error": false,
        "n": 600,
        "outlier_excluded": [
            265,
            396,
            14,
            278,
            408,
            538,
            283,
            539,
            285,
            542,
            544,
            165,
            41,
            429,
            441,
            324,
            73,
            331,
            589,
            85,
            95,
            352,
            353,
            482,
            355,
            101,
            488,
            492,
            500,
            123
        ],
        "reviewed": true,
        "user_excluded": [],
        "value": 0.01661338864702992
    },
    "Ar38": {
        "error": 0.013142076423995222,
        "error_type": "SEM",
        "filter_outliers_dict": {
            "filter_outliers": true,
            "iterations": 1,
            "std_devs": 2,
            "use_standard_deviation_filtering": false
        },
        "fit": "Linear",
        "fn": 576,
        "include_baseline_error": false,
        "n": 600,
        "outlier_excluded": [
            257,
            152,
            163,
            422,
            167,
            425,
            174,
            570,
            571,
            446,
            574,
            451,
            68,
            197,
            585,
            75,
            345,
            90,
            476,
            480,
            487,
            113,
            123,
            383
        ],
        "reviewed": true,
        "user_excluded": [],
        "value": 0.08485094672218654
    },
    "Ar39": {
        "error": 0.01635308879677827,
        "error_type": "SEM",
        "filter_outliers_dict": {
            "filter_outliers": true,
            "iterations": 1,
            "std_devs": 2,
            "use_standard_deviation_filtering": false
        },
        "fit": "Parabolic",
        "fn": 572,
        "include_baseline_error": false,
        "n": 600,
        "outlier_excluded": [
            385,
            259,
            137,
            149,
            159,
            295,
            433,
            434,
            441,
            58,
            188,
            319,
            321,
            458,
            208,
            81,
            337,
            211,
            470,
            217,
            474,
            225,
            98,
            493,
            497,
            249,
            122,
            510
        ],
        "reviewed": true,
        "user_excluded": [],
        "value": 23.014503534567467
    },
    "Ar40": {
        "error": 0.0157475317934817,
        "error_type": "SEM",
        "filter_outliers_dict": {
            "filter_outliers": true,
            "iterations": 1,
            "std_devs": 2,
            "use_standard_deviation_filtering": false
        },
        "fit": "Parabolic",
        "fn": 574,
        "include_baseline_error": false,
        "n": 600,
        "outlier_excluded": [
            1,
            136,
            395,
            271,
            400,
            402,
            21,
            405,
            296,
            555,
            430,
            570,
            575,
            64,
            320,
            200,
            332,
            77,
            335,
            464,
            593,
            467,
            101,
            112,
            507,
            125
        ],
        "reviewed": true,
        "user_excluded": [],
        "value": 6.557663850332318
    },
    "Ar41": {
        "error": 0.004692817413816094,
        "error_type": "SEM",
        "filter_outliers_dict": {
            "filter_outliers": true,
            "iterations": 1,
            "std_devs": 2,
            "use_standard_deviation_filtering": false
        },
        "fit": "average",
        "value": -0.06884908537003914
    }
}