{
    "Ar36": {
        "error": 0.00017372976571061123,
        "error_type": "SEM",
        "filter_outliers_dict": {
            "filter_outliers": true,
            "iterations": 1,
            "std_devs": 2,
            "use_standard_deviation_filtering": false
        },
        "fit": "Parabolic",
        "fn": 569,
        "include_baseline_error": false,
        "n": 600,
        "outlier_excluded": [
            257,
            519,
            16,
            280,
            536,
            546,
            421,
            422,
            558,
            563,
            309,
            183,
            441,
            443,
            63,
            323,
            581,
            463,
            83,
            595,
            224,
            226,
            483,
            230,
            358,
            233,
            366,
            112,
            503,
            250,
            254
        ],
        "reviewed": true,
        "user_excluded": [],
        "value": 0.009600289331261842
    },
    "Ar37": {
        "error": 0.009919029251311365,
        "error_type": "SEM",
        "filter_outliers_dict": {
            "filter_outliers": true,
            "iterations": 1,
            "std_devs": 2,
            "use_standard_deviation_filtering": false
        },
        "fit": "Linear",
        "fn": 573,
        "include_baseline_error": false,
        "n": 600,
        "outlier_excluded": [
            261,
            519,
            16,
            530,
            411,
            540,
            415,
            549,
            426,
            48,
            433,
            53,
            566,
            185,
            574,
            191,
            583,
            202,
            458,
            338,
            225,
            353,
            235,
            239,
            241,
            498,
            505
        ],
        "reviewed": true,
        "user_excluded": [],
        "value": 0.01779431433760173
    },
    "Ar38": {
        "error": 0.014039837384310912,
        "error_type": "SEM",
        "filter_outliers_dict": {
            "filter_outliers": true,
            "iterations": 1,
            "std_devs": 2,
            "use_standard_deviation_filtering": false
        },
        "fit": "Linear",
        "fn": 581,
        "include_baseline_error": false,
        "n": 600,
        "outlier_excluded": [
            511,
            289,
            544,
            545,
            103,
            168,
            201,
            457,
            459,
            44,
            492,
            142,
            339,
            213,
            90,
            571,
            156,
            93,
            287
        ],
        "reviewed": true,
        "user_excluded": [],
        "value": 0.3164357397955312
    },
    "Ar39": {
        "error": 0.019466242371979636,
        "error_type": "SEM",
        "filter_outliers_dict": {
            "filter_outliers": true,
            "iterations": 1,
            "std_devs": 2,
            "use_standard_deviation_filtering": false
        },
        "fit": "Parabolic",
        "fn": 571,
        "include_baseline_error": false,
        "n": 600,
        "outlier_excluded": [
            2,
            7,
            263,
            264,
            265,
            519,
            521,
            143,
            145,
            531,
            20,
            287,
            288,
            290,
            298,
            46,
            302,
            179,
            55,
            183,
            68,
            341,
            90,
            356,
            110,
            112,
            116,
            378,
            510
        ],
        "reviewed": true,
        "user_excluded": [],
        "value": 38.802875311975995
    },
    "Ar40": {
        "error": 0.01687336669623038,
        "error_type": "SEM",
        "filter_outliers_dict": {
            "filter_outliers": true,
            "iterations": 1,
            "std_devs": 2,
            "use_standard_deviation_filtering": false
        },
        "fit": "Parabolic",
        "fn": 570,
        "include_baseline_error": false,
        "n": 600,
        "outlier_excluded": [
            3,
            8,
            392,
            393,
            271,
            276,
            406,
            407,
            154,
            541,
            556,
            56,
            184,
            446,
            64,
            577,
            578,
            67,
            69,
            199,
            72,
            206,
            342,
            483,
            485,
            103,
            488,
            117,
            374,
            252
        ],
        "reviewed": true,
        "user_excluded": [],
        "value": 10.141542347573996
    },
    "Ar41": {
        "error": 0.004477862107293018,
        "error_type": "SEM",
        "filter_outliers_dict": {
            "filter_outliers": true,
            "iterations": 1,
            "std_devs": 2,
            "use_standard_deviation_filtering": false
        },
        "fit": "average",
        "value": -0.062405262795052714
    }
}