{
    "Ar36": {
        "error": 0.0001704477000402407,
        "error_type": "SEM",
        "filter_outliers_dict": {
            "filter_outliers": true,
            "iterations": 1,
            "std_devs": 2,
            "use_standard_deviation_filtering": false
        },
        "fit": "Parabolic",
        "fn": 572,
        "include_baseline_error": false,
        "n": 600,
        "outlier_excluded": [
            512,
            518,
            264,
            275,
            277,
            281,
            409,
            539,
            417,
            290,
            547,
            552,
            425,
            43,
            173,
            431,
            183,
            312,
            196,
            594,
            598,
            471,
            216,
            360,
            239,
            369,
            503,
            383
        ],
        "reviewed": true,
        "user_excluded": [],
        "value": 0.005971881150875284
    },
    "Ar37": {
        "error": 0.009955654146284316,
        "error_type": "SEM",
        "filter_outliers_dict": {
            "filter_outliers": true,
            "iterations": 1,
            "std_devs": 2,
            "use_standard_deviation_filtering": false
        },
        "fit": "Linear",
        "fn": 572,
        "include_baseline_error": false,
        "n": 600,
        "outlier_excluded": [
            387,
            5,
            392,
            10,
            399,
            412,
            32,
            34,
            419,
            165,
            429,
            312,
            440,
            68,
            469,
            216,
            217,
            345,
            474,
            353,
            228,
            102,
            359,
            237,
            372,
            376,
            505,
            123
        ],
        "reviewed": true,
        "user_excluded": [],
        "value": 0.02601506663140426
    },
    "Ar38": {
        "error": 0.00947878767397208,
        "error_type": "SEM",
        "filter_outliers_dict": {
            "filter_outliers": true,
            "iterations": 1,
            "std_devs": 2,
            "use_standard_deviation_filtering": false
        },
        "fit": "Linear",
        "fn": 556,
        "include_baseline_error": false,
        "n": 600,
        "outlier_excluded": [
            129,
            514,
            517,
            136,
            394,
            13,
            526,
            15,
            275,
            26,
            414,
            546,
            291,
            42,
            427,
            301,
            47,
            49,
            433,
            61,
            189,
            324,
            580,
            582,
            199,
            461,
            206,
            334,
            208,
            594,
            341,
            472,
            345,
            348,
            223,
            352,
            231,
            489,
            491,
            365,
            368,
            121,
            122,
            251
        ],
        "reviewed": true,
        "user_excluded": [],
        "value": 0.0010642422870826454
    },
    "Ar39": {
        "error": 0.015282744551262608,
        "error_type": "SEM",
        "filter_outliers_dict": {
            "filter_outliers": true,
            "iterations": 1,
            "std_devs": 2,
            "use_standard_deviation_filtering": false
        },
        "fit": "Parabolic",
        "fn": 577,
        "include_baseline_error": false,
        "n": 600,
        "outlier_excluded": [
            130,
            514,
            4,
            6,
            20,
            152,
            416,
            167,
            433,
            434,
            186,
            70,
            583,
            78,
            221,
            349,
            229,
            235,
            494,
            498,
            508,
            510,
            511
        ],
        "reviewed": true,
        "user_excluded": [],
        "value": 15.91775689915702
    },
    "Ar40": {
        "error": 0.017940230892043052,
        "error_type": "SEM",
        "filter_outliers_dict": {
            "filter_outliers": true,
            "iterations": 1,
            "std_devs": 2,
            "use_standard_deviation_filtering": false
        },
        "fit": "Parabolic",
        "fn": 570,
        "include_baseline_error": false,
        "n": 600,
        "outlier_excluded": [
            512,
            1,
            521,
            394,
            11,
            398,
            145,
            412,
            413,
            157,
            164,
            175,
            179,
            181,
            309,
            568,
            572,
            194,
            454,
            72,
            201,
            463,
            595,
            341,
            92,
            118,
            375,
            380,
            254,
            510
        ],
        "reviewed": true,
        "user_excluded": [],
        "value": 4.8349522260154565
    },
    "Ar41": {
        "error": 0.004476528677493281,
        "error_type": "SEM",
        "filter_outliers_dict": {
            "filter_outliers": true,
            "iterations": 1,
            "std_devs": 2,
            "use_standard_deviation_filtering": false
        },
        "fit": "average",
        "value": -0.0634055130907106
    }
}