{
    "Ar36": {
        "error": 0.0001699085052774092,
        "error_type": "SEM",
        "filter_outliers_dict": {
            "filter_outliers": true,
            "iterations": 1,
            "std_devs": 2,
            "use_standard_deviation_filtering": false
        },
        "fit": "Parabolic",
        "fn": 573,
        "include_baseline_error": false,
        "n": 600,
        "outlier_excluded": [
            130,
            522,
            270,
            530,
            276,
            537,
            545,
            34,
            426,
            301,
            568,
            313,
            315,
            454,
            327,
            343,
            347,
            475,
            352,
            355,
            486,
            111,
            115,
            371,
            500,
            502,
            252
        ],
        "reviewed": true,
        "user_excluded": [],
        "value": 0.008596901316997925
    },
    "Ar37": {
        "error": 0.009822288170165625,
        "error_type": "SEM",
        "filter_outliers_dict": {
            "filter_outliers": true,
            "iterations": 1,
            "std_devs": 2,
            "use_standard_deviation_filtering": false
        },
        "fit": "Linear",
        "fn": 577,
        "include_baseline_error": false,
        "n": 600,
        "outlier_excluded": [
            258,
            4,
            144,
            277,
            35,
            551,
            303,
            49,
            314,
            61,
            317,
            449,
            579,
            582,
            74,
            77,
            90,
            349,
            97,
            101,
            104,
            368,
            503
        ],
        "reviewed": true,
        "user_excluded": [],
        "value": -0.001896002267213692
    },
    "Ar38": {
        "error": 0.011480605392322112,
        "error_type": "SEM",
        "filter_outliers_dict": {
            "filter_outliers": true,
            "iterations": 1,
            "std_devs": 2,
            "use_standard_deviation_filtering": false
        },
        "fit": "Linear",
        "fn": 565,
        "include_baseline_error": false,
        "n": 600,
        "outlier_excluded": [
            2,
            4,
            389,
            263,
            9,
            521,
            522,
            531,
            149,
            154,
            411,
            544,
            35,
            301,
            439,
            569,
            60,
            316,
            62,
            577,
            323,
            69,
            199,
            76,
            204,
            88,
            90,
            349,
            231,
            492,
            111,
            242,
            370,
            499,
            122
        ],
        "reviewed": true,
        "user_excluded": [],
        "value": 0.02298429202513256
    },
    "Ar39": {
        "error": 0.016108864411617033,
        "error_type": "SEM",
        "filter_outliers_dict": {
            "filter_outliers": true,
            "iterations": 1,
            "std_devs": 2,
            "use_standard_deviation_filtering": false
        },
        "fit": "Parabolic",
        "fn": 577,
        "include_baseline_error": false,
        "n": 600,
        "outlier_excluded": [
            1,
            4,
            144,
            406,
            538,
            156,
            32,
            559,
            306,
            309,
            570,
            580,
            453,
            462,
            209,
            215,
            216,
            349,
            354,
            247,
            248,
            503,
            251
        ],
        "reviewed": true,
        "user_excluded": [],
        "value": 18.402140927315607
    },
    "Ar40": {
        "error": 0.016746906685184693,
        "error_type": "SEM",
        "filter_outliers_dict": {
            "filter_outliers": true,
            "iterations": 1,
            "std_devs": 2,
            "use_standard_deviation_filtering": false
        },
        "fit": "Parabolic",
        "fn": 573,
        "include_baseline_error": false,
        "n": 600,
        "outlier_excluded": [
            138,
            18,
            23,
            282,
            159,
            42,
            303,
            433,
            308,
            313,
            196,
            202,
            331,
            460,
            597,
            214,
            474,
            481,
            104,
            237,
            113,
            370,
            499,
            500,
            374,
            503,
            249
        ],
        "reviewed": true,
        "user_excluded": [],
        "value": 6.312226784557086
    },
    "Ar41": {
        "error": 0.004538263943061827,
        "error_type": "SEM",
        "filter_outliers_dict": {
            "filter_outliers": true,
            "iterations": 1,
            "std_devs": 2,
            "use_standard_deviation_filtering": false
        },
        "fit": "average",
        "value": -0.05945936191546678
    }
}