{
    "Ar36": {
        "error": 0.00013797828031245397,
        "error_type": "SEM",
        "filter_outliers_dict": {
            "filter_outliers": true,
            "iterations": 1,
            "std_devs": 2,
            "use_standard_deviation_filtering": false
        },
        "fit": "Parabolic",
        "fn": 568,
        "include_baseline_error": false,
        "n": 600,
        "outlier_excluded": [
            384,
            519,
            521,
            403,
            406,
            547,
            164,
            548,
            300,
            429,
            433,
            435,
            436,
            438,
            577,
            322,
            325,
            583,
            586,
            214,
            476,
            478,
            99,
            357,
            487,
            233,
            236,
            238,
            243,
            377,
            382,
            383
        ],
        "reviewed": true,
        "user_excluded": [],
        "value": 0.004465712242147665
    },
    "Ar37": {
        "error": 0.010276283035852913,
        "error_type": "SEM",
        "filter_outliers_dict": {
            "filter_outliers": true,
            "iterations": 1,
            "std_devs": 2,
            "use_standard_deviation_filtering": false
        },
        "fit": "Linear",
        "fn": 578,
        "include_baseline_error": false,
        "n": 600,
        "outlier_excluded": [
            550,
            295,
            301,
            175,
            565,
            183,
            314,
            190,
            64,
            458,
            75,
            203,
            589,
            215,
            101,
            486,
            112,
            116,
            372,
            246,
            505,
            379
        ],
        "reviewed": true,
        "user_excluded": [],
        "value": 0.015417350238186966
    },
    "Ar38": {
        "error": 0.012609560682771227,
        "error_type": "SEM",
        "filter_outliers_dict": {
            "filter_outliers": true,
            "iterations": 1,
            "std_devs": 2,
            "use_standard_deviation_filtering": false
        },
        "fit": "Linear",
        "fn": 581,
        "include_baseline_error": false,
        "n": 600,
        "outlier_excluded": [
            0,
            353,
            259,
            68,
            485,
            358,
            296,
            489,
            304,
            145,
            274,
            560,
            595,
            598,
            55,
            151,
            122,
            474,
            127
        ],
        "reviewed": true,
        "user_excluded": [],
        "value": 0.6203083146121996
    },
    "Ar39": {
        "error": 0.022034697228426818,
        "error_type": "SEM",
        "filter_outliers_dict": {
            "filter_outliers": true,
            "iterations": 1,
            "std_devs": 2,
            "use_standard_deviation_filtering": false
        },
        "fit": "Parabolic",
        "fn": 567,
        "include_baseline_error": false,
        "n": 600,
        "outlier_excluded": [
            0,
            396,
            526,
            533,
            535,
            154,
            544,
            290,
            291,
            168,
            184,
            185,
            444,
            583,
            76,
            465,
            338,
            83,
            597,
            86,
            89,
            474,
            475,
            92,
            222,
            224,
            352,
            233,
            362,
            107,
            368,
            116,
            246
        ],
        "reviewed": true,
        "user_excluded": [],
        "value": 64.63047993657779
    },
    "Ar40": {
        "error": 0.017498301680847015,
        "error_type": "SEM",
        "filter_outliers_dict": {
            "filter_outliers": true,
            "iterations": 1,
            "std_devs": 2,
            "use_standard_deviation_filtering": false
        },
        "fit": "Parabolic",
        "fn": 571,
        "include_baseline_error": false,
        "n": 600,
        "outlier_excluded": [
            515,
            265,
            142,
            398,
            272,
            400,
            276,
            532,
            414,
            288,
            161,
            166,
            298,
            439,
            582,
            462,
            336,
            595,
            341,
            217,
            92,
            93,
            226,
            483,
            356,
            231,
            487,
            239,
            511
        ],
        "reviewed": true,
        "user_excluded": [],
        "value": 11.286899098568457
    },
    "Ar41": {
        "error": 0.004660504477285983,
        "error_type": "SEM",
        "filter_outliers_dict": {
            "filter_outliers": true,
            "iterations": 1,
            "std_devs": 2,
            "use_standard_deviation_filtering": false
        },
        "fit": "average",
        "value": -0.07427715166181965
    }
}