{
    "Ar36": {
        "error": 0.000148604463246654,
        "error_type": "SEM",
        "filter_outliers_dict": {
            "filter_outliers": true,
            "iterations": 1,
            "std_devs": 2,
            "use_standard_deviation_filtering": false
        },
        "fit": "Parabolic",
        "fn": 574,
        "include_baseline_error": false,
        "n": 600,
        "outlier_excluded": [
            0,
            258,
            388,
            269,
            150,
            541,
            157,
            173,
            429,
            560,
            446,
            575,
            322,
            195,
            580,
            327,
            588,
            591,
            477,
            485,
            493,
            367,
            501,
            374,
            248,
            381
        ],
        "reviewed": true,
        "user_excluded": [],
        "value": 0.00528259802820218
    },
    "Ar37": {
        "error": 0.010404859378069849,
        "error_type": "SEM",
        "filter_outliers_dict": {
            "filter_outliers": true,
            "iterations": 1,
            "std_devs": 2,
            "use_standard_deviation_filtering": false
        },
        "fit": "Linear",
        "fn": 577,
        "include_baseline_error": false,
        "n": 600,
        "outlier_excluded": [
            1,
            517,
            137,
            521,
            524,
            155,
            543,
            418,
            548,
            564,
            444,
            330,
            591,
            342,
            483,
            101,
            492,
            238,
            247,
            375,
            123,
            125,
            511
        ],
        "reviewed": true,
        "user_excluded": [],
        "value": 0.012427631152123529
    },
    "Ar38": {
        "error": 0.012039592496342578,
        "error_type": "SEM",
        "filter_outliers_dict": {
            "filter_outliers": true,
            "iterations": 1,
            "std_devs": 2,
            "use_standard_deviation_filtering": false
        },
        "fit": "Linear",
        "fn": 574,
        "include_baseline_error": false,
        "n": 600,
        "outlier_excluded": [
            129,
            390,
            391,
            140,
            24,
            163,
            36,
            550,
            46,
            47,
            563,
            565,
            311,
            577,
            329,
            330,
            331,
            458,
            469,
            475,
            92,
            222,
            480,
            227,
            494,
            239
        ],
        "reviewed": true,
        "user_excluded": [],
        "value": 0.8331063109938655
    },
    "Ar39": {
        "error": 0.02215204433982748,
        "error_type": "SEM",
        "filter_outliers_dict": {
            "filter_outliers": true,
            "iterations": 1,
            "std_devs": 2,
            "use_standard_deviation_filtering": false
        },
        "fit": "Parabolic",
        "fn": 573,
        "include_baseline_error": false,
        "n": 600,
        "outlier_excluded": [
            130,
            5,
            522,
            523,
            531,
            34,
            166,
            295,
            426,
            427,
            305,
            307,
            308,
            67,
            581,
            467,
            470,
            477,
            479,
            229,
            232,
            490,
            491,
            239,
            375,
            507,
            380
        ],
        "reviewed": true,
        "user_excluded": [],
        "value": 82.80412161201231
    },
    "Ar40": {
        "error": 0.016774393440344607,
        "error_type": "SEM",
        "filter_outliers_dict": {
            "filter_outliers": true,
            "iterations": 1,
            "std_devs": 2,
            "use_standard_deviation_filtering": false
        },
        "fit": "Parabolic",
        "fn": 574,
        "include_baseline_error": false,
        "n": 600,
        "outlier_excluded": [
            266,
            522,
            275,
            409,
            539,
            415,
            31,
            420,
            165,
            169,
            44,
            429,
            576,
            69,
            203,
            587,
            464,
            596,
            97,
            229,
            107,
            236,
            245,
            119,
            250,
            125
        ],
        "reviewed": true,
        "user_excluded": [],
        "value": 14.462143605850898
    },
    "Ar41": {
        "error": 0.0044718848125718655,
        "error_type": "SEM",
        "filter_outliers_dict": {
            "filter_outliers": true,
            "iterations": 1,
            "std_devs": 2,
            "use_standard_deviation_filtering": false
        },
        "fit": "average",
        "value": -0.0799420279010431
    }
}