{
    "Ar36": {
        "error": 0.0001483676235448468,
        "error_type": "SEM",
        "filter_outliers_dict": {
            "filter_outliers": true,
            "iterations": 1,
            "std_devs": 2,
            "use_standard_deviation_filtering": false
        },
        "fit": "Parabolic",
        "fn": 572,
        "include_baseline_error": false,
        "n": 600,
        "outlier_excluded": [
            389,
            522,
            12,
            397,
            285,
            544,
            289,
            547,
            294,
            423,
            424,
            425,
            299,
            437,
            565,
            567,
            444,
            324,
            327,
            335,
            467,
            90,
            222,
            225,
            482,
            357,
            496,
            375
        ],
        "reviewed": true,
        "user_excluded": [],
        "value": 0.0046831303194653
    },
    "Ar37": {
        "error": 0.01041620081764339,
        "error_type": "SEM",
        "filter_outliers_dict": {
            "filter_outliers": true,
            "iterations": 1,
            "std_devs": 2,
            "use_standard_deviation_filtering": false
        },
        "fit": "Linear",
        "fn": 572,
        "include_baseline_error": false,
        "n": 600,
        "outlier_excluded": [
            267,
            525,
            400,
            401,
            24,
            153,
            413,
            158,
            164,
            421,
            294,
            295,
            557,
            180,
            61,
            449,
            68,
            452,
            461,
            464,
            343,
            89,
            94,
            359,
            105,
            113,
            502,
            124
        ],
        "reviewed": true,
        "user_excluded": [],
        "value": 0.008503919264802227
    },
    "Ar38": {
        "error": 0.011400093971217802,
        "error_type": "SEM",
        "filter_outliers_dict": {
            "filter_outliers": true,
            "iterations": 1,
            "std_devs": 2,
            "use_standard_deviation_filtering": false
        },
        "fit": "Linear",
        "fn": 567,
        "include_baseline_error": false,
        "n": 600,
        "outlier_excluded": [
            512,
            258,
            388,
            390,
            10,
            526,
            404,
            407,
            286,
            36,
            548,
            426,
            427,
            556,
            54,
            310,
            56,
            313,
            440,
            198,
            203,
            593,
            210,
            467,
            216,
            218,
            230,
            231,
            106,
            107,
            490,
            369,
            119
        ],
        "reviewed": true,
        "user_excluded": [],
        "value": 0.024061799573013805
    },
    "Ar39": {
        "error": 0.01571891881636896,
        "error_type": "SEM",
        "filter_outliers_dict": {
            "filter_outliers": true,
            "iterations": 1,
            "std_devs": 2,
            "use_standard_deviation_filtering": false
        },
        "fit": "Parabolic",
        "fn": 571,
        "include_baseline_error": false,
        "n": 600,
        "outlier_excluded": [
            388,
            142,
            144,
            273,
            147,
            276,
            151,
            152,
            426,
            427,
            556,
            561,
            563,
            57,
            60,
            445,
            62,
            446,
            447,
            577,
            196,
            69,
            203,
            356,
            490,
            112,
            369,
            370,
            246
        ],
        "reviewed": true,
        "user_excluded": [],
        "value": 16.96105372967194
    },
    "Ar40": {
        "error": 0.01637143512394422,
        "error_type": "SEM",
        "filter_outliers_dict": {
            "filter_outliers": true,
            "iterations": 1,
            "std_devs": 2,
            "use_standard_deviation_filtering": false
        },
        "fit": "Parabolic",
        "fn": 571,
        "include_baseline_error": false,
        "n": 600,
        "outlier_excluded": [
            266,
            13,
            417,
            34,
            35,
            164,
            421,
            546,
            47,
            48,
            49,
            435,
            309,
            184,
            59,
            316,
            190,
            191,
            324,
            198,
            74,
            331,
            463,
            464,
            592,
            230,
            232,
            360,
            500
        ],
        "reviewed": true,
        "user_excluded": [],
        "value": 4.0240768964797216
    },
    "Ar41": {
        "error": 0.004464650982156502,
        "error_type": "SEM",
        "filter_outliers_dict": {
            "filter_outliers": true,
            "iterations": 1,
            "std_devs": 2,
            "use_standard_deviation_filtering": false
        },
        "fit": "average",
        "value": -0.06829968762216425
    }
}