{
    "Ar36": {
        "error": 0.00015052336350972496,
        "error_type": "SEM",
        "filter_outliers_dict": {
            "filter_outliers": true,
            "iterations": 1,
            "std_devs": 2,
            "use_standard_deviation_filtering": false
        },
        "fit": "Parabolic",
        "fn": 578,
        "include_baseline_error": false,
        "n": 600,
        "outlier_excluded": [
            524,
            281,
            418,
            302,
            430,
            569,
            574,
            451,
            589,
            208,
            592,
            593,
            470,
            345,
            477,
            354,
            361,
            372,
            250,
            508,
            381,
            127
        ],
        "reviewed": true,
        "user_excluded": [],
        "value": 0.004252907394011816
    },
    "Ar37": {
        "error": 0.01058199226763056,
        "error_type": "SEM",
        "filter_outliers_dict": {
            "filter_outliers": true,
            "iterations": 1,
            "std_devs": 2,
            "use_standard_deviation_filtering": false
        },
        "fit": "Linear",
        "fn": 575,
        "include_baseline_error": false,
        "n": 600,
        "outlier_excluded": [
            258,
            136,
            396,
            146,
            276,
            278,
            545,
            420,
            39,
            297,
            553,
            560,
            49,
            433,
            184,
            448,
            200,
            335,
            85,
            93,
            227,
            484,
            229,
            231,
            119
        ],
        "reviewed": true,
        "user_excluded": [],
        "value": 0.0013992278574454804
    },
    "Ar38": {
        "error": 0.010859307322657892,
        "error_type": "SEM",
        "filter_outliers_dict": {
            "filter_outliers": true,
            "iterations": 1,
            "std_devs": 2,
            "use_standard_deviation_filtering": false
        },
        "fit": "Linear",
        "fn": 563,
        "include_baseline_error": false,
        "n": 600,
        "outlier_excluded": [
            132,
            135,
            399,
            534,
            25,
            418,
            37,
            166,
            425,
            554,
            45,
            558,
            303,
            48,
            177,
            306,
            432,
            434,
            575,
            65,
            450,
            327,
            336,
            212,
            90,
            348,
            94,
            489,
            235,
            109,
            495,
            368,
            247,
            122,
            378,
            379,
            509
        ],
        "reviewed": true,
        "user_excluded": [],
        "value": 0.010461229132507747
    },
    "Ar39": {
        "error": 0.01706895242549755,
        "error_type": "SEM",
        "filter_outliers_dict": {
            "filter_outliers": true,
            "iterations": 1,
            "std_devs": 2,
            "use_standard_deviation_filtering": false
        },
        "fit": "Parabolic",
        "fn": 581,
        "include_baseline_error": false,
        "n": 600,
        "outlier_excluded": [
            547,
            69,
            263,
            73,
            329,
            140,
            205,
            496,
            177,
            178,
            371,
            565,
            22,
            23,
            246,
            538,
            59,
            542,
            223
        ],
        "reviewed": true,
        "user_excluded": [],
        "value": 16.512687720934764
    },
    "Ar40": {
        "error": 0.016605803205524676,
        "error_type": "SEM",
        "filter_outliers_dict": {
            "filter_outliers": true,
            "iterations": 1,
            "std_devs": 2,
            "use_standard_deviation_filtering": false
        },
        "fit": "Parabolic",
        "fn": 575,
        "include_baseline_error": false,
        "n": 600,
        "outlier_excluded": [
            396,
            143,
            152,
            155,
            542,
            544,
            41,
            43,
            436,
            451,
            70,
            582,
            459,
            335,
            210,
            339,
            597,
            89,
            353,
            482,
            360,
            366,
            372,
            246,
            377
        ],
        "reviewed": true,
        "user_excluded": [],
        "value": 3.7396294856131362
    },
    "Ar41": {
        "error": 0.0042572724278891775,
        "error_type": "SEM",
        "filter_outliers_dict": {
            "filter_outliers": true,
            "iterations": 1,
            "std_devs": 2,
            "use_standard_deviation_filtering": false
        },
        "fit": "average",
        "value": -0.06790687136234622
    }
}