{
    "Ar36": {
        "error": 0.000148226587407913,
        "error_type": "SEM",
        "filter_outliers_dict": {
            "filter_outliers": true,
            "iterations": 1,
            "std_devs": 2,
            "use_standard_deviation_filtering": false
        },
        "fit": "Parabolic",
        "fn": 570,
        "include_baseline_error": false,
        "n": 600,
        "outlier_excluded": [
            2,
            11,
            524,
            398,
            527,
            529,
            530,
            290,
            295,
            298,
            428,
            47,
            565,
            441,
            573,
            574,
            322,
            578,
            580,
            325,
            201,
            457,
            332,
            590,
            337,
            83,
            471,
            351,
            495,
            368
        ],
        "reviewed": true,
        "user_excluded": [],
        "value": 0.005925386450373869
    },
    "Ar37": {
        "error": 0.010342455652818494,
        "error_type": "SEM",
        "filter_outliers_dict": {
            "filter_outliers": true,
            "iterations": 1,
            "std_devs": 2,
            "use_standard_deviation_filtering": false
        },
        "fit": "Linear",
        "fn": 574,
        "include_baseline_error": false,
        "n": 600,
        "outlier_excluded": [
            144,
            145,
            155,
            543,
            291,
            38,
            560,
            443,
            446,
            193,
            195,
            454,
            200,
            334,
            464,
            209,
            342,
            345,
            91,
            347,
            485,
            241,
            243,
            248,
            253,
            255
        ],
        "reviewed": true,
        "user_excluded": [],
        "value": 0.008000233119204588
    },
    "Ar38": {
        "error": 0.01531581451664911,
        "error_type": "SEM",
        "filter_outliers_dict": {
            "filter_outliers": true,
            "iterations": 1,
            "std_devs": 2,
            "use_standard_deviation_filtering": false
        },
        "fit": "Linear",
        "fn": 587,
        "include_baseline_error": false,
        "n": 600,
        "outlier_excluded": [
            33,
            290,
            195,
            260,
            582,
            360,
            201,
            240,
            464,
            402,
            403,
            563,
            254
        ],
        "reviewed": true,
        "user_excluded": [],
        "value": 0.302767470650794
    },
    "Ar39": {
        "error": 0.018409619649344483,
        "error_type": "SEM",
        "filter_outliers_dict": {
            "filter_outliers": true,
            "iterations": 1,
            "std_devs": 2,
            "use_standard_deviation_filtering": false
        },
        "fit": "Parabolic",
        "fn": 577,
        "include_baseline_error": false,
        "n": 600,
        "outlier_excluded": [
            256,
            389,
            517,
            264,
            522,
            525,
            17,
            149,
            23,
            435,
            313,
            575,
            465,
            83,
            470,
            216,
            474,
            91,
            92,
            476,
            359,
            252,
            255
        ],
        "reviewed": true,
        "user_excluded": [],
        "value": 38.44566361307293
    },
    "Ar40": {
        "error": 0.015883955614468346,
        "error_type": "SEM",
        "filter_outliers_dict": {
            "filter_outliers": true,
            "iterations": 1,
            "std_devs": 2,
            "use_standard_deviation_filtering": false
        },
        "fit": "Parabolic",
        "fn": 571,
        "include_baseline_error": false,
        "n": 600,
        "outlier_excluded": [
            515,
            389,
            9,
            144,
            147,
            279,
            535,
            162,
            292,
            421,
            294,
            174,
            560,
            436,
            440,
            319,
            576,
            449,
            464,
            96,
            98,
            356,
            484,
            492,
            368,
            247,
            377,
            382,
            254
        ],
        "reviewed": true,
        "user_excluded": [],
        "value": 7.658098383774685
    },
    "Ar41": {
        "error": 0.004346667256333006,
        "error_type": "SEM",
        "filter_outliers_dict": {
            "filter_outliers": true,
            "iterations": 1,
            "std_devs": 2,
            "use_standard_deviation_filtering": false
        },
        "fit": "average",
        "value": -0.06738817332908684
    }
}