{
    "Ar36": {
        "error": 0.0001511039076697399,
        "error_type": "SEM",
        "filter_outliers_dict": {
            "filter_outliers": true,
            "iterations": 1,
            "std_devs": 2,
            "use_standard_deviation_filtering": false
        },
        "fit": "Parabolic",
        "fn": 578,
        "include_baseline_error": false,
        "n": 600,
        "outlier_excluded": [
            6,
            519,
            406,
            28,
            160,
            33,
            420,
            555,
            429,
            575,
            64,
            591,
            344,
            347,
            352,
            482,
            483,
            234,
            495,
            368,
            501,
            505
        ],
        "reviewed": true,
        "user_excluded": [],
        "value": 0.005453471756729753
    },
    "Ar37": {
        "error": 0.009677318943913372,
        "error_type": "SEM",
        "filter_outliers_dict": {
            "filter_outliers": true,
            "iterations": 1,
            "std_devs": 2,
            "use_standard_deviation_filtering": false
        },
        "fit": "Linear",
        "fn": 571,
        "include_baseline_error": false,
        "n": 600,
        "outlier_excluded": [
            517,
            8,
            414,
            37,
            423,
            424,
            551,
            42,
            428,
            302,
            431,
            178,
            306,
            52,
            438,
            312,
            571,
            574,
            577,
            451,
            75,
            466,
            469,
            344,
            486,
            104,
            488,
            115,
            124
        ],
        "reviewed": true,
        "user_excluded": [],
        "value": 0.013124666231421292
    },
    "Ar38": {
        "error": 0.012005075721233827,
        "error_type": "SEM",
        "filter_outliers_dict": {
            "filter_outliers": true,
            "iterations": 1,
            "std_devs": 2,
            "use_standard_deviation_filtering": false
        },
        "fit": "Linear",
        "fn": 579,
        "include_baseline_error": false,
        "n": 600,
        "outlier_excluded": [
            480,
            451,
            486,
            7,
            104,
            456,
            236,
            526,
            431,
            495,
            145,
            273,
            211,
            562,
            85,
            595,
            596,
            379,
            573,
            414,
            511
        ],
        "reviewed": true,
        "user_excluded": [],
        "value": 0.9817842094259117
    },
    "Ar39": {
        "error": 0.0234106238778916,
        "error_type": "SEM",
        "filter_outliers_dict": {
            "filter_outliers": true,
            "iterations": 1,
            "std_devs": 2,
            "use_standard_deviation_filtering": false
        },
        "fit": "Parabolic",
        "fn": 571,
        "include_baseline_error": false,
        "n": 600,
        "outlier_excluded": [
            132,
            134,
            403,
            148,
            150,
            151,
            539,
            413,
            161,
            34,
            168,
            175,
            575,
            449,
            450,
            196,
            203,
            204,
            79,
            84,
            216,
            351,
            225,
            486,
            490,
            369,
            115,
            116,
            126
        ],
        "reviewed": true,
        "user_excluded": [],
        "value": 92.59377684873591
    },
    "Ar40": {
        "error": 0.0168794940354659,
        "error_type": "SEM",
        "filter_outliers_dict": {
            "filter_outliers": true,
            "iterations": 1,
            "std_devs": 2,
            "use_standard_deviation_filtering": false
        },
        "fit": "Parabolic",
        "fn": 577,
        "include_baseline_error": false,
        "n": 600,
        "outlier_excluded": [
            2,
            387,
            516,
            395,
            396,
            19,
            535,
            285,
            288,
            560,
            182,
            189,
            64,
            197,
            77,
            337,
            469,
            598,
            215,
            217,
            359,
            119,
            382
        ],
        "reviewed": true,
        "user_excluded": [],
        "value": 16.729929799059192
    },
    "Ar41": {
        "error": 0.004503633123182889,
        "error_type": "SEM",
        "filter_outliers_dict": {
            "filter_outliers": true,
            "iterations": 1,
            "std_devs": 2,
            "use_standard_deviation_filtering": false
        },
        "fit": "average",
        "value": -0.06810328839677052
    }
}