{
    "Ar36": {
        "error": 0.00015723187925778222,
        "error_type": "SEM",
        "filter_outliers_dict": {
            "filter_outliers": true,
            "iterations": 1,
            "std_devs": 2,
            "use_standard_deviation_filtering": false
        },
        "fit": "Parabolic",
        "fn": 572,
        "include_baseline_error": false,
        "n": 600,
        "outlier_excluded": [
            526,
            272,
            278,
            280,
            415,
            288,
            543,
            38,
            423,
            297,
            554,
            445,
            321,
            450,
            451,
            452,
            456,
            73,
            585,
            461,
            334,
            592,
            595,
            470,
            344,
            475,
            226,
            362
        ],
        "reviewed": true,
        "user_excluded": [],
        "value": 0.0057798229881153955
    },
    "Ar37": {
        "error": 0.010338577587942484,
        "error_type": "SEM",
        "filter_outliers_dict": {
            "filter_outliers": true,
            "iterations": 1,
            "std_devs": 2,
            "use_standard_deviation_filtering": false
        },
        "fit": "Linear",
        "fn": 570,
        "include_baseline_error": false,
        "n": 600,
        "outlier_excluded": [
            262,
            265,
            525,
            406,
            151,
            24,
            413,
            286,
            33,
            546,
            556,
            47,
            305,
            568,
            61,
            447,
            576,
            328,
            457,
            590,
            211,
            472,
            90,
            98,
            354,
            357,
            364,
            366,
            115,
            382
        ],
        "reviewed": true,
        "user_excluded": [],
        "value": 0.019237722921522833
    },
    "Ar38": {
        "error": 0.011568708443747853,
        "error_type": "SEM",
        "filter_outliers_dict": {
            "filter_outliers": true,
            "iterations": 1,
            "std_devs": 2,
            "use_standard_deviation_filtering": false
        },
        "fit": "Linear",
        "fn": 576,
        "include_baseline_error": false,
        "n": 600,
        "outlier_excluded": [
            256,
            517,
            263,
            520,
            266,
            11,
            268,
            397,
            522,
            280,
            158,
            553,
            171,
            177,
            51,
            181,
            61,
            449,
            202,
            464,
            101,
            103,
            361,
            490
        ],
        "reviewed": true,
        "user_excluded": [],
        "value": 1.1371262230186563
    },
    "Ar39": {
        "error": 0.026048113683723166,
        "error_type": "SEM",
        "filter_outliers_dict": {
            "filter_outliers": true,
            "iterations": 1,
            "std_devs": 2,
            "use_standard_deviation_filtering": false
        },
        "fit": "Parabolic",
        "fn": 578,
        "include_baseline_error": false,
        "n": 600,
        "outlier_excluded": [
            258,
            270,
            150,
            22,
            163,
            37,
            552,
            304,
            321,
            588,
            591,
            468,
            469,
            474,
            350,
            352,
            102,
            108,
            241,
            243,
            118,
            377
        ],
        "reviewed": true,
        "user_excluded": [],
        "value": 103.93286431397915
    },
    "Ar40": {
        "error": 0.016519772436011465,
        "error_type": "SEM",
        "filter_outliers_dict": {
            "filter_outliers": true,
            "iterations": 1,
            "std_devs": 2,
            "use_standard_deviation_filtering": false
        },
        "fit": "Parabolic",
        "fn": 571,
        "include_baseline_error": false,
        "n": 600,
        "outlier_excluded": [
            384,
            512,
            263,
            394,
            523,
            12,
            268,
            396,
            527,
            402,
            403,
            39,
            432,
            189,
            190,
            193,
            450,
            69,
            454,
            455,
            589,
            463,
            466,
            339,
            101,
            487,
            112,
            115,
            245
        ],
        "reviewed": true,
        "user_excluded": [],
        "value": 19.09498390754606
    },
    "Ar41": {
        "error": 0.004525686336971173,
        "error_type": "SEM",
        "filter_outliers_dict": {
            "filter_outliers": true,
            "iterations": 1,
            "std_devs": 2,
            "use_standard_deviation_filtering": false
        },
        "fit": "average",
        "value": -0.0758211692767022
    }
}