{
    "Ar36": {
        "error": 0.0001509574916592199,
        "error_type": "SEM",
        "filter_outliers_dict": {
            "filter_outliers": true,
            "iterations": 1,
            "std_devs": 2,
            "use_standard_deviation_filtering": false
        },
        "fit": "Parabolic",
        "fn": 574,
        "include_baseline_error": false,
        "n": 600,
        "outlier_excluded": [
            389,
            518,
            138,
            523,
            268,
            524,
            411,
            555,
            304,
            435,
            58,
            443,
            571,
            456,
            459,
            77,
            593,
            597,
            474,
            347,
            478,
            479,
            97,
            490,
            374,
            248
        ],
        "reviewed": true,
        "user_excluded": [],
        "value": 0.0044004420121402515
    },
    "Ar37": {
        "error": 0.009883168114436548,
        "error_type": "SEM",
        "filter_outliers_dict": {
            "filter_outliers": true,
            "iterations": 1,
            "std_devs": 2,
            "use_standard_deviation_filtering": false
        },
        "fit": "Linear",
        "fn": 570,
        "include_baseline_error": false,
        "n": 600,
        "outlier_excluded": [
            133,
            394,
            523,
            396,
            145,
            278,
            151,
            409,
            157,
            30,
            159,
            165,
            424,
            552,
            556,
            561,
            311,
            319,
            582,
            73,
            589,
            84,
            222,
            493,
            240,
            497,
            370,
            509,
            382,
            255
        ],
        "reviewed": true,
        "user_excluded": [],
        "value": 0.013496084674844172
    },
    "Ar38": {
        "error": 0.013511105446639896,
        "error_type": "SEM",
        "filter_outliers_dict": {
            "filter_outliers": true,
            "iterations": 1,
            "std_devs": 2,
            "use_standard_deviation_filtering": false
        },
        "fit": "Linear",
        "fn": 582,
        "include_baseline_error": false,
        "n": 600,
        "outlier_excluded": [
            256,
            167,
            489,
            234,
            461,
            335,
            559,
            337,
            369,
            500,
            117,
            22,
            534,
            344,
            408,
            314,
            219,
            188
        ],
        "reviewed": true,
        "user_excluded": [],
        "value": 0.10952801004126236
    },
    "Ar39": {
        "error": 0.017322473972752023,
        "error_type": "SEM",
        "filter_outliers_dict": {
            "filter_outliers": true,
            "iterations": 1,
            "std_devs": 2,
            "use_standard_deviation_filtering": false
        },
        "fit": "Parabolic",
        "fn": 568,
        "include_baseline_error": false,
        "n": 600,
        "outlier_excluded": [
            524,
            526,
            272,
            401,
            403,
            404,
            21,
            157,
            287,
            295,
            424,
            299,
            560,
            567,
            192,
            577,
            324,
            329,
            330,
            586,
            80,
            593,
            83,
            340,
            346,
            350,
            484,
            357,
            112,
            369,
            371,
            379
        ],
        "reviewed": true,
        "user_excluded": [],
        "value": 23.01678880828274
    },
    "Ar40": {
        "error": 0.018117521645699176,
        "error_type": "SEM",
        "filter_outliers_dict": {
            "filter_outliers": true,
            "iterations": 1,
            "std_devs": 2,
            "use_standard_deviation_filtering": false
        },
        "fit": "Parabolic",
        "fn": 571,
        "include_baseline_error": false,
        "n": 600,
        "outlier_excluded": [
            512,
            263,
            11,
            524,
            14,
            532,
            155,
            413,
            419,
            46,
            433,
            179,
            439,
            440,
            573,
            68,
            455,
            585,
            590,
            209,
            338,
            83,
            227,
            492,
            239,
            112,
            496,
            509,
            255
        ],
        "reviewed": true,
        "user_excluded": [],
        "value": 4.975531072543406
    },
    "Ar41": {
        "error": 0.004616110944060421,
        "error_type": "SEM",
        "filter_outliers_dict": {
            "filter_outliers": true,
            "iterations": 1,
            "std_devs": 2,
            "use_standard_deviation_filtering": false
        },
        "fit": "average",
        "value": -0.06340763208608369
    }
}