{
    "Ar36": {
        "error": 0.0001531007300552718,
        "error_type": "SEM",
        "filter_outliers_dict": {
            "filter_outliers": true,
            "iterations": 1,
            "std_devs": 2,
            "use_standard_deviation_filtering": false
        },
        "fit": "Parabolic",
        "fn": 572,
        "include_baseline_error": false,
        "n": 600,
        "outlier_excluded": [
            520,
            523,
            397,
            400,
            530,
            531,
            412,
            542,
            562,
            316,
            190,
            192,
            452,
            455,
            336,
            464,
            596,
            344,
            223,
            480,
            353,
            227,
            361,
            369,
            245,
            121,
            251,
            379
        ],
        "reviewed": true,
        "user_excluded": [],
        "value": 0.00798361857610175
    },
    "Ar37": {
        "error": 0.010465520041443854,
        "error_type": "SEM",
        "filter_outliers_dict": {
            "filter_outliers": true,
            "iterations": 1,
            "std_devs": 2,
            "use_standard_deviation_filtering": false
        },
        "fit": "Linear",
        "fn": 575,
        "include_baseline_error": false,
        "n": 600,
        "outlier_excluded": [
            129,
            4,
            265,
            539,
            158,
            289,
            547,
            423,
            555,
            430,
            47,
            562,
            563,
            190,
            594,
            211,
            85,
            222,
            478,
            489,
            234,
            107,
            365,
            367,
            126
        ],
        "reviewed": true,
        "user_excluded": [],
        "value": 0.042059137196118375
    },
    "Ar38": {
        "error": 0.012518322893765284,
        "error_type": "SEM",
        "filter_outliers_dict": {
            "filter_outliers": true,
            "iterations": 1,
            "std_devs": 2,
            "use_standard_deviation_filtering": false
        },
        "fit": "Linear",
        "fn": 573,
        "include_baseline_error": false,
        "n": 600,
        "outlier_excluded": [
            2,
            5,
            161,
            163,
            47,
            314,
            187,
            188,
            571,
            190,
            576,
            458,
            75,
            464,
            337,
            85,
            87,
            215,
            474,
            348,
            92,
            354,
            482,
            102,
            360,
            251,
            509
        ],
        "reviewed": true,
        "user_excluded": [],
        "value": 0.07513886300654388
    },
    "Ar39": {
        "error": 0.007431190157231037,
        "error_type": "SEM",
        "filter_outliers_dict": {
            "filter_outliers": true,
            "iterations": 1,
            "std_devs": 2,
            "use_standard_deviation_filtering": false
        },
        "fit": "Parabolic",
        "fn": 572,
        "include_baseline_error": false,
        "n": 600,
        "outlier_excluded": [
            515,
            136,
            265,
            143,
            21,
            29,
            164,
            43,
            427,
            174,
            53,
            571,
            60,
            320,
            578,
            72,
            458,
            333,
            334,
            592,
            338,
            340,
            103,
            487,
            488,
            234,
            246,
            119
        ],
        "reviewed": true,
        "user_excluded": [],
        "value": 13.29764307018306
    },
    "Ar40": {
        "error": 0.015059793775620445,
        "error_type": "SEM",
        "filter_outliers_dict": {
            "filter_outliers": true,
            "iterations": 1,
            "std_devs": 2,
            "use_standard_deviation_filtering": false
        },
        "fit": "Parabolic",
        "fn": 568,
        "include_baseline_error": false,
        "n": 600,
        "outlier_excluded": [
            138,
            12,
            398,
            399,
            526,
            410,
            158,
            421,
            166,
            550,
            551,
            171,
            47,
            48,
            179,
            316,
            572,
            323,
            328,
            458,
            589,
            78,
            464,
            474,
            101,
            238,
            115,
            116,
            121,
            124,
            382,
            383
        ],
        "reviewed": true,
        "user_excluded": [],
        "value": 4.238516556067427
    },
    "Ar41": {
        "error": 0.010537876899946116,
        "error_type": "SEM",
        "filter_outliers_dict": {
            "filter_outliers": true,
            "iterations": 1,
            "std_devs": 2,
            "use_standard_deviation_filtering": false
        },
        "fit": "linear",
        "value": 0.25953125248309483
    }
}