{
    "Ar36": {
        "error": 0.0001408238074307508,
        "error_type": "SEM",
        "filter_outliers_dict": {
            "filter_outliers": true,
            "iterations": 1,
            "std_devs": 2,
            "use_standard_deviation_filtering": false
        },
        "fit": "Parabolic",
        "fn": 571,
        "include_baseline_error": false,
        "n": 600,
        "outlier_excluded": [
            385,
            258,
            515,
            141,
            274,
            402,
            544,
            292,
            426,
            434,
            179,
            435,
            439,
            191,
            575,
            453,
            454,
            327,
            584,
            331,
            587,
            465,
            593,
            597,
            215,
            353,
            483,
            498,
            254
        ],
        "reviewed": true,
        "user_excluded": [],
        "value": 0.003789385308549927
    },
    "Ar37": {
        "error": 0.009845808695486302,
        "error_type": "SEM",
        "filter_outliers_dict": {
            "filter_outliers": true,
            "iterations": 1,
            "std_devs": 2,
            "use_standard_deviation_filtering": false
        },
        "fit": "Linear",
        "fn": 570,
        "include_baseline_error": false,
        "n": 600,
        "outlier_excluded": [
            130,
            387,
            516,
            517,
            140,
            13,
            17,
            21,
            152,
            158,
            160,
            161,
            545,
            292,
            561,
            53,
            182,
            189,
            576,
            456,
            74,
            462,
            595,
            470,
            216,
            476,
            483,
            100,
            490,
            500
        ],
        "reviewed": true,
        "user_excluded": [],
        "value": -0.0066808427023734174
    },
    "Ar38": {
        "error": 0.008844614047073396,
        "error_type": "SEM",
        "filter_outliers_dict": {
            "filter_outliers": true,
            "iterations": 1,
            "std_devs": 2,
            "use_standard_deviation_filtering": false
        },
        "fit": "Linear",
        "fn": 554,
        "include_baseline_error": false,
        "n": 600,
        "outlier_excluded": [
            266,
            139,
            141,
            143,
            531,
            276,
            152,
            412,
            413,
            159,
            287,
            288,
            291,
            554,
            299,
            557,
            302,
            309,
            567,
            185,
            186,
            442,
            445,
            66,
            578,
            328,
            456,
            458,
            75,
            460,
            585,
            336,
            82,
            467,
            95,
            483,
            229,
            359,
            360,
            363,
            108,
            112,
            247,
            503,
            377,
            381
        ],
        "reviewed": true,
        "user_excluded": [],
        "value": -0.03292494197682559
    },
    "Ar39": {
        "error": 0.015293191060488603,
        "error_type": "SEM",
        "filter_outliers_dict": {
            "filter_outliers": true,
            "iterations": 1,
            "std_devs": 2,
            "use_standard_deviation_filtering": false
        },
        "fit": "Parabolic",
        "fn": 570,
        "include_baseline_error": false,
        "n": 600,
        "outlier_excluded": [
            128,
            30,
            542,
            543,
            42,
            43,
            48,
            180,
            572,
            72,
            462,
            463,
            597,
            344,
            348,
            223,
            96,
            107,
            367,
            368,
            495,
            496,
            501,
            118,
            503,
            377,
            507,
            252,
            124,
            125
        ],
        "reviewed": true,
        "user_excluded": [],
        "value": 11.024026927975122
    },
    "Ar40": {
        "error": 0.016348682416438123,
        "error_type": "SEM",
        "filter_outliers_dict": {
            "filter_outliers": true,
            "iterations": 1,
            "std_devs": 2,
            "use_standard_deviation_filtering": false
        },
        "fit": "Parabolic",
        "fn": 576,
        "include_baseline_error": false,
        "n": 600,
        "outlier_excluded": [
            2,
            261,
            393,
            399,
            146,
            539,
            286,
            174,
            437,
            316,
            189,
            453,
            199,
            586,
            78,
            342,
            478,
            94,
            355,
            107,
            363,
            240,
            253,
            127
        ],
        "reviewed": true,
        "user_excluded": [],
        "value": 2.9441157161598266
    },
    "Ar41": {
        "error": 0.004569952975553361,
        "error_type": "SEM",
        "filter_outliers_dict": {
            "filter_outliers": true,
            "iterations": 1,
            "std_devs": 2,
            "use_standard_deviation_filtering": false
        },
        "fit": "average",
        "value": -0.07007216155457632
    }
}