{
    "Ar36": {
        "error": 0.00017610908142386752,
        "error_type": "SEM",
        "filter_outliers_dict": {
            "filter_outliers": true,
            "iterations": 1,
            "std_devs": 2,
            "use_standard_deviation_filtering": false
        },
        "fit": "Parabolic",
        "fn": 574,
        "include_baseline_error": false,
        "n": 600,
        "outlier_excluded": [
            515,
            390,
            523,
            396,
            526,
            399,
            144,
            276,
            158,
            33,
            165,
            429,
            313,
            572,
            317,
            574,
            577,
            464,
            594,
            469,
            474,
            354,
            491,
            492,
            379,
            507
        ],
        "reviewed": true,
        "user_excluded": [],
        "value": 0.010341958406181358
    },
    "Ar37": {
        "error": 0.010634760263098338,
        "error_type": "SEM",
        "filter_outliers_dict": {
            "filter_outliers": true,
            "iterations": 1,
            "std_devs": 2,
            "use_standard_deviation_filtering": false
        },
        "fit": "Linear",
        "fn": 568,
        "include_baseline_error": false,
        "n": 600,
        "outlier_excluded": [
            515,
            134,
            262,
            263,
            266,
            268,
            147,
            149,
            537,
            411,
            156,
            159,
            31,
            35,
            166,
            312,
            569,
            186,
            453,
            585,
            587,
            79,
            81,
            465,
            347,
            478,
            99,
            366,
            116,
            117,
            118,
            509
        ],
        "reviewed": true,
        "user_excluded": [],
        "value": 0.03681805386898859
    },
    "Ar38": {
        "error": 0.014046747204860486,
        "error_type": "SEM",
        "filter_outliers_dict": {
            "filter_outliers": true,
            "iterations": 1,
            "std_devs": 2,
            "use_standard_deviation_filtering": false
        },
        "fit": "Linear",
        "fn": 582,
        "include_baseline_error": false,
        "n": 600,
        "outlier_excluded": [
            96,
            129,
            99,
            131,
            163,
            7,
            72,
            295,
            519,
            588,
            142,
            112,
            306,
            53,
            342,
            185,
            188,
            348
        ],
        "reviewed": true,
        "user_excluded": [],
        "value": 0.14371482821753306
    },
    "Ar39": {
        "error": 0.008605106593172158,
        "error_type": "SEM",
        "filter_outliers_dict": {
            "filter_outliers": true,
            "iterations": 1,
            "std_devs": 2,
            "use_standard_deviation_filtering": false
        },
        "fit": "Parabolic",
        "fn": 570,
        "include_baseline_error": false,
        "n": 600,
        "outlier_excluded": [
            0,
            19,
            532,
            536,
            409,
            27,
            415,
            161,
            555,
            558,
            49,
            53,
            314,
            315,
            60,
            572,
            447,
            73,
            586,
            460,
            462,
            339,
            595,
            472,
            94,
            108,
            109,
            236,
            113,
            125
        ],
        "reviewed": true,
        "user_excluded": [],
        "value": 19.481963933736957
    },
    "Ar40": {
        "error": 0.015941127805417447,
        "error_type": "SEM",
        "filter_outliers_dict": {
            "filter_outliers": true,
            "iterations": 1,
            "std_devs": 2,
            "use_standard_deviation_filtering": false
        },
        "fit": "Parabolic",
        "fn": 575,
        "include_baseline_error": false,
        "n": 600,
        "outlier_excluded": [
            385,
            130,
            3,
            265,
            404,
            149,
            533,
            155,
            173,
            430,
            438,
            313,
            64,
            323,
            202,
            333,
            335,
            211,
            596,
            93,
            226,
            104,
            493,
            494,
            255
        ],
        "reviewed": true,
        "user_excluded": [],
        "value": 6.3129981077252815
    },
    "Ar41": {
        "error": 0.010422104999783466,
        "error_type": "SEM",
        "filter_outliers_dict": {
            "filter_outliers": true,
            "iterations": 1,
            "std_devs": 2,
            "use_standard_deviation_filtering": false
        },
        "fit": "linear",
        "value": 0.2735327345010648
    }
}