{
    "Ar36": {
        "error": 0.00020139557726006182,
        "error_type": "SEM",
        "filter_outliers_dict": {
            "filter_outliers": true,
            "iterations": 1,
            "std_devs": 2,
            "use_standard_deviation_filtering": false
        },
        "fit": "Parabolic",
        "fn": 572,
        "include_baseline_error": false,
        "n": 600,
        "outlier_excluded": [
            268,
            399,
            144,
            531,
            424,
            172,
            431,
            435,
            56,
            69,
            70,
            456,
            584,
            458,
            464,
            337,
            466,
            597,
            91,
            225,
            226,
            354,
            359,
            233,
            110,
            373,
            376,
            505
        ],
        "reviewed": true,
        "user_excluded": [],
        "value": 0.015351733495629122
    },
    "Ar37": {
        "error": 0.009708534726541042,
        "error_type": "SEM",
        "filter_outliers_dict": {
            "filter_outliers": true,
            "iterations": 1,
            "std_devs": 2,
            "use_standard_deviation_filtering": false
        },
        "fit": "Linear",
        "fn": 573,
        "include_baseline_error": false,
        "n": 600,
        "outlier_excluded": [
            386,
            515,
            5,
            12,
            531,
            404,
            532,
            280,
            284,
            157,
            426,
            558,
            181,
            54,
            313,
            316,
            448,
            336,
            467,
            474,
            223,
            482,
            488,
            499,
            373,
            249,
            123
        ],
        "reviewed": true,
        "user_excluded": [],
        "value": 0.06012706915359427
    },
    "Ar38": {
        "error": 0.013773068984540497,
        "error_type": "SEM",
        "filter_outliers_dict": {
            "filter_outliers": true,
            "iterations": 1,
            "std_devs": 2,
            "use_standard_deviation_filtering": false
        },
        "fit": "Linear",
        "fn": 579,
        "include_baseline_error": false,
        "n": 600,
        "outlier_excluded": [
            96,
            256,
            384,
            163,
            260,
            292,
            326,
            135,
            393,
            140,
            301,
            397,
            143,
            564,
            247,
            217,
            123,
            252,
            507,
            126,
            540
        ],
        "reviewed": true,
        "user_excluded": [],
        "value": 0.11106114566008721
    },
    "Ar39": {
        "error": 0.0075934778278905915,
        "error_type": "SEM",
        "filter_outliers_dict": {
            "filter_outliers": true,
            "iterations": 1,
            "std_devs": 2,
            "use_standard_deviation_filtering": false
        },
        "fit": "Parabolic",
        "fn": 571,
        "include_baseline_error": false,
        "n": 600,
        "outlier_excluded": [
            128,
            260,
            412,
            285,
            165,
            558,
            435,
            436,
            567,
            571,
            316,
            64,
            579,
            196,
            69,
            581,
            460,
            588,
            87,
            88,
            217,
            478,
            99,
            492,
            240,
            371,
            372,
            126,
            382
        ],
        "reviewed": true,
        "user_excluded": [],
        "value": 15.438222599575166
    },
    "Ar40": {
        "error": 0.01609169296357465,
        "error_type": "SEM",
        "filter_outliers_dict": {
            "filter_outliers": true,
            "iterations": 1,
            "std_devs": 2,
            "use_standard_deviation_filtering": false
        },
        "fit": "Parabolic",
        "fn": 576,
        "include_baseline_error": false,
        "n": 600,
        "outlier_excluded": [
            1,
            9,
            268,
            407,
            25,
            412,
            413,
            540,
            544,
            418,
            39,
            552,
            175,
            304,
            435,
            565,
            57,
            188,
            448,
            454,
            84,
            342,
            353,
            375
        ],
        "reviewed": true,
        "user_excluded": [],
        "value": 7.024331396628452
    },
    "Ar41": {
        "error": 0.010798960336309825,
        "error_type": "SEM",
        "filter_outliers_dict": {
            "filter_outliers": true,
            "iterations": 1,
            "std_devs": 2,
            "use_standard_deviation_filtering": false
        },
        "fit": "linear",
        "value": 0.2657203606893751
    }
}