{
    "Ar36": {
        "error": 0.00021858279741198292,
        "error_type": "SEM",
        "filter_outliers_dict": {
            "filter_outliers": true,
            "iterations": 1,
            "std_devs": 2,
            "use_standard_deviation_filtering": false
        },
        "fit": "Parabolic",
        "fn": 576,
        "include_baseline_error": false,
        "n": 600,
        "outlier_excluded": [
            0,
            525,
            24,
            410,
            160,
            288,
            554,
            174,
            180,
            308,
            568,
            570,
            323,
            465,
            83,
            470,
            474,
            480,
            359,
            111,
            375,
            503,
            251,
            380
        ],
        "reviewed": true,
        "user_excluded": [],
        "value": 0.0219957800710969
    },
    "Ar37": {
        "error": 0.009948814431923513,
        "error_type": "SEM",
        "filter_outliers_dict": {
            "filter_outliers": true,
            "iterations": 1,
            "std_devs": 2,
            "use_standard_deviation_filtering": false
        },
        "fit": "Linear",
        "fn": 567,
        "include_baseline_error": false,
        "n": 600,
        "outlier_excluded": [
            129,
            257,
            4,
            140,
            15,
            143,
            405,
            282,
            414,
            286,
            424,
            426,
            432,
            433,
            567,
            313,
            443,
            444,
            63,
            467,
            85,
            352,
            225,
            99,
            483,
            362,
            490,
            238,
            240,
            368,
            503,
            248,
            510
        ],
        "reviewed": true,
        "user_excluded": [],
        "value": 0.03450555223789883
    },
    "Ar38": {
        "error": 0.013689738468294459,
        "error_type": "SEM",
        "filter_outliers_dict": {
            "filter_outliers": true,
            "iterations": 1,
            "std_devs": 2,
            "use_standard_deviation_filtering": false
        },
        "fit": "Linear",
        "fn": 578,
        "include_baseline_error": false,
        "n": 600,
        "outlier_excluded": [
            129,
            19,
            25,
            154,
            283,
            544,
            172,
            302,
            181,
            182,
            442,
            447,
            452,
            338,
            597,
            215,
            353,
            106,
            236,
            364,
            493,
            249
        ],
        "reviewed": true,
        "user_excluded": [],
        "value": 0.4200702027038863
    },
    "Ar39": {
        "error": 0.008693153335986397,
        "error_type": "SEM",
        "filter_outliers_dict": {
            "filter_outliers": true,
            "iterations": 1,
            "std_devs": 2,
            "use_standard_deviation_filtering": false
        },
        "fit": "Parabolic",
        "fn": 572,
        "include_baseline_error": false,
        "n": 600,
        "outlier_excluded": [
            262,
            9,
            393,
            396,
            279,
            281,
            28,
            158,
            159,
            414,
            161,
            418,
            41,
            170,
            49,
            179,
            436,
            437,
            440,
            66,
            78,
            88,
            223,
            104,
            114,
            372,
            376,
            252
        ],
        "reviewed": true,
        "user_excluded": [],
        "value": 36.108720754880025
    },
    "Ar40": {
        "error": 0.015859598724320603,
        "error_type": "SEM",
        "filter_outliers_dict": {
            "filter_outliers": true,
            "iterations": 1,
            "std_devs": 2,
            "use_standard_deviation_filtering": false
        },
        "fit": "Parabolic",
        "fn": 572,
        "include_baseline_error": false,
        "n": 600,
        "outlier_excluded": [
            5,
            261,
            264,
            393,
            16,
            286,
            164,
            41,
            429,
            46,
            432,
            49,
            184,
            190,
            65,
            449,
            596,
            213,
            472,
            477,
            230,
            360,
            490,
            493,
            497,
            119,
            247,
            248
        ],
        "reviewed": true,
        "user_excluded": [],
        "value": 12.492960704015447
    },
    "Ar41": {
        "error": 0.010005055800751195,
        "error_type": "SEM",
        "filter_outliers_dict": {
            "filter_outliers": true,
            "iterations": 1,
            "std_devs": 2,
            "use_standard_deviation_filtering": false
        },
        "fit": "linear",
        "value": 0.25628562541929806
    }
}