{
    "Ar36": {
        "error": 0.0002570873500869223,
        "error_type": "SEM",
        "filter_outliers_dict": {
            "filter_outliers": true,
            "iterations": 1,
            "std_devs": 2,
            "use_standard_deviation_filtering": false
        },
        "fit": "Parabolic",
        "fn": 571,
        "include_baseline_error": false,
        "n": 600,
        "outlier_excluded": [
            386,
            259,
            7,
            522,
            143,
            400,
            402,
            536,
            410,
            27,
            160,
            288,
            38,
            551,
            432,
            180,
            53,
            572,
            65,
            199,
            327,
            466,
            469,
            352,
            226,
            356,
            101,
            105,
            366
        ],
        "reviewed": true,
        "user_excluded": [],
        "value": 0.028698561853230074
    },
    "Ar37": {
        "error": 0.01039742555532858,
        "error_type": "SEM",
        "filter_outliers_dict": {
            "filter_outliers": true,
            "iterations": 1,
            "std_devs": 2,
            "use_standard_deviation_filtering": false
        },
        "fit": "Linear",
        "fn": 578,
        "include_baseline_error": false,
        "n": 600,
        "outlier_excluded": [
            128,
            387,
            398,
            273,
            404,
            532,
            155,
            158,
            417,
            424,
            171,
            180,
            566,
            314,
            448,
            200,
            589,
            599,
            218,
            229,
            358,
            507
        ],
        "reviewed": true,
        "user_excluded": [],
        "value": 0.04740917653384657
    },
    "Ar38": {
        "error": 0.010257091832786914,
        "error_type": "SEM",
        "filter_outliers_dict": {
            "filter_outliers": true,
            "iterations": 1,
            "std_devs": 2,
            "use_standard_deviation_filtering": false
        },
        "fit": "Linear",
        "fn": 564,
        "include_baseline_error": false,
        "n": 600,
        "outlier_excluded": [
            512,
            135,
            269,
            533,
            538,
            288,
            291,
            426,
            170,
            43,
            173,
            48,
            433,
            434,
            438,
            567,
            445,
            575,
            192,
            586,
            204,
            590,
            81,
            466,
            342,
            598,
            473,
            483,
            359,
            105,
            108,
            493,
            366,
            239,
            113,
            504
        ],
        "reviewed": true,
        "user_excluded": [],
        "value": 0.5850897567998135
    },
    "Ar39": {
        "error": 0.010266116310376465,
        "error_type": "SEM",
        "filter_outliers_dict": {
            "filter_outliers": true,
            "iterations": 1,
            "std_devs": 2,
            "use_standard_deviation_filtering": false
        },
        "fit": "Parabolic",
        "fn": 574,
        "include_baseline_error": false,
        "n": 600,
        "outlier_excluded": [
            256,
            514,
            133,
            138,
            522,
            17,
            147,
            20,
            150,
            23,
            534,
            34,
            167,
            295,
            423,
            200,
            588,
            205,
            594,
            471,
            96,
            101,
            360,
            244,
            245,
            502
        ],
        "reviewed": true,
        "user_excluded": [],
        "value": 49.2480419117907
    },
    "Ar40": {
        "error": 0.015667251501464047,
        "error_type": "SEM",
        "filter_outliers_dict": {
            "filter_outliers": true,
            "iterations": 1,
            "std_devs": 2,
            "use_standard_deviation_filtering": false
        },
        "fit": "Parabolic",
        "fn": 569,
        "include_baseline_error": false,
        "n": 600,
        "outlier_excluded": [
            390,
            135,
            11,
            12,
            396,
            272,
            148,
            34,
            295,
            425,
            301,
            47,
            431,
            435,
            55,
            58,
            443,
            578,
            200,
            333,
            209,
            210,
            594,
            475,
            222,
            478,
            231,
            363,
            492,
            237,
            510
        ],
        "reviewed": true,
        "user_excluded": [],
        "value": 16.554826529372328
    },
    "Ar41": {
        "error": 0.010491067207151993,
        "error_type": "SEM",
        "filter_outliers_dict": {
            "filter_outliers": true,
            "iterations": 1,
            "std_devs": 2,
            "use_standard_deviation_filtering": false
        },
        "fit": "linear",
        "value": 0.2334140230719839
    }
}