{
    "Ar36": {
        "error": 0.000170152841443873,
        "error_type": "SEM",
        "filter_outliers_dict": {
            "filter_outliers": true,
            "iterations": 1,
            "std_devs": 2,
            "use_standard_deviation_filtering": false
        },
        "fit": "Parabolic",
        "fn": 577,
        "include_baseline_error": false,
        "n": 600,
        "outlier_excluded": [
            384,
            405,
            534,
            283,
            541,
            423,
            169,
            428,
            305,
            178,
            571,
            573,
            333,
            338,
            468,
            343,
            599,
            359,
            232,
            370,
            247,
            249,
            505
        ],
        "reviewed": true,
        "user_excluded": [],
        "value": 0.009944899762385905
    },
    "Ar37": {
        "error": 0.01021214962304868,
        "error_type": "SEM",
        "filter_outliers_dict": {
            "filter_outliers": true,
            "iterations": 1,
            "std_devs": 2,
            "use_standard_deviation_filtering": false
        },
        "fit": "Linear",
        "fn": 576,
        "include_baseline_error": false,
        "n": 600,
        "outlier_excluded": [
            395,
            14,
            405,
            534,
            279,
            24,
            418,
            164,
            292,
            549,
            550,
            425,
            184,
            318,
            578,
            579,
            83,
            234,
            110,
            247,
            121,
            377,
            505,
            507
        ],
        "reviewed": true,
        "user_excluded": [],
        "value": 0.05026158740949528
    },
    "Ar38": {
        "error": 0.014038350688325379,
        "error_type": "SEM",
        "filter_outliers_dict": {
            "filter_outliers": true,
            "iterations": 1,
            "std_devs": 2,
            "use_standard_deviation_filtering": false
        },
        "fit": "Linear",
        "fn": 581,
        "include_baseline_error": false,
        "n": 600,
        "outlier_excluded": [
            160,
            192,
            384,
            451,
            36,
            198,
            39,
            234,
            362,
            76,
            268,
            332,
            555,
            180,
            119,
            123,
            284,
            381,
            575
        ],
        "reviewed": true,
        "user_excluded": [],
        "value": 0.31705502915688055
    },
    "Ar39": {
        "error": 0.008790974679977349,
        "error_type": "SEM",
        "filter_outliers_dict": {
            "filter_outliers": true,
            "iterations": 1,
            "std_devs": 2,
            "use_standard_deviation_filtering": false
        },
        "fit": "Parabolic",
        "fn": 571,
        "include_baseline_error": false,
        "n": 600,
        "outlier_excluded": [
            128,
            1,
            2,
            3,
            256,
            384,
            388,
            399,
            400,
            149,
            151,
            419,
            170,
            58,
            445,
            448,
            324,
            69,
            203,
            76,
            81,
            471,
            474,
            91,
            351,
            225,
            484,
            491,
            239
        ],
        "reviewed": true,
        "user_excluded": [],
        "value": 29.173604219056934
    },
    "Ar40": {
        "error": 0.014740196145438443,
        "error_type": "SEM",
        "filter_outliers_dict": {
            "filter_outliers": true,
            "iterations": 1,
            "std_devs": 2,
            "use_standard_deviation_filtering": false
        },
        "fit": "Parabolic",
        "fn": 561,
        "include_baseline_error": false,
        "n": 600,
        "outlier_excluded": [
            396,
            20,
            155,
            156,
            413,
            414,
            291,
            170,
            43,
            430,
            176,
            432,
            433,
            181,
            182,
            184,
            570,
            319,
            326,
            199,
            200,
            583,
            202,
            591,
            212,
            214,
            215,
            342,
            220,
            96,
            98,
            236,
            369,
            243,
            371,
            120,
            505,
            126,
            383
        ],
        "reviewed": true,
        "user_excluded": [],
        "value": 7.735583488471283
    },
    "Ar41": {
        "error": 0.010734648780464002,
        "error_type": "SEM",
        "filter_outliers_dict": {
            "filter_outliers": true,
            "iterations": 1,
            "std_devs": 2,
            "use_standard_deviation_filtering": false
        },
        "fit": "linear",
        "value": 0.2586447770204378
    }
}