{
    "Ar36": {
        "error": 0.0001447765795831248,
        "error_type": "SEM",
        "filter_outliers_dict": {
            "filter_outliers": true,
            "iterations": 1,
            "std_devs": 2,
            "use_standard_deviation_filtering": false
        },
        "fit": "Parabolic",
        "fn": 578,
        "include_baseline_error": false,
        "n": 600,
        "outlier_excluded": [
            526,
            527,
            279,
            154,
            548,
            422,
            298,
            431,
            308,
            436,
            182,
            569,
            449,
            77,
            211,
            213,
            473,
            103,
            363,
            377,
            506,
            511
        ],
        "reviewed": true,
        "user_excluded": [],
        "value": 0.006759929039498265
    },
    "Ar37": {
        "error": 0.009842092789293171,
        "error_type": "SEM",
        "filter_outliers_dict": {
            "filter_outliers": true,
            "iterations": 1,
            "std_devs": 2,
            "use_standard_deviation_filtering": false
        },
        "fit": "Linear",
        "fn": 572,
        "include_baseline_error": false,
        "n": 600,
        "outlier_excluded": [
            256,
            139,
            524,
            143,
            155,
            288,
            289,
            40,
            299,
            301,
            429,
            306,
            307,
            52,
            65,
            322,
            454,
            71,
            328,
            456,
            583,
            77,
            467,
            468,
            92,
            106,
            121,
            377
        ],
        "reviewed": true,
        "user_excluded": [],
        "value": 0.042451884404918774
    },
    "Ar38": {
        "error": 0.013238565799545866,
        "error_type": "SEM",
        "filter_outliers_dict": {
            "filter_outliers": true,
            "iterations": 1,
            "std_devs": 2,
            "use_standard_deviation_filtering": false
        },
        "fit": "Linear",
        "fn": 575,
        "include_baseline_error": false,
        "n": 600,
        "outlier_excluded": [
            384,
            395,
            398,
            143,
            407,
            412,
            542,
            290,
            292,
            168,
            175,
            48,
            308,
            198,
            199,
            77,
            462,
            597,
            216,
            345,
            92,
            220,
            352,
            484,
            119
        ],
        "reviewed": true,
        "user_excluded": [],
        "value": 0.06025999754429219
    },
    "Ar39": {
        "error": 0.008351668980104768,
        "error_type": "SEM",
        "filter_outliers_dict": {
            "filter_outliers": true,
            "iterations": 1,
            "std_devs": 2,
            "use_standard_deviation_filtering": false
        },
        "fit": "Parabolic",
        "fn": 580,
        "include_baseline_error": false,
        "n": 600,
        "outlier_excluded": [
            417,
            195,
            5,
            198,
            230,
            485,
            233,
            74,
            205,
            270,
            493,
            18,
            115,
            88,
            120,
            122,
            472,
            189,
            446,
            63
        ],
        "reviewed": true,
        "user_excluded": [],
        "value": 15.484047455971123
    },
    "Ar40": {
        "error": 0.015564021657706735,
        "error_type": "SEM",
        "filter_outliers_dict": {
            "filter_outliers": true,
            "iterations": 1,
            "std_devs": 2,
            "use_standard_deviation_filtering": false
        },
        "fit": "Parabolic",
        "fn": 571,
        "include_baseline_error": false,
        "n": 600,
        "outlier_excluded": [
            389,
            521,
            403,
            537,
            541,
            419,
            549,
            422,
            435,
            308,
            181,
            572,
            449,
            70,
            330,
            211,
            84,
            219,
            220,
            349,
            478,
            483,
            362,
            492,
            493,
            119,
            503,
            251,
            253
        ],
        "reviewed": true,
        "user_excluded": [],
        "value": 4.275290028113925
    },
    "Ar41": {
        "error": 0.01033082455731655,
        "error_type": "SEM",
        "filter_outliers_dict": {
            "filter_outliers": true,
            "iterations": 1,
            "std_devs": 2,
            "use_standard_deviation_filtering": false
        },
        "fit": "linear",
        "value": 0.2734009305313484
    }
}