{
    "Ar36": {
        "error": 0.00015927184449338852,
        "error_type": "SEM",
        "filter_outliers_dict": {
            "filter_outliers": true,
            "iterations": 1,
            "std_devs": 2,
            "use_standard_deviation_filtering": false
        },
        "fit": "Parabolic",
        "fn": 572,
        "include_baseline_error": false,
        "n": 600,
        "outlier_excluded": [
            258,
            521,
            19,
            286,
            160,
            546,
            419,
            547,
            189,
            579,
            587,
            589,
            335,
            338,
            594,
            468,
            596,
            94,
            482,
            492,
            241,
            114,
            243,
            244,
            497,
            500,
            509,
            511
        ],
        "reviewed": true,
        "user_excluded": [],
        "value": 0.007807878465608518
    },
    "Ar37": {
        "error": 0.010077054712299928,
        "error_type": "SEM",
        "filter_outliers_dict": {
            "filter_outliers": true,
            "iterations": 1,
            "std_devs": 2,
            "use_standard_deviation_filtering": false
        },
        "fit": "Linear",
        "fn": 569,
        "include_baseline_error": false,
        "n": 600,
        "outlier_excluded": [
            386,
            132,
            390,
            518,
            271,
            18,
            22,
            26,
            284,
            541,
            289,
            40,
            552,
            426,
            559,
            304,
            307,
            182,
            184,
            191,
            448,
            450,
            196,
            71,
            584,
            458,
            213,
            484,
            491,
            113,
            503
        ],
        "reviewed": true,
        "user_excluded": [],
        "value": 0.023991454360434386
    },
    "Ar38": {
        "error": 0.013424699458924178,
        "error_type": "SEM",
        "filter_outliers_dict": {
            "filter_outliers": true,
            "iterations": 1,
            "std_devs": 2,
            "use_standard_deviation_filtering": false
        },
        "fit": "Linear",
        "fn": 575,
        "include_baseline_error": false,
        "n": 600,
        "outlier_excluded": [
            0,
            387,
            135,
            147,
            24,
            29,
            34,
            162,
            425,
            560,
            180,
            184,
            190,
            64,
            582,
            585,
            333,
            216,
            347,
            477,
            227,
            233,
            107,
            492,
            367
        ],
        "reviewed": true,
        "user_excluded": [],
        "value": 0.15024864813169087
    },
    "Ar39": {
        "error": 0.008400736604555354,
        "error_type": "SEM",
        "filter_outliers_dict": {
            "filter_outliers": true,
            "iterations": 1,
            "std_devs": 2,
            "use_standard_deviation_filtering": false
        },
        "fit": "Parabolic",
        "fn": 570,
        "include_baseline_error": false,
        "n": 600,
        "outlier_excluded": [
            130,
            516,
            517,
            268,
            14,
            272,
            407,
            410,
            415,
            35,
            39,
            301,
            431,
            63,
            449,
            68,
            197,
            198,
            71,
            455,
            584,
            590,
            80,
            82,
            597,
            598,
            349,
            232,
            240,
            113
        ],
        "reviewed": true,
        "user_excluded": [],
        "value": 19.282702819267342
    },
    "Ar40": {
        "error": 0.015210520150998679,
        "error_type": "SEM",
        "filter_outliers_dict": {
            "filter_outliers": true,
            "iterations": 1,
            "std_devs": 2,
            "use_standard_deviation_filtering": false
        },
        "fit": "Parabolic",
        "fn": 574,
        "include_baseline_error": false,
        "n": 600,
        "outlier_excluded": [
            256,
            257,
            385,
            517,
            520,
            522,
            19,
            531,
            292,
            299,
            301,
            559,
            177,
            570,
            443,
            64,
            66,
            583,
            209,
            82,
            337,
            341,
            477,
            103,
            105,
            125
        ],
        "reviewed": true,
        "user_excluded": [],
        "value": 5.359397040769142
    },
    "Ar41": {
        "error": 0.010023355339837621,
        "error_type": "SEM",
        "filter_outliers_dict": {
            "filter_outliers": true,
            "iterations": 1,
            "std_devs": 2,
            "use_standard_deviation_filtering": false
        },
        "fit": "linear",
        "value": 0.26066535303072924
    }
}