{
    "Ar36": {
        "error": 0.00017436454328715941,
        "error_type": "SEM",
        "filter_outliers_dict": {
            "filter_outliers": true,
            "iterations": 1,
            "std_devs": 2,
            "use_standard_deviation_filtering": false
        },
        "fit": "Parabolic",
        "fn": 576,
        "include_baseline_error": false,
        "n": 600,
        "outlier_excluded": [
            8,
            525,
            530,
            404,
            154,
            283,
            286,
            415,
            421,
            423,
            558,
            305,
            566,
            567,
            71,
            339,
            216,
            491,
            365,
            497,
            371,
            375,
            377,
            126
        ],
        "reviewed": true,
        "user_excluded": [],
        "value": 0.009671028569242946
    },
    "Ar37": {
        "error": 0.010365677177168907,
        "error_type": "SEM",
        "filter_outliers_dict": {
            "filter_outliers": true,
            "iterations": 1,
            "std_devs": 2,
            "use_standard_deviation_filtering": false
        },
        "fit": "Linear",
        "fn": 571,
        "include_baseline_error": false,
        "n": 600,
        "outlier_excluded": [
            130,
            261,
            135,
            398,
            534,
            151,
            286,
            31,
            165,
            169,
            42,
            172,
            556,
            175,
            304,
            177,
            57,
            58,
            59,
            569,
            77,
            212,
            471,
            477,
            355,
            107,
            245,
            250,
            253
        ],
        "reviewed": true,
        "user_excluded": [],
        "value": 0.04322897475198628
    },
    "Ar38": {
        "error": 0.01350861805322574,
        "error_type": "SEM",
        "filter_outliers_dict": {
            "filter_outliers": true,
            "iterations": 1,
            "std_devs": 2,
            "use_standard_deviation_filtering": false
        },
        "fit": "Linear",
        "fn": 576,
        "include_baseline_error": false,
        "n": 600,
        "outlier_excluded": [
            1,
            130,
            262,
            135,
            145,
            530,
            273,
            409,
            154,
            413,
            549,
            47,
            51,
            310,
            570,
            573,
            195,
            459,
            81,
            477,
            115,
            499,
            246,
            121
        ],
        "reviewed": true,
        "user_excluded": [],
        "value": 0.16047169714088388
    },
    "Ar39": {
        "error": 0.007897282963884214,
        "error_type": "SEM",
        "filter_outliers_dict": {
            "filter_outliers": true,
            "iterations": 1,
            "std_devs": 2,
            "use_standard_deviation_filtering": false
        },
        "fit": "Parabolic",
        "fn": 577,
        "include_baseline_error": false,
        "n": 600,
        "outlier_excluded": [
            8,
            392,
            138,
            396,
            400,
            402,
            276,
            278,
            434,
            566,
            183,
            193,
            581,
            199,
            208,
            209,
            95,
            225,
            489,
            364,
            112,
            372,
            119
        ],
        "reviewed": true,
        "user_excluded": [],
        "value": 19.015187275148342
    },
    "Ar40": {
        "error": 0.014506925278353977,
        "error_type": "SEM",
        "filter_outliers_dict": {
            "filter_outliers": true,
            "iterations": 1,
            "std_devs": 2,
            "use_standard_deviation_filtering": false
        },
        "fit": "Parabolic",
        "fn": 568,
        "include_baseline_error": false,
        "n": 600,
        "outlier_excluded": [
            520,
            416,
            419,
            549,
            39,
            49,
            433,
            435,
            309,
            310,
            56,
            440,
            568,
            187,
            569,
            323,
            580,
            325,
            585,
            458,
            333,
            206,
            89,
            217,
            91,
            480,
            356,
            233,
            120,
            248,
            124,
            254
        ],
        "reviewed": true,
        "user_excluded": [],
        "value": 6.308727177072175
    },
    "Ar41": {
        "error": 0.010324729533079327,
        "error_type": "SEM",
        "filter_outliers_dict": {
            "filter_outliers": true,
            "iterations": 1,
            "std_devs": 2,
            "use_standard_deviation_filtering": false
        },
        "fit": "linear",
        "value": 0.24522385379377254
    }
}