{
    "Ar36": {
        "error": 0.00020162058242643823,
        "error_type": "SEM",
        "filter_outliers_dict": {
            "filter_outliers": true,
            "iterations": 1,
            "std_devs": 2,
            "use_standard_deviation_filtering": false
        },
        "fit": "Parabolic",
        "fn": 572,
        "include_baseline_error": false,
        "n": 600,
        "outlier_excluded": [
            385,
            258,
            517,
            136,
            142,
            407,
            25,
            33,
            291,
            421,
            295,
            303,
            563,
            574,
            453,
            70,
            454,
            73,
            458,
            206,
            466,
            469,
            362,
            236,
            109,
            495,
            242,
            121
        ],
        "reviewed": true,
        "user_excluded": [],
        "value": 0.01707926093149633
    },
    "Ar37": {
        "error": 0.009774393992223173,
        "error_type": "SEM",
        "filter_outliers_dict": {
            "filter_outliers": true,
            "iterations": 1,
            "std_devs": 2,
            "use_standard_deviation_filtering": false
        },
        "fit": "Linear",
        "fn": 564,
        "include_baseline_error": false,
        "n": 600,
        "outlier_excluded": [
            0,
            515,
            516,
            261,
            264,
            268,
            143,
            271,
            145,
            19,
            149,
            277,
            411,
            28,
            415,
            416,
            161,
            418,
            297,
            176,
            561,
            434,
            310,
            312,
            313,
            190,
            575,
            326,
            587,
            338,
            95,
            357,
            361,
            114,
            245,
            246
        ],
        "reviewed": true,
        "user_excluded": [],
        "value": 0.0373287054903744
    },
    "Ar38": {
        "error": 0.014228700697216332,
        "error_type": "SEM",
        "filter_outliers_dict": {
            "filter_outliers": true,
            "iterations": 1,
            "std_devs": 2,
            "use_standard_deviation_filtering": false
        },
        "fit": "Linear",
        "fn": 580,
        "include_baseline_error": false,
        "n": 600,
        "outlier_excluded": [
            35,
            37,
            422,
            582,
            73,
            107,
            299,
            397,
            276,
            245,
            308,
            279,
            184,
            153,
            218,
            406,
            468,
            469,
            534,
            598
        ],
        "reviewed": true,
        "user_excluded": [],
        "value": 0.19234628117217217
    },
    "Ar39": {
        "error": 0.007554958323405148,
        "error_type": "SEM",
        "filter_outliers_dict": {
            "filter_outliers": true,
            "iterations": 1,
            "std_devs": 2,
            "use_standard_deviation_filtering": false
        },
        "fit": "Parabolic",
        "fn": 570,
        "include_baseline_error": false,
        "n": 600,
        "outlier_excluded": [
            133,
            140,
            396,
            154,
            285,
            416,
            34,
            37,
            38,
            47,
            562,
            51,
            309,
            438,
            68,
            69,
            329,
            331,
            335,
            597,
            229,
            485,
            361,
            111,
            367,
            120,
            250,
            251,
            254,
            382
        ],
        "reviewed": true,
        "user_excluded": [],
        "value": 20.931827310064286
    },
    "Ar40": {
        "error": 0.016488724715778266,
        "error_type": "SEM",
        "filter_outliers_dict": {
            "filter_outliers": true,
            "iterations": 1,
            "std_devs": 2,
            "use_standard_deviation_filtering": false
        },
        "fit": "Parabolic",
        "fn": 570,
        "include_baseline_error": false,
        "n": 600,
        "outlier_excluded": [
            135,
            12,
            15,
            144,
            146,
            282,
            284,
            30,
            164,
            166,
            423,
            41,
            554,
            44,
            45,
            48,
            563,
            314,
            442,
            574,
            71,
            77,
            215,
            108,
            492,
            497,
            372,
            246,
            376,
            382
        ],
        "reviewed": true,
        "user_excluded": [],
        "value": 8.357592772392366
    },
    "Ar41": {
        "error": 0.010725443851520997,
        "error_type": "SEM",
        "filter_outliers_dict": {
            "filter_outliers": true,
            "iterations": 1,
            "std_devs": 2,
            "use_standard_deviation_filtering": false
        },
        "fit": "linear",
        "value": 0.26776116791984883
    }
}