{
    "Ar36": {
        "error": 0.00022921294331495543,
        "error_type": "SD",
        "filter_outliers_dict": {
            "filter_outliers": true,
            "iterations": 1,
            "std_devs": 2,
            "use_standard_deviation_filtering": false
        },
        "fit": "Parabolic",
        "fn": 571,
        "include_baseline_error": false,
        "n": 600,
        "outlier_excluded": [
            513,
            514,
            515,
            516,
            21,
            281,
            154,
            287,
            546,
            43,
            302,
            53,
            314,
            570,
            68,
            71,
            329,
            457,
            331,
            205,
            84,
            86,
            471,
            472,
            89,
            492,
            112,
            501,
            247
        ],
        "reviewed": true,
        "user_excluded": [],
        "value": 0.0238907202162867
    },
    "Ar37": {
        "error": 0.01006775084217909,
        "error_type": "SD",
        "filter_outliers_dict": {
            "filter_outliers": true,
            "iterations": 1,
            "std_devs": 2,
            "use_standard_deviation_filtering": false
        },
        "fit": "Linear",
        "fn": 572,
        "include_baseline_error": false,
        "n": 600,
        "outlier_excluded": [
            514,
            515,
            4,
            261,
            394,
            270,
            18,
            405,
            150,
            278,
            281,
            289,
            423,
            170,
            428,
            303,
            440,
            185,
            320,
            579,
            331,
            461,
            597,
            356,
            490,
            117,
            503,
            504
        ],
        "reviewed": true,
        "user_excluded": [],
        "value": 0.039037225659705924
    },
    "Ar38": {
        "error": 0.012604768990521913,
        "error_type": "SD",
        "filter_outliers_dict": {
            "filter_outliers": true,
            "iterations": 1,
            "std_devs": 2,
            "use_standard_deviation_filtering": false
        },
        "fit": "Linear",
        "fn": 577,
        "include_baseline_error": false,
        "n": 600,
        "outlier_excluded": [
            134,
            274,
            278,
            408,
            540,
            541,
            29,
            164,
            173,
            309,
            445,
            453,
            586,
            459,
            467,
            88,
            480,
            111,
            367,
            118,
            120,
            376,
            382
        ],
        "reviewed": true,
        "user_excluded": [],
        "value": -0.006400002394068016
    },
    "Ar39": {
        "error": 0.007297213355699037,
        "error_type": "SD",
        "filter_outliers_dict": {
            "filter_outliers": true,
            "iterations": 1,
            "std_devs": 2,
            "use_standard_deviation_filtering": false
        },
        "fit": "Parabolic",
        "fn": 577,
        "include_baseline_error": false,
        "n": 600,
        "outlier_excluded": [
            256,
            513,
            262,
            149,
            405,
            286,
            33,
            305,
            313,
            315,
            316,
            458,
            462,
            79,
            463,
            598,
            344,
            472,
            227,
            109,
            112,
            369,
            115
        ],
        "reviewed": true,
        "user_excluded": [],
        "value": 4.475248921435052
    },
    "Ar40": {
        "error": 0.015903467806348458,
        "error_type": "SD",
        "filter_outliers_dict": {
            "filter_outliers": true,
            "iterations": 1,
            "std_devs": 2,
            "use_standard_deviation_filtering": false
        },
        "fit": "Parabolic",
        "fn": 572,
        "include_baseline_error": false,
        "n": 600,
        "outlier_excluded": [
            0,
            386,
            5,
            392,
            396,
            530,
            19,
            531,
            532,
            533,
            162,
            418,
            298,
            304,
            433,
            313,
            574,
            320,
            455,
            331,
            210,
            214,
            88,
            94,
            358,
            367,
            497,
            126
        ],
        "reviewed": true,
        "user_excluded": [],
        "value": 8.861581962407033
    },
    "Ar41": {
        "error": 0.15116450097463321,
        "error_type": "SD",
        "filter_outliers_dict": {
            "filter_outliers": false,
            "iterations": 1,
            "std_devs": 1,
            "use_standard_deviation_filtering": false
        },
        "fit": "average_SEM",
        "value": 0.25173463801698137
    }
}