{
    "Ar36": {
        "error": 0.00019396380954420474,
        "error_type": "SEM",
        "filter_outliers_dict": {
            "filter_outliers": true,
            "iterations": 1,
            "std_devs": 2,
            "use_standard_deviation_filtering": false
        },
        "fit": "Parabolic",
        "fn": 571,
        "include_baseline_error": false,
        "n": 600,
        "outlier_excluded": [
            8,
            139,
            270,
            529,
            282,
            288,
            545,
            298,
            304,
            438,
            315,
            198,
            327,
            328,
            459,
            204,
            460,
            597,
            344,
            90,
            478,
            227,
            487,
            488,
            491,
            112,
            498,
            120,
            252
        ],
        "reviewed": true,
        "user_excluded": [],
        "value": 0.013755702415369372
    },
    "Ar37": {
        "error": 0.010287444262648287,
        "error_type": "SEM",
        "filter_outliers_dict": {
            "filter_outliers": true,
            "iterations": 1,
            "std_devs": 2,
            "use_standard_deviation_filtering": false
        },
        "fit": "Linear",
        "fn": 577,
        "include_baseline_error": false,
        "n": 600,
        "outlier_excluded": [
            512,
            261,
            400,
            535,
            539,
            38,
            297,
            298,
            567,
            329,
            457,
            76,
            77,
            462,
            463,
            468,
            217,
            480,
            355,
            492,
            118,
            507,
            508
        ],
        "reviewed": true,
        "user_excluded": [],
        "value": 0.04087838439445682
    },
    "Ar38": {
        "error": 0.012967184374043537,
        "error_type": "SEM",
        "filter_outliers_dict": {
            "filter_outliers": true,
            "iterations": 1,
            "std_devs": 2,
            "use_standard_deviation_filtering": false
        },
        "fit": "Linear",
        "fn": 581,
        "include_baseline_error": false,
        "n": 600,
        "outlier_excluded": [
            97,
            321,
            3,
            195,
            353,
            70,
            354,
            8,
            421,
            234,
            487,
            304,
            53,
            181,
            151,
            344,
            565,
            26,
            124
        ],
        "reviewed": true,
        "user_excluded": [],
        "value": 0.07455766541936727
    },
    "Ar39": {
        "error": 0.00752645287420088,
        "error_type": "SEM",
        "filter_outliers_dict": {
            "filter_outliers": true,
            "iterations": 1,
            "std_devs": 2,
            "use_standard_deviation_filtering": false
        },
        "fit": "Parabolic",
        "fn": 569,
        "include_baseline_error": false,
        "n": 600,
        "outlier_excluded": [
            257,
            518,
            17,
            149,
            409,
            35,
            36,
            39,
            167,
            425,
            51,
            55,
            312,
            440,
            567,
            570,
            316,
            318,
            68,
            330,
            209,
            340,
            469,
            216,
            218,
            96,
            480,
            355,
            110,
            113,
            383
        ],
        "reviewed": true,
        "user_excluded": [],
        "value": 13.872587754328887
    },
    "Ar40": {
        "error": 0.015590763620417227,
        "error_type": "SEM",
        "filter_outliers_dict": {
            "filter_outliers": true,
            "iterations": 1,
            "std_devs": 2,
            "use_standard_deviation_filtering": false
        },
        "fit": "Parabolic",
        "fn": 575,
        "include_baseline_error": false,
        "n": 600,
        "outlier_excluded": [
            133,
            11,
            139,
            143,
            532,
            24,
            412,
            293,
            173,
            178,
            179,
            439,
            574,
            448,
            450,
            452,
            330,
            79,
            341,
            91,
            102,
            359,
            486,
            246,
            249
        ],
        "reviewed": true,
        "user_excluded": [],
        "value": 6.1762149193463936
    },
    "Ar41": {
        "error": 0.010744002004558495,
        "error_type": "SEM",
        "filter_outliers_dict": {
            "filter_outliers": true,
            "iterations": 1,
            "std_devs": 2,
            "use_standard_deviation_filtering": false
        },
        "fit": "linear",
        "value": 0.26516113555487025
    }
}