{
    "Ar36": {
        "error": 0.00020530057876410243,
        "error_type": "SEM",
        "filter_outliers_dict": {
            "filter_outliers": true,
            "iterations": 1,
            "std_devs": 2,
            "use_standard_deviation_filtering": false
        },
        "fit": "Parabolic",
        "fn": 576,
        "include_baseline_error": false,
        "n": 600,
        "outlier_excluded": [
            516,
            518,
            392,
            393,
            521,
            18,
            403,
            538,
            284,
            413,
            542,
            556,
            50,
            313,
            314,
            571,
            450,
            451,
            586,
            77,
            348,
            99,
            100,
            505
        ],
        "reviewed": true,
        "user_excluded": [],
        "value": 0.018354779167566383
    },
    "Ar37": {
        "error": 0.009888228989951902,
        "error_type": "SEM",
        "filter_outliers_dict": {
            "filter_outliers": true,
            "iterations": 1,
            "std_devs": 2,
            "use_standard_deviation_filtering": false
        },
        "fit": "Linear",
        "fn": 568,
        "include_baseline_error": false,
        "n": 600,
        "outlier_excluded": [
            1,
            258,
            274,
            275,
            405,
            407,
            24,
            412,
            32,
            161,
            39,
            424,
            425,
            561,
            306,
            180,
            62,
            319,
            577,
            582,
            200,
            585,
            330,
            333,
            589,
            338,
            85,
            87,
            235,
            113,
            117,
            382
        ],
        "reviewed": true,
        "user_excluded": [],
        "value": 0.015044313930544758
    },
    "Ar38": {
        "error": 0.013075348125353822,
        "error_type": "SEM",
        "filter_outliers_dict": {
            "filter_outliers": true,
            "iterations": 1,
            "std_devs": 2,
            "use_standard_deviation_filtering": false
        },
        "fit": "Linear",
        "fn": 575,
        "include_baseline_error": false,
        "n": 600,
        "outlier_excluded": [
            386,
            387,
            5,
            12,
            397,
            147,
            150,
            279,
            282,
            550,
            169,
            297,
            429,
            176,
            435,
            564,
            447,
            576,
            199,
            76,
            222,
            371,
            117,
            507,
            124
        ],
        "reviewed": true,
        "user_excluded": [],
        "value": 0.14395064236798688
    },
    "Ar39": {
        "error": 0.008284695037935004,
        "error_type": "SEM",
        "filter_outliers_dict": {
            "filter_outliers": true,
            "iterations": 1,
            "std_devs": 2,
            "use_standard_deviation_filtering": false
        },
        "fit": "Parabolic",
        "fn": 576,
        "include_baseline_error": false,
        "n": 600,
        "outlier_excluded": [
            386,
            518,
            400,
            281,
            26,
            283,
            291,
            549,
            171,
            428,
            54,
            438,
            186,
            191,
            329,
            585,
            586,
            340,
            93,
            221,
            482,
            506,
            509,
            382
        ],
        "reviewed": true,
        "user_excluded": [],
        "value": 18.607030649984715
    },
    "Ar40": {
        "error": 0.015289991773389078,
        "error_type": "SEM",
        "filter_outliers_dict": {
            "filter_outliers": true,
            "iterations": 1,
            "std_devs": 2,
            "use_standard_deviation_filtering": false
        },
        "fit": "Parabolic",
        "fn": 567,
        "include_baseline_error": false,
        "n": 600,
        "outlier_excluded": [
            6,
            522,
            12,
            144,
            400,
            404,
            149,
            23,
            418,
            35,
            551,
            427,
            559,
            178,
            436,
            55,
            568,
            191,
            63,
            332,
            465,
            467,
            85,
            89,
            474,
            93,
            96,
            97,
            103,
            240,
            119,
            248,
            254
        ],
        "reviewed": true,
        "user_excluded": [],
        "value": 9.27031027577069
    },
    "Ar41": {
        "error": 0.01088027556094234,
        "error_type": "SEM",
        "filter_outliers_dict": {
            "filter_outliers": true,
            "iterations": 1,
            "std_devs": 2,
            "use_standard_deviation_filtering": false
        },
        "fit": "linear",
        "value": 0.2560002588764412
    }
}