{
    "Ar36": {
        "error": 0.0001765975674628446,
        "error_type": "SEM",
        "filter_outliers_dict": {
            "filter_outliers": true,
            "iterations": 1,
            "std_devs": 2,
            "use_standard_deviation_filtering": false
        },
        "fit": "Parabolic",
        "fn": 575,
        "include_baseline_error": false,
        "n": 600,
        "outlier_excluded": [
            389,
            393,
            267,
            140,
            536,
            167,
            168,
            175,
            308,
            54,
            318,
            193,
            194,
            195,
            583,
            588,
            333,
            82,
            86,
            214,
            471,
            345,
            241,
            372,
            375
        ],
        "reviewed": true,
        "user_excluded": [],
        "value": 0.012410872746592395
    },
    "Ar37": {
        "error": 0.010662652749596095,
        "error_type": "SEM",
        "filter_outliers_dict": {
            "filter_outliers": true,
            "iterations": 1,
            "std_devs": 2,
            "use_standard_deviation_filtering": false
        },
        "fit": "Linear",
        "fn": 569,
        "include_baseline_error": false,
        "n": 600,
        "outlier_excluded": [
            518,
            274,
            291,
            164,
            421,
            297,
            301,
            430,
            50,
            179,
            180,
            308,
            55,
            312,
            57,
            316,
            574,
            74,
            75,
            459,
            467,
            85,
            217,
            98,
            355,
            106,
            238,
            499,
            249,
            124,
            126
        ],
        "reviewed": true,
        "user_excluded": [],
        "value": 0.04804845346835704
    },
    "Ar38": {
        "error": 0.011776813621753557,
        "error_type": "SEM",
        "filter_outliers_dict": {
            "filter_outliers": true,
            "iterations": 1,
            "std_devs": 2,
            "use_standard_deviation_filtering": false
        },
        "fit": "Linear",
        "fn": 574,
        "include_baseline_error": false,
        "n": 600,
        "outlier_excluded": [
            128,
            131,
            140,
            398,
            16,
            23,
            411,
            37,
            42,
            428,
            558,
            50,
            311,
            570,
            59,
            572,
            189,
            323,
            461,
            596,
            85,
            221,
            496,
            502,
            121,
            378
        ],
        "reviewed": true,
        "user_excluded": [],
        "value": 0.6723146098136294
    },
    "Ar39": {
        "error": 0.009903163104280048,
        "error_type": "SEM",
        "filter_outliers_dict": {
            "filter_outliers": true,
            "iterations": 1,
            "std_devs": 2,
            "use_standard_deviation_filtering": false
        },
        "fit": "Parabolic",
        "fn": 569,
        "include_baseline_error": false,
        "n": 600,
        "outlier_excluded": [
            0,
            512,
            4,
            133,
            134,
            402,
            276,
            154,
            155,
            159,
            419,
            293,
            560,
            440,
            194,
            582,
            327,
            460,
            82,
            469,
            219,
            482,
            104,
            236,
            110,
            498,
            373,
            378,
            252,
            510,
            127
        ],
        "reviewed": true,
        "user_excluded": [],
        "value": 57.22433299085724
    },
    "Ar40": {
        "error": 0.0154872144891829,
        "error_type": "SEM",
        "filter_outliers_dict": {
            "filter_outliers": true,
            "iterations": 1,
            "std_devs": 2,
            "use_standard_deviation_filtering": false
        },
        "fit": "Parabolic",
        "fn": 572,
        "include_baseline_error": false,
        "n": 600,
        "outlier_excluded": [
            6,
            263,
            137,
            139,
            15,
            531,
            149,
            283,
            540,
            29,
            544,
            421,
            40,
            190,
            582,
            586,
            332,
            334,
            463,
            592,
            86,
            214,
            342,
            472,
            365,
            112,
            240,
            118
        ],
        "reviewed": true,
        "user_excluded": [],
        "value": 13.108815735731957
    },
    "Ar41": {
        "error": 0.010630649946451728,
        "error_type": "SEM",
        "filter_outliers_dict": {
            "filter_outliers": true,
            "iterations": 1,
            "std_devs": 2,
            "use_standard_deviation_filtering": false
        },
        "fit": "linear",
        "value": 0.26223998760207995
    }
}