{
    "Ar36": {
        "error": 0.00013844937584619828,
        "error_type": "SEM",
        "filter_outliers_dict": {
            "filter_outliers": true,
            "iterations": 1,
            "std_devs": 2,
            "use_standard_deviation_filtering": false
        },
        "fit": "Parabolic",
        "fn": 571,
        "include_baseline_error": false,
        "n": 600,
        "outlier_excluded": [
            385,
            130,
            391,
            523,
            275,
            532,
            24,
            537,
            410,
            429,
            559,
            305,
            562,
            589,
            206,
            591,
            464,
            468,
            596,
            342,
            476,
            485,
            493,
            499,
            500,
            248,
            506,
            508,
            510
        ],
        "reviewed": true,
        "user_excluded": [],
        "value": 0.003892918980309955
    },
    "Ar37": {
        "error": 0.009998144016545238,
        "error_type": "SEM",
        "filter_outliers_dict": {
            "filter_outliers": true,
            "iterations": 1,
            "std_devs": 2,
            "use_standard_deviation_filtering": false
        },
        "fit": "Linear",
        "fn": 576,
        "include_baseline_error": false,
        "n": 600,
        "outlier_excluded": [
            394,
            272,
            276,
            534,
            152,
            538,
            161,
            162,
            35,
            38,
            427,
            555,
            53,
            566,
            315,
            327,
            584,
            206,
            208,
            107,
            236,
            116,
            246,
            252
        ],
        "reviewed": true,
        "user_excluded": [],
        "value": 0.03919973925017784
    },
    "Ar38": {
        "error": 0.013248357956828972,
        "error_type": "SEM",
        "filter_outliers_dict": {
            "filter_outliers": true,
            "iterations": 1,
            "std_devs": 2,
            "use_standard_deviation_filtering": false
        },
        "fit": "Linear",
        "fn": 573,
        "include_baseline_error": false,
        "n": 600,
        "outlier_excluded": [
            13,
            400,
            29,
            30,
            162,
            547,
            164,
            295,
            169,
            559,
            432,
            565,
            438,
            183,
            439,
            444,
            190,
            327,
            202,
            461,
            209,
            472,
            478,
            100,
            490,
            374,
            126
        ],
        "reviewed": true,
        "user_excluded": [],
        "value": 0.46386996980677264
    },
    "Ar39": {
        "error": 0.020838716162146217,
        "error_type": "SEM",
        "filter_outliers_dict": {
            "filter_outliers": true,
            "iterations": 1,
            "std_devs": 2,
            "use_standard_deviation_filtering": false
        },
        "fit": "Parabolic",
        "fn": 572,
        "include_baseline_error": false,
        "n": 600,
        "outlier_excluded": [
            2,
            5,
            139,
            527,
            284,
            157,
            414,
            289,
            548,
            553,
            303,
            568,
            448,
            579,
            454,
            478,
            351,
            224,
            225,
            231,
            494,
            239,
            370,
            500,
            250,
            123,
            380,
            379
        ],
        "reviewed": true,
        "user_excluded": [],
        "value": 49.891025367425044
    },
    "Ar40": {
        "error": 0.015635809869080364,
        "error_type": "SEM",
        "filter_outliers_dict": {
            "filter_outliers": true,
            "iterations": 1,
            "std_devs": 2,
            "use_standard_deviation_filtering": false
        },
        "fit": "Parabolic",
        "fn": 569,
        "include_baseline_error": false,
        "n": 600,
        "outlier_excluded": [
            386,
            5,
            11,
            152,
            544,
            545,
            34,
            546,
            547,
            421,
            39,
            423,
            172,
            433,
            55,
            185,
            573,
            64,
            196,
            582,
            467,
            468,
            342,
            343,
            97,
            486,
            363,
            110,
            498,
            246,
            505
        ],
        "reviewed": true,
        "user_excluded": [],
        "value": 8.846351640682396
    },
    "Ar41": {
        "error": 0.004834624659440243,
        "error_type": "SEM",
        "filter_outliers_dict": {
            "filter_outliers": true,
            "iterations": 1,
            "std_devs": 2,
            "use_standard_deviation_filtering": false
        },
        "fit": "average",
        "value": -0.051814711053401026
    }
}