{
    "Ar36": {
        "error": 0.00014478082191177194,
        "error_type": "SEM",
        "filter_outliers_dict": {
            "filter_outliers": true,
            "iterations": 1,
            "std_devs": 2,
            "use_standard_deviation_filtering": false
        },
        "fit": "Parabolic",
        "fn": 571,
        "include_baseline_error": false,
        "n": 600,
        "outlier_excluded": [
            258,
            516,
            396,
            524,
            527,
            273,
            405,
            534,
            535,
            537,
            554,
            434,
            441,
            314,
            62,
            452,
            455,
            332,
            206,
            339,
            340,
            468,
            471,
            472,
            482,
            364,
            499,
            509,
            382
        ],
        "reviewed": true,
        "user_excluded": [],
        "value": 0.0049068514370759955
    },
    "Ar37": {
        "error": 0.010064189195628202,
        "error_type": "SEM",
        "filter_outliers_dict": {
            "filter_outliers": true,
            "iterations": 1,
            "std_devs": 2,
            "use_standard_deviation_filtering": false
        },
        "fit": "Linear",
        "fn": 574,
        "include_baseline_error": false,
        "n": 600,
        "outlier_excluded": [
            403,
            152,
            281,
            550,
            551,
            552,
            298,
            173,
            48,
            433,
            179,
            181,
            570,
            447,
            191,
            196,
            74,
            207,
            80,
            596,
            470,
            481,
            226,
            370,
            371,
            374
        ],
        "reviewed": true,
        "user_excluded": [],
        "value": 0.02763302490278293
    },
    "Ar38": {
        "error": 0.01305052551222166,
        "error_type": "SEM",
        "filter_outliers_dict": {
            "filter_outliers": true,
            "iterations": 1,
            "std_devs": 2,
            "use_standard_deviation_filtering": false
        },
        "fit": "Linear",
        "fn": 581,
        "include_baseline_error": false,
        "n": 600,
        "outlier_excluded": [
            545,
            388,
            165,
            357,
            519,
            363,
            76,
            108,
            463,
            400,
            209,
            114,
            307,
            84,
            148,
            376,
            569,
            26,
            383
        ],
        "reviewed": true,
        "user_excluded": [],
        "value": 0.49331101402751776
    },
    "Ar39": {
        "error": 0.022392098408451664,
        "error_type": "SEM",
        "filter_outliers_dict": {
            "filter_outliers": true,
            "iterations": 1,
            "std_devs": 2,
            "use_standard_deviation_filtering": false
        },
        "fit": "Parabolic",
        "fn": 573,
        "include_baseline_error": false,
        "n": 600,
        "outlier_excluded": [
            0,
            387,
            10,
            526,
            409,
            154,
            412,
            37,
            168,
            172,
            50,
            316,
            197,
            581,
            585,
            464,
            465,
            467,
            84,
            471,
            347,
            221,
            223,
            485,
            114,
            376,
            379
        ],
        "reviewed": true,
        "user_excluded": [],
        "value": 53.38802724469314
    },
    "Ar40": {
        "error": 0.016008241076640867,
        "error_type": "SEM",
        "filter_outliers_dict": {
            "filter_outliers": true,
            "iterations": 1,
            "std_devs": 2,
            "use_standard_deviation_filtering": false
        },
        "fit": "Parabolic",
        "fn": 573,
        "include_baseline_error": false,
        "n": 600,
        "outlier_excluded": [
            512,
            515,
            396,
            531,
            22,
            278,
            27,
            413,
            166,
            567,
            56,
            187,
            443,
            64,
            66,
            322,
            579,
            325,
            585,
            458,
            75,
            586,
            596,
            599,
            474,
            355,
            497
        ],
        "reviewed": true,
        "user_excluded": [],
        "value": 9.855681542016324
    },
    "Ar41": {
        "error": 0.004205331654660286,
        "error_type": "SEM",
        "filter_outliers_dict": {
            "filter_outliers": true,
            "iterations": 1,
            "std_devs": 2,
            "use_standard_deviation_filtering": false
        },
        "fit": "average",
        "value": -0.054875362655486606
    }
}