{
    "Ar36": {
        "error": 0.00015864211258576267,
        "error_type": "SEM",
        "filter_outliers_dict": {
            "filter_outliers": true,
            "iterations": 1,
            "std_devs": 2,
            "use_standard_deviation_filtering": false
        },
        "fit": "Parabolic",
        "fn": 574,
        "include_baseline_error": false,
        "n": 600,
        "outlier_excluded": [
            261,
            137,
            415,
            547,
            550,
            559,
            304,
            563,
            309,
            441,
            193,
            452,
            453,
            203,
            464,
            479,
            352,
            353,
            228,
            488,
            361,
            369,
            497,
            374,
            375,
            251
        ],
        "reviewed": true,
        "user_excluded": [],
        "value": 0.004857711281130094
    },
    "Ar37": {
        "error": 0.009894246856974953,
        "error_type": "SEM",
        "filter_outliers_dict": {
            "filter_outliers": true,
            "iterations": 1,
            "std_devs": 2,
            "use_standard_deviation_filtering": false
        },
        "fit": "Linear",
        "fn": 573,
        "include_baseline_error": false,
        "n": 600,
        "outlier_excluded": [
            0,
            512,
            131,
            260,
            391,
            397,
            526,
            271,
            275,
            538,
            286,
            159,
            166,
            38,
            562,
            568,
            204,
            79,
            335,
            594,
            211,
            468,
            221,
            373,
            248,
            252,
            381
        ],
        "reviewed": true,
        "user_excluded": [],
        "value": 0.029480872783321066
    },
    "Ar38": {
        "error": 0.009208126479690505,
        "error_type": "SEM",
        "filter_outliers_dict": {
            "filter_outliers": true,
            "iterations": 1,
            "std_devs": 2,
            "use_standard_deviation_filtering": false
        },
        "fit": "Linear",
        "fn": 550,
        "include_baseline_error": false,
        "n": 600,
        "outlier_excluded": [
            385,
            2,
            130,
            392,
            521,
            267,
            140,
            523,
            142,
            16,
            272,
            18,
            152,
            413,
            31,
            548,
            38,
            550,
            424,
            169,
            552,
            45,
            47,
            304,
            432,
            562,
            53,
            55,
            186,
            576,
            195,
            451,
            581,
            583,
            456,
            584,
            204,
            78,
            334,
            468,
            85,
            86,
            596,
            91,
            362,
            490,
            493,
            495,
            497,
            248
        ],
        "reviewed": true,
        "user_excluded": [],
        "value": -0.004229684792332791
    },
    "Ar39": {
        "error": 0.018856504480865566,
        "error_type": "SEM",
        "filter_outliers_dict": {
            "filter_outliers": true,
            "iterations": 1,
            "std_devs": 2,
            "use_standard_deviation_filtering": false
        },
        "fit": "Parabolic",
        "fn": 577,
        "include_baseline_error": false,
        "n": 600,
        "outlier_excluded": [
            265,
            525,
            17,
            146,
            20,
            279,
            282,
            283,
            171,
            45,
            180,
            439,
            63,
            64,
            67,
            323,
            458,
            215,
            101,
            102,
            110,
            378,
            507
        ],
        "reviewed": true,
        "user_excluded": [],
        "value": 15.691077049260098
    },
    "Ar40": {
        "error": 0.01824657683656267,
        "error_type": "SEM",
        "filter_outliers_dict": {
            "filter_outliers": true,
            "iterations": 1,
            "std_devs": 2,
            "use_standard_deviation_filtering": false
        },
        "fit": "Parabolic",
        "fn": 577,
        "include_baseline_error": false,
        "n": 600,
        "outlier_excluded": [
            384,
            390,
            7,
            9,
            13,
            15,
            400,
            278,
            164,
            301,
            176,
            197,
            205,
            597,
            470,
            223,
            355,
            490,
            237,
            110,
            244,
            118,
            124
        ],
        "reviewed": true,
        "user_excluded": [],
        "value": 3.905262631565744
    },
    "Ar41": {
        "error": 0.004451365977902828,
        "error_type": "SEM",
        "filter_outliers_dict": {
            "filter_outliers": true,
            "iterations": 1,
            "std_devs": 2,
            "use_standard_deviation_filtering": false
        },
        "fit": "average",
        "value": -0.0545761556196779
    }
}