{
    "Ar36": {
        "error": 0.00013483019285127508,
        "error_type": "SEM",
        "filter_outliers_dict": {
            "filter_outliers": true,
            "iterations": 1,
            "std_devs": 2,
            "use_standard_deviation_filtering": false
        },
        "fit": "Parabolic",
        "fn": 567,
        "include_baseline_error": false,
        "n": 600,
        "outlier_excluded": [
            0,
            397,
            270,
            401,
            534,
            407,
            289,
            420,
            293,
            549,
            297,
            432,
            307,
            435,
            53,
            437,
            439,
            184,
            566,
            568,
            443,
            571,
            324,
            457,
            332,
            334,
            335,
            341,
            218,
            346,
            351,
            498,
            118
        ],
        "reviewed": true,
        "user_excluded": [],
        "value": 0.003941939917198952
    },
    "Ar37": {
        "error": 0.010348951093729493,
        "error_type": "SEM",
        "filter_outliers_dict": {
            "filter_outliers": true,
            "iterations": 1,
            "std_devs": 2,
            "use_standard_deviation_filtering": false
        },
        "fit": "Linear",
        "fn": 572,
        "include_baseline_error": false,
        "n": 600,
        "outlier_excluded": [
            255,
            385,
            2,
            384,
            386,
            261,
            514,
            393,
            12,
            24,
            288,
            35,
            293,
            297,
            43,
            174,
            558,
            315,
            572,
            63,
            194,
            450,
            213,
            479,
            231,
            371,
            500,
            127
        ],
        "reviewed": true,
        "user_excluded": [],
        "value": 0.016267404395492027
    },
    "Ar38": {
        "error": 0.012970359807016498,
        "error_type": "SEM",
        "filter_outliers_dict": {
            "filter_outliers": true,
            "iterations": 1,
            "std_devs": 2,
            "use_standard_deviation_filtering": false
        },
        "fit": "Linear",
        "fn": 582,
        "include_baseline_error": false,
        "n": 600,
        "outlier_excluded": [
            97,
            2,
            387,
            260,
            357,
            417,
            488,
            364,
            206,
            271,
            148,
            373,
            566,
            280,
            153,
            281,
            472,
            383
        ],
        "reviewed": true,
        "user_excluded": [],
        "value": 0.10521624227266022
    },
    "Ar39": {
        "error": 0.016873731361601963,
        "error_type": "SEM",
        "filter_outliers_dict": {
            "filter_outliers": true,
            "iterations": 1,
            "std_devs": 2,
            "use_standard_deviation_filtering": false
        },
        "fit": "Parabolic",
        "fn": 582,
        "include_baseline_error": false,
        "n": 600,
        "outlier_excluded": [
            99,
            323,
            552,
            395,
            300,
            555,
            174,
            334,
            305,
            114,
            274,
            372,
            565,
            534,
            375,
            217,
            218,
            410
        ],
        "reviewed": true,
        "user_excluded": [],
        "value": 23.87765702183779
    },
    "Ar40": {
        "error": 0.01629599007199418,
        "error_type": "SEM",
        "filter_outliers_dict": {
            "filter_outliers": true,
            "iterations": 1,
            "std_devs": 2,
            "use_standard_deviation_filtering": false
        },
        "fit": "Parabolic",
        "fn": 577,
        "include_baseline_error": false,
        "n": 600,
        "outlier_excluded": [
            387,
            283,
            160,
            35,
            428,
            47,
            304,
            562,
            179,
            60,
            195,
            327,
            455,
            583,
            331,
            334,
            82,
            341,
            219,
            101,
            233,
            490,
            379
        ],
        "reviewed": true,
        "user_excluded": [],
        "value": 5.300061903634042
    },
    "Ar41": {
        "error": 0.0045442626989049585,
        "error_type": "SEM",
        "filter_outliers_dict": {
            "filter_outliers": true,
            "iterations": 1,
            "std_devs": 2,
            "use_standard_deviation_filtering": false
        },
        "fit": "average",
        "value": -0.059161368839712215
    }
}