{
    "Ar36": {
        "error": 0.00014798002820096915,
        "error_type": "SEM",
        "filter_outliers_dict": {
            "filter_outliers": true,
            "iterations": 1,
            "std_devs": 2,
            "use_standard_deviation_filtering": false
        },
        "fit": "Parabolic",
        "fn": 573,
        "include_baseline_error": false,
        "n": 600,
        "outlier_excluded": [
            130,
            396,
            524,
            532,
            541,
            290,
            550,
            554,
            427,
            429,
            309,
            319,
            579,
            76,
            204,
            591,
            592,
            338,
            595,
            212,
            483,
            356,
            485,
            486,
            373,
            502,
            510
        ],
        "reviewed": true,
        "user_excluded": [],
        "value": 0.003954036484020564
    },
    "Ar37": {
        "error": 0.010109191956861174,
        "error_type": "SEM",
        "filter_outliers_dict": {
            "filter_outliers": true,
            "iterations": 1,
            "std_devs": 2,
            "use_standard_deviation_filtering": false
        },
        "fit": "Linear",
        "fn": 575,
        "include_baseline_error": false,
        "n": 600,
        "outlier_excluded": [
            387,
            261,
            271,
            24,
            541,
            542,
            416,
            419,
            179,
            52,
            316,
            63,
            325,
            454,
            583,
            79,
            594,
            217,
            218,
            475,
            476,
            366,
            495,
            240,
            252
        ],
        "reviewed": true,
        "user_excluded": [],
        "value": 0.0036826808499706622
    },
    "Ar38": {
        "error": 0.014968640958939265,
        "error_type": "SEM",
        "filter_outliers_dict": {
            "filter_outliers": true,
            "iterations": 1,
            "std_devs": 2,
            "use_standard_deviation_filtering": false
        },
        "fit": "Linear",
        "fn": 592,
        "include_baseline_error": false,
        "n": 600,
        "outlier_excluded": [
            227,
            263,
            297,
            302,
            528,
            49,
            403,
            118
        ],
        "reviewed": true,
        "user_excluded": [],
        "value": 0.22699071196008622
    },
    "Ar39": {
        "error": 0.01821090642196989,
        "error_type": "SEM",
        "filter_outliers_dict": {
            "filter_outliers": true,
            "iterations": 1,
            "std_devs": 2,
            "use_standard_deviation_filtering": false
        },
        "fit": "Parabolic",
        "fn": 575,
        "include_baseline_error": false,
        "n": 600,
        "outlier_excluded": [
            391,
            402,
            19,
            279,
            29,
            157,
            160,
            299,
            431,
            304,
            180,
            438,
            184,
            441,
            442,
            320,
            321,
            581,
            326,
            462,
            85,
            351,
            358,
            378,
            510
        ],
        "reviewed": true,
        "user_excluded": [],
        "value": 33.07293909722533
    },
    "Ar40": {
        "error": 0.0161001915689369,
        "error_type": "SEM",
        "filter_outliers_dict": {
            "filter_outliers": true,
            "iterations": 1,
            "std_devs": 2,
            "use_standard_deviation_filtering": false
        },
        "fit": "Parabolic",
        "fn": 578,
        "include_baseline_error": false,
        "n": 600,
        "outlier_excluded": [
            132,
            261,
            270,
            16,
            150,
            175,
            323,
            453,
            332,
            461,
            346,
            91,
            225,
            104,
            490,
            236,
            364,
            501,
            374,
            122,
            378,
            381
        ],
        "reviewed": true,
        "user_excluded": [],
        "value": 6.333645351432948
    },
    "Ar41": {
        "error": 0.0044021268857709715,
        "error_type": "SEM",
        "filter_outliers_dict": {
            "filter_outliers": true,
            "iterations": 1,
            "std_devs": 2,
            "use_standard_deviation_filtering": false
        },
        "fit": "average",
        "value": -0.04961272324307073
    }
}