{
    "Ar36": {
        "error": 0.00014051850584263906,
        "error_type": "SEM",
        "filter_outliers_dict": {
            "filter_outliers": true,
            "iterations": 1,
            "std_devs": 2,
            "use_standard_deviation_filtering": false
        },
        "fit": "Parabolic",
        "fn": 573,
        "include_baseline_error": false,
        "n": 600,
        "outlier_excluded": [
            0,
            390,
            524,
            531,
            533,
            535,
            549,
            434,
            563,
            439,
            312,
            444,
            189,
            577,
            199,
            210,
            342,
            470,
            93,
            479,
            485,
            104,
            489,
            490,
            238,
            495,
            373
        ],
        "reviewed": true,
        "user_excluded": [],
        "value": 0.004198904154015141
    },
    "Ar37": {
        "error": 0.009675220072679092,
        "error_type": "SEM",
        "filter_outliers_dict": {
            "filter_outliers": true,
            "iterations": 1,
            "std_devs": 2,
            "use_standard_deviation_filtering": false
        },
        "fit": "Linear",
        "fn": 578,
        "include_baseline_error": false,
        "n": 600,
        "outlier_excluded": [
            1,
            2,
            398,
            541,
            290,
            172,
            180,
            309,
            567,
            443,
            577,
            196,
            197,
            325,
            458,
            337,
            213,
            474,
            238,
            495,
            125,
            383
        ],
        "reviewed": true,
        "user_excluded": [],
        "value": 0.015129320828308028
    },
    "Ar38": {
        "error": 0.01429265003732043,
        "error_type": "SEM",
        "filter_outliers_dict": {
            "filter_outliers": true,
            "iterations": 1,
            "std_devs": 2,
            "use_standard_deviation_filtering": false
        },
        "fit": "Linear",
        "fn": 588,
        "include_baseline_error": false,
        "n": 600,
        "outlier_excluded": [
            484,
            69,
            422,
            391,
            103,
            550,
            490,
            527,
            408,
            25,
            473,
            541
        ],
        "reviewed": true,
        "user_excluded": [],
        "value": 0.17137661613183702
    },
    "Ar39": {
        "error": 0.017685086867994696,
        "error_type": "SEM",
        "filter_outliers_dict": {
            "filter_outliers": true,
            "iterations": 1,
            "std_devs": 2,
            "use_standard_deviation_filtering": false
        },
        "fit": "Parabolic",
        "fn": 572,
        "include_baseline_error": false,
        "n": 600,
        "outlier_excluded": [
            135,
            403,
            284,
            156,
            545,
            163,
            551,
            176,
            434,
            315,
            59,
            188,
            191,
            192,
            447,
            449,
            69,
            198,
            459,
            82,
            87,
            91,
            480,
            365,
            116,
            244,
            252,
            253
        ],
        "reviewed": true,
        "user_excluded": [],
        "value": 29.296130760422383
    },
    "Ar40": {
        "error": 0.016230198902372102,
        "error_type": "SEM",
        "filter_outliers_dict": {
            "filter_outliers": true,
            "iterations": 1,
            "std_devs": 2,
            "use_standard_deviation_filtering": false
        },
        "fit": "Parabolic",
        "fn": 574,
        "include_baseline_error": false,
        "n": 600,
        "outlier_excluded": [
            400,
            18,
            404,
            410,
            284,
            293,
            305,
            563,
            184,
            313,
            442,
            441,
            445,
            448,
            321,
            329,
            211,
            595,
            216,
            345,
            478,
            480,
            358,
            236,
            373,
            251
        ],
        "reviewed": true,
        "user_excluded": [],
        "value": 6.038767438613132
    },
    "Ar41": {
        "error": 0.004747023091123715,
        "error_type": "SEM",
        "filter_outliers_dict": {
            "filter_outliers": true,
            "iterations": 1,
            "std_devs": 2,
            "use_standard_deviation_filtering": false
        },
        "fit": "average",
        "value": -0.06269527767300305
    }
}