{
    "Ar36": {
        "error": 0.00016845179468163838,
        "error_type": "SEM",
        "filter_outliers_dict": {
            "filter_outliers": true,
            "iterations": 1,
            "std_devs": 2,
            "use_standard_deviation_filtering": false
        },
        "fit": "Parabolic",
        "fn": 576,
        "include_baseline_error": false,
        "n": 600,
        "outlier_excluded": [
            523,
            401,
            18,
            275,
            276,
            529,
            407,
            159,
            552,
            558,
            438,
            567,
            570,
            451,
            456,
            587,
            205,
            463,
            591,
            220,
            477,
            483,
            108,
            111
        ],
        "reviewed": true,
        "user_excluded": [],
        "value": 0.0069309444545835154
    },
    "Ar37": {
        "error": 0.010055135597989819,
        "error_type": "SEM",
        "filter_outliers_dict": {
            "filter_outliers": true,
            "iterations": 1,
            "std_devs": 2,
            "use_standard_deviation_filtering": false
        },
        "fit": "Linear",
        "fn": 574,
        "include_baseline_error": false,
        "n": 600,
        "outlier_excluded": [
            134,
            262,
            528,
            17,
            145,
            279,
            154,
            417,
            290,
            38,
            177,
            307,
            63,
            451,
            452,
            69,
            332,
            594,
            598,
            358,
            232,
            107,
            238,
            245,
            246,
            250
        ],
        "reviewed": true,
        "user_excluded": [],
        "value": 0.006009530958633491
    },
    "Ar38": {
        "error": 0.014273113777724921,
        "error_type": "SEM",
        "filter_outliers_dict": {
            "filter_outliers": true,
            "iterations": 1,
            "std_devs": 2,
            "use_standard_deviation_filtering": false
        },
        "fit": "Linear",
        "fn": 586,
        "include_baseline_error": false,
        "n": 600,
        "outlier_excluded": [
            323,
            425,
            523,
            114,
            372,
            149,
            181,
            468,
            120,
            121,
            442,
            473,
            381,
            254
        ],
        "reviewed": true,
        "user_excluded": [],
        "value": 0.31489886647083615
    },
    "Ar39": {
        "error": 0.01951442228721013,
        "error_type": "SEM",
        "filter_outliers_dict": {
            "filter_outliers": true,
            "iterations": 1,
            "std_devs": 2,
            "use_standard_deviation_filtering": false
        },
        "fit": "Parabolic",
        "fn": 578,
        "include_baseline_error": false,
        "n": 600,
        "outlier_excluded": [
            256,
            134,
            393,
            523,
            140,
            532,
            539,
            290,
            298,
            176,
            181,
            311,
            312,
            313,
            316,
            584,
            82,
            354,
            355,
            357,
            234,
            107
        ],
        "reviewed": true,
        "user_excluded": [],
        "value": 39.42746974743621
    },
    "Ar40": {
        "error": 0.016453445784816306,
        "error_type": "SEM",
        "filter_outliers_dict": {
            "filter_outliers": true,
            "iterations": 1,
            "std_devs": 2,
            "use_standard_deviation_filtering": false
        },
        "fit": "Parabolic",
        "fn": 576,
        "include_baseline_error": false,
        "n": 600,
        "outlier_excluded": [
            514,
            516,
            517,
            8,
            410,
            29,
            161,
            547,
            423,
            425,
            45,
            175,
            561,
            184,
            332,
            209,
            210,
            594,
            598,
            215,
            216,
            90,
            96,
            490
        ],
        "reviewed": true,
        "user_excluded": [],
        "value": 8.430889476394356
    },
    "Ar41": {
        "error": 0.004752586849626037,
        "error_type": "SEM",
        "filter_outliers_dict": {
            "filter_outliers": true,
            "iterations": 1,
            "std_devs": 2,
            "use_standard_deviation_filtering": false
        },
        "fit": "average",
        "value": -0.05525764617752543
    }
}