{
    "Ar36": {
        "error": 0.00014839259502427886,
        "error_type": "SEM",
        "filter_outliers_dict": {
            "filter_outliers": true,
            "iterations": 1,
            "std_devs": 2,
            "use_standard_deviation_filtering": false
        },
        "fit": "Parabolic",
        "fn": 567,
        "include_baseline_error": false,
        "n": 600,
        "outlier_excluded": [
            518,
            520,
            522,
            401,
            150,
            535,
            543,
            545,
            546,
            557,
            303,
            431,
            305,
            561,
            563,
            568,
            320,
            576,
            580,
            199,
            455,
            210,
            346,
            479,
            354,
            486,
            360,
            241,
            498,
            499,
            374,
            503,
            507
        ],
        "reviewed": true,
        "user_excluded": [],
        "value": 0.005905867477189038
    },
    "Ar37": {
        "error": 0.010098980509183196,
        "error_type": "SEM",
        "filter_outliers_dict": {
            "filter_outliers": true,
            "iterations": 1,
            "std_devs": 2,
            "use_standard_deviation_filtering": false
        },
        "fit": "Linear",
        "fn": 574,
        "include_baseline_error": false,
        "n": 600,
        "outlier_excluded": [
            129,
            258,
            259,
            7,
            391,
            12,
            271,
            145,
            280,
            281,
            28,
            29,
            38,
            294,
            168,
            172,
            63,
            579,
            201,
            210,
            468,
            85,
            475,
            107,
            491,
            373
        ],
        "reviewed": true,
        "user_excluded": [],
        "value": 0.030938497483438118
    },
    "Ar38": {
        "error": 0.013879722091163777,
        "error_type": "SEM",
        "filter_outliers_dict": {
            "filter_outliers": true,
            "iterations": 1,
            "std_devs": 2,
            "use_standard_deviation_filtering": false
        },
        "fit": "Linear",
        "fn": 579,
        "include_baseline_error": false,
        "n": 600,
        "outlier_excluded": [
            224,
            321,
            545,
            579,
            292,
            359,
            583,
            43,
            331,
            463,
            272,
            147,
            243,
            85,
            53,
            502,
            346,
            348,
            572,
            62,
            63
        ],
        "reviewed": true,
        "user_excluded": [],
        "value": 0.47039069086735685
    },
    "Ar39": {
        "error": 0.020303181313749624,
        "error_type": "SEM",
        "filter_outliers_dict": {
            "filter_outliers": true,
            "iterations": 1,
            "std_devs": 2,
            "use_standard_deviation_filtering": false
        },
        "fit": "Parabolic",
        "fn": 573,
        "include_baseline_error": false,
        "n": 600,
        "outlier_excluded": [
            514,
            516,
            389,
            262,
            135,
            517,
            521,
            394,
            16,
            24,
            295,
            296,
            45,
            301,
            55,
            440,
            321,
            195,
            70,
            71,
            74,
            82,
            348,
            477,
            229,
            366,
            497
        ],
        "reviewed": true,
        "user_excluded": [],
        "value": 49.62718306791067
    },
    "Ar40": {
        "error": 0.01755651762001206,
        "error_type": "SEM",
        "filter_outliers_dict": {
            "filter_outliers": true,
            "iterations": 1,
            "std_devs": 2,
            "use_standard_deviation_filtering": false
        },
        "fit": "Parabolic",
        "fn": 576,
        "include_baseline_error": false,
        "n": 600,
        "outlier_excluded": [
            261,
            518,
            408,
            415,
            166,
            562,
            435,
            59,
            574,
            582,
            584,
            335,
            84,
            215,
            471,
            220,
            93,
            480,
            231,
            232,
            371,
            116,
            247,
            251
        ],
        "reviewed": true,
        "user_excluded": [],
        "value": 9.70406177616751
    },
    "Ar41": {
        "error": 0.004582417114943523,
        "error_type": "SEM",
        "filter_outliers_dict": {
            "filter_outliers": true,
            "iterations": 1,
            "std_devs": 2,
            "use_standard_deviation_filtering": false
        },
        "fit": "average",
        "value": -0.054472258715476424
    }
}