{
    "Ar36": {
        "error": 0.0001350938959367941,
        "error_type": "SEM",
        "filter_outliers_dict": {
            "filter_outliers": true,
            "iterations": 1,
            "std_devs": 2,
            "use_standard_deviation_filtering": false
        },
        "fit": "Parabolic",
        "fn": 572,
        "include_baseline_error": false,
        "n": 600,
        "outlier_excluded": [
            1,
            385,
            519,
            524,
            525,
            278,
            410,
            538,
            415,
            416,
            427,
            301,
            558,
            436,
            188,
            573,
            578,
            451,
            585,
            458,
            331,
            459,
            461,
            597,
            350,
            354,
            498,
            510
        ],
        "reviewed": true,
        "user_excluded": [],
        "value": 0.003351583705793985
    },
    "Ar37": {
        "error": 0.010478439145538452,
        "error_type": "SEM",
        "filter_outliers_dict": {
            "filter_outliers": true,
            "iterations": 1,
            "std_devs": 2,
            "use_standard_deviation_filtering": false
        },
        "fit": "Linear",
        "fn": 571,
        "include_baseline_error": false,
        "n": 600,
        "outlier_excluded": [
            512,
            129,
            513,
            520,
            393,
            271,
            405,
            152,
            287,
            416,
            31,
            291,
            423,
            298,
            44,
            301,
            318,
            578,
            329,
            587,
            334,
            79,
            208,
            467,
            597,
            598,
            88,
            354,
            490
        ],
        "reviewed": true,
        "user_excluded": [],
        "value": 0.03345124022088604
    },
    "Ar38": {
        "error": 0.013886940355440055,
        "error_type": "SEM",
        "filter_outliers_dict": {
            "filter_outliers": true,
            "iterations": 1,
            "std_devs": 2,
            "use_standard_deviation_filtering": false
        },
        "fit": "Linear",
        "fn": 582,
        "include_baseline_error": false,
        "n": 600,
        "outlier_excluded": [
            575,
            161,
            418,
            355,
            481,
            167,
            40,
            329,
            520,
            301,
            462,
            336,
            145,
            210,
            212,
            280,
            536,
            511
        ],
        "reviewed": true,
        "user_excluded": [],
        "value": 0.14265687312547237
    },
    "Ar39": {
        "error": 0.017558865481580484,
        "error_type": "SEM",
        "filter_outliers_dict": {
            "filter_outliers": true,
            "iterations": 1,
            "std_devs": 2,
            "use_standard_deviation_filtering": false
        },
        "fit": "Parabolic",
        "fn": 570,
        "include_baseline_error": false,
        "n": 600,
        "outlier_excluded": [
            138,
            18,
            146,
            20,
            288,
            33,
            291,
            292,
            175,
            432,
            561,
            178,
            565,
            311,
            192,
            322,
            197,
            457,
            203,
            596,
            215,
            216,
            474,
            475,
            478,
            495,
            497,
            504,
            121,
            250
        ],
        "reviewed": true,
        "user_excluded": [],
        "value": 26.660901773319843
    },
    "Ar40": {
        "error": 0.015787208373724132,
        "error_type": "SEM",
        "filter_outliers_dict": {
            "filter_outliers": true,
            "iterations": 1,
            "std_devs": 2,
            "use_standard_deviation_filtering": false
        },
        "fit": "Parabolic",
        "fn": 572,
        "include_baseline_error": false,
        "n": 600,
        "outlier_excluded": [
            135,
            145,
            542,
            32,
            419,
            170,
            299,
            172,
            45,
            47,
            315,
            445,
            448,
            454,
            73,
            74,
            341,
            469,
            470,
            471,
            484,
            491,
            370,
            500,
            373,
            249,
            378,
            380
        ],
        "reviewed": true,
        "user_excluded": [],
        "value": 5.172287007101378
    },
    "Ar41": {
        "error": 0.004585180069071768,
        "error_type": "SEM",
        "filter_outliers_dict": {
            "filter_outliers": true,
            "iterations": 1,
            "std_devs": 2,
            "use_standard_deviation_filtering": false
        },
        "fit": "average",
        "value": -0.05404104784496781
    }
}