{
    "Ar36": {
        "error": 0.00018604969302894793,
        "error_type": "SD",
        "filter_outliers_dict": {
            "filter_outliers": true,
            "iterations": 1,
            "std_devs": 2,
            "use_standard_deviation_filtering": false
        },
        "fit": "Parabolic",
        "fn": 573,
        "include_baseline_error": false,
        "n": 600,
        "outlier_excluded": [
            388,
            133,
            393,
            522,
            528,
            147,
            279,
            281,
            282,
            539,
            165,
            434,
            181,
            318,
            192,
            65,
            66,
            451,
            196,
            197,
            593,
            215,
            344,
            599,
            219,
            233,
            111
        ],
        "reviewed": true,
        "user_excluded": [],
        "value": 0.012467863326039353
    },
    "Ar37": {
        "error": 0.010104573972846346,
        "error_type": "SD",
        "filter_outliers_dict": {
            "filter_outliers": true,
            "iterations": 1,
            "std_devs": 2,
            "use_standard_deviation_filtering": false
        },
        "fit": "Linear",
        "fn": 573,
        "include_baseline_error": false,
        "n": 600,
        "outlier_excluded": [
            390,
            136,
            524,
            16,
            23,
            30,
            161,
            418,
            291,
            295,
            296,
            171,
            48,
            184,
            577,
            70,
            333,
            85,
            471,
            354,
            358,
            365,
            243,
            118,
            504,
            124,
            511
        ],
        "reviewed": true,
        "user_excluded": [],
        "value": 0.0176311320805381
    },
    "Ar38": {
        "error": 0.011195709581456742,
        "error_type": "SD",
        "filter_outliers_dict": {
            "filter_outliers": true,
            "iterations": 1,
            "std_devs": 2,
            "use_standard_deviation_filtering": false
        },
        "fit": "Linear",
        "fn": 575,
        "include_baseline_error": false,
        "n": 600,
        "outlier_excluded": [
            515,
            263,
            532,
            533,
            27,
            293,
            295,
            561,
            564,
            568,
            187,
            445,
            576,
            328,
            457,
            585,
            203,
            205,
            351,
            232,
            363,
            111,
            247,
            251,
            254
        ],
        "reviewed": true,
        "user_excluded": [],
        "value": 0.18152033794536804
    },
    "Ar39": {
        "error": 0.008228292452702905,
        "error_type": "SD",
        "filter_outliers_dict": {
            "filter_outliers": true,
            "iterations": 1,
            "std_devs": 2,
            "use_standard_deviation_filtering": false
        },
        "fit": "Parabolic",
        "fn": 576,
        "include_baseline_error": false,
        "n": 600,
        "outlier_excluded": [
            409,
            410,
            411,
            417,
            39,
            426,
            427,
            305,
            54,
            442,
            444,
            60,
            319,
            449,
            455,
            72,
            456,
            74,
            583,
            463,
            91,
            486,
            501,
            381
        ],
        "reviewed": true,
        "user_excluded": [],
        "value": 22.954594064605956
    },
    "Ar40": {
        "error": 0.015668308360669653,
        "error_type": "SD",
        "filter_outliers_dict": {
            "filter_outliers": true,
            "iterations": 1,
            "std_devs": 2,
            "use_standard_deviation_filtering": false
        },
        "fit": "Parabolic",
        "fn": 567,
        "include_baseline_error": false,
        "n": 600,
        "outlier_excluded": [
            1,
            525,
            526,
            527,
            16,
            532,
            284,
            285,
            547,
            36,
            292,
            548,
            551,
            297,
            302,
            434,
            307,
            310,
            573,
            322,
            455,
            592,
            598,
            344,
            345,
            222,
            99,
            491,
            365,
            494,
            499,
            373,
            375
        ],
        "reviewed": true,
        "user_excluded": [],
        "value": 7.368130724375336
    },
    "Ar41": {
        "error": 0.14204615451032396,
        "error_type": "SD",
        "filter_outliers_dict": {
            "filter_outliers": false,
            "iterations": 1,
            "std_devs": 1,
            "use_standard_deviation_filtering": false
        },
        "fit": "average_SEM",
        "value": -0.012166034367207127
    }
}