{
    "Ar36": {
        "error": 0.00017472377296836352,
        "error_type": "SD",
        "filter_outliers_dict": {
            "filter_outliers": true,
            "iterations": 1,
            "std_devs": 2,
            "use_standard_deviation_filtering": false
        },
        "fit": "Parabolic",
        "fn": 573,
        "include_baseline_error": false,
        "n": 600,
        "outlier_excluded": [
            0,
            136,
            392,
            138,
            268,
            396,
            402,
            531,
            538,
            414,
            36,
            560,
            314,
            65,
            586,
            332,
            81,
            342,
            347,
            224,
            481,
            229,
            490,
            363,
            495,
            240,
            382
        ],
        "reviewed": true,
        "user_excluded": [],
        "value": 0.010530930310756092
    },
    "Ar37": {
        "error": 0.010155780694803794,
        "error_type": "SD",
        "filter_outliers_dict": {
            "filter_outliers": true,
            "iterations": 1,
            "std_devs": 2,
            "use_standard_deviation_filtering": false
        },
        "fit": "Linear",
        "fn": 574,
        "include_baseline_error": false,
        "n": 600,
        "outlier_excluded": [
            258,
            391,
            267,
            270,
            15,
            149,
            534,
            537,
            546,
            430,
            48,
            568,
            200,
            207,
            82,
            596,
            480,
            226,
            487,
            367,
            112,
            374,
            247,
            375,
            506,
            126
        ],
        "reviewed": true,
        "user_excluded": [],
        "value": 0.02603756158421106
    },
    "Ar38": {
        "error": 0.014379207549651276,
        "error_type": "SD",
        "filter_outliers_dict": {
            "filter_outliers": true,
            "iterations": 1,
            "std_devs": 2,
            "use_standard_deviation_filtering": false
        },
        "fit": "Linear",
        "fn": 587,
        "include_baseline_error": false,
        "n": 600,
        "outlier_excluded": [
            351,
            547,
            134,
            204,
            241,
            115,
            214,
            23,
            216,
            409,
            283,
            540,
            223
        ],
        "reviewed": true,
        "user_excluded": [],
        "value": 0.30463984675899186
    },
    "Ar39": {
        "error": 0.00881629055076616,
        "error_type": "SD",
        "filter_outliers_dict": {
            "filter_outliers": true,
            "iterations": 1,
            "std_devs": 2,
            "use_standard_deviation_filtering": false
        },
        "fit": "Parabolic",
        "fn": 568,
        "include_baseline_error": false,
        "n": 600,
        "outlier_excluded": [
            128,
            3,
            520,
            14,
            15,
            25,
            154,
            543,
            292,
            37,
            165,
            420,
            421,
            551,
            44,
            47,
            566,
            55,
            328,
            456,
            457,
            463,
            468,
            343,
            88,
            221,
            352,
            227,
            230,
            107,
            492,
            120
        ],
        "reviewed": true,
        "user_excluded": [],
        "value": 30.57654488149004
    },
    "Ar40": {
        "error": 0.0160678378923381,
        "error_type": "SD",
        "filter_outliers_dict": {
            "filter_outliers": true,
            "iterations": 1,
            "std_devs": 2,
            "use_standard_deviation_filtering": false
        },
        "fit": "Parabolic",
        "fn": 569,
        "include_baseline_error": false,
        "n": 600,
        "outlier_excluded": [
            1,
            515,
            396,
            397,
            270,
            23,
            407,
            542,
            289,
            292,
            45,
            435,
            181,
            57,
            189,
            575,
            576,
            578,
            199,
            461,
            80,
            341,
            346,
            474,
            482,
            356,
            491,
            238,
            120,
            504,
            511
        ],
        "reviewed": true,
        "user_excluded": [],
        "value": 9.468870461706146
    },
    "Ar41": {
        "error": 0.1360246702618679,
        "error_type": "SD",
        "filter_outliers_dict": {
            "filter_outliers": false,
            "iterations": 1,
            "std_devs": 1,
            "use_standard_deviation_filtering": false
        },
        "fit": "average_SEM",
        "value": -0.017220121255183282
    }
}