{
    "Ar36": {
        "error": 0.00014863496963755224,
        "error_type": "SEM",
        "filter_outliers_dict": {
            "filter_outliers": true,
            "iterations": 1,
            "std_devs": 2,
            "use_standard_deviation_filtering": false
        },
        "fit": "Parabolic",
        "fn": 570,
        "include_baseline_error": false,
        "n": 600,
        "outlier_excluded": [
            395,
            523,
            398,
            276,
            280,
            408,
            536,
            284,
            540,
            548,
            549,
            550,
            552,
            430,
            303,
            184,
            312,
            314,
            573,
            321,
            75,
            461,
            591,
            340,
            95,
            353,
            357,
            241,
            497,
            247
        ],
        "reviewed": true,
        "user_excluded": [],
        "value": 0.007190916816647645
    },
    "Ar37": {
        "error": 0.010143145802720988,
        "error_type": "SEM",
        "filter_outliers_dict": {
            "filter_outliers": true,
            "iterations": 1,
            "std_devs": 2,
            "use_standard_deviation_filtering": false
        },
        "fit": "Linear",
        "fn": 570,
        "include_baseline_error": false,
        "n": 600,
        "outlier_excluded": [
            514,
            264,
            392,
            394,
            269,
            143,
            146,
            23,
            154,
            415,
            545,
            169,
            312,
            315,
            189,
            573,
            451,
            579,
            92,
            223,
            97,
            232,
            366,
            115,
            371,
            500,
            375,
            249,
            253,
            511
        ],
        "reviewed": true,
        "user_excluded": [],
        "value": 0.02949931024747344
    },
    "Ar38": {
        "error": 0.009565685064938753,
        "error_type": "SEM",
        "filter_outliers_dict": {
            "filter_outliers": true,
            "iterations": 1,
            "std_devs": 2,
            "use_standard_deviation_filtering": false
        },
        "fit": "Linear",
        "fn": 558,
        "include_baseline_error": false,
        "n": 600,
        "outlier_excluded": [
            0,
            511,
            259,
            138,
            269,
            278,
            407,
            154,
            290,
            36,
            37,
            166,
            422,
            553,
            44,
            301,
            558,
            560,
            51,
            563,
            183,
            61,
            575,
            68,
            327,
            83,
            215,
            344,
            92,
            349,
            477,
            352,
            360,
            233,
            490,
            497,
            499,
            245,
            120,
            250,
            125,
            255
        ],
        "reviewed": true,
        "user_excluded": [],
        "value": -0.026436437421898107
    },
    "Ar39": {
        "error": 0.015550577038201237,
        "error_type": "SEM",
        "filter_outliers_dict": {
            "filter_outliers": true,
            "iterations": 1,
            "std_devs": 2,
            "use_standard_deviation_filtering": false
        },
        "fit": "Parabolic",
        "fn": 576,
        "include_baseline_error": false,
        "n": 600,
        "outlier_excluded": [
            1,
            386,
            389,
            525,
            18,
            155,
            157,
            34,
            422,
            425,
            44,
            428,
            50,
            435,
            180,
            54,
            310,
            446,
            461,
            211,
            597,
            354,
            99,
            103
        ],
        "reviewed": true,
        "user_excluded": [],
        "value": 12.59632560744313
    },
    "Ar40": {
        "error": 0.015396877563017218,
        "error_type": "SEM",
        "filter_outliers_dict": {
            "filter_outliers": true,
            "iterations": 1,
            "std_devs": 2,
            "use_standard_deviation_filtering": false
        },
        "fit": "Parabolic",
        "fn": 571,
        "include_baseline_error": false,
        "n": 600,
        "outlier_excluded": [
            524,
            397,
            400,
            402,
            534,
            535,
            24,
            156,
            166,
            302,
            431,
            560,
            448,
            75,
            459,
            79,
            207,
            465,
            469,
            342,
            346,
            221,
            480,
            361,
            106,
            242,
            246,
            502,
            249
        ],
        "reviewed": true,
        "user_excluded": [],
        "value": 5.274889410031358
    },
    "Ar41": {
        "error": 0.004590497376903084,
        "error_type": "SEM",
        "filter_outliers_dict": {
            "filter_outliers": true,
            "iterations": 1,
            "std_devs": 2,
            "use_standard_deviation_filtering": false
        },
        "fit": "average",
        "value": -0.04914780954310333
    }
}