{
    "Ar36": {
        "error": 0.0001677229447960249,
        "error_type": "SD",
        "filter_outliers_dict": {
            "filter_outliers": true,
            "iterations": 1,
            "std_devs": 2,
            "use_standard_deviation_filtering": false
        },
        "fit": "Parabolic",
        "fn": 569,
        "include_baseline_error": false,
        "n": 600,
        "outlier_excluded": [
            387,
            389,
            517,
            525,
            399,
            272,
            281,
            538,
            411,
            284,
            413,
            159,
            543,
            165,
            427,
            306,
            570,
            446,
            63,
            455,
            74,
            205,
            84,
            597,
            358,
            486,
            363,
            364,
            237,
            365,
            507
        ],
        "reviewed": true,
        "user_excluded": [],
        "value": 0.009104289034087618
    },
    "Ar37": {
        "error": 0.00996253115216658,
        "error_type": "SD",
        "filter_outliers_dict": {
            "filter_outliers": true,
            "iterations": 1,
            "std_devs": 2,
            "use_standard_deviation_filtering": false
        },
        "fit": "Linear",
        "fn": 568,
        "include_baseline_error": false,
        "n": 600,
        "outlier_excluded": [
            512,
            1,
            516,
            393,
            138,
            147,
            150,
            407,
            24,
            154,
            287,
            170,
            429,
            430,
            307,
            437,
            185,
            58,
            192,
            576,
            579,
            475,
            476,
            349,
            479,
            480,
            483,
            231,
            234,
            497,
            115,
            373
        ],
        "reviewed": true,
        "user_excluded": [],
        "value": 0.0051431685572742
    },
    "Ar38": {
        "error": 0.012617307116316295,
        "error_type": "SD",
        "filter_outliers_dict": {
            "filter_outliers": true,
            "iterations": 1,
            "std_devs": 2,
            "use_standard_deviation_filtering": false
        },
        "fit": "Linear",
        "fn": 581,
        "include_baseline_error": false,
        "n": 600,
        "outlier_excluded": [
            2,
            162,
            164,
            322,
            489,
            298,
            76,
            268,
            269,
            80,
            49,
            306,
            501,
            250,
            315,
            252,
            380,
            94,
            318
        ],
        "reviewed": true,
        "user_excluded": [],
        "value": 0.3313015699425459
    },
    "Ar39": {
        "error": 0.008656084289625334,
        "error_type": "SD",
        "filter_outliers_dict": {
            "filter_outliers": true,
            "iterations": 1,
            "std_devs": 2,
            "use_standard_deviation_filtering": false
        },
        "fit": "Parabolic",
        "fn": 575,
        "include_baseline_error": false,
        "n": 600,
        "outlier_excluded": [
            0,
            1,
            2,
            386,
            138,
            524,
            399,
            402,
            408,
            26,
            284,
            547,
            296,
            43,
            50,
            188,
            463,
            82,
            83,
            84,
            468,
            342,
            229,
            486,
            103
        ],
        "reviewed": true,
        "user_excluded": [],
        "value": 21.26569246652155
    },
    "Ar40": {
        "error": 0.014911011976960343,
        "error_type": "SD",
        "filter_outliers_dict": {
            "filter_outliers": true,
            "iterations": 1,
            "std_devs": 2,
            "use_standard_deviation_filtering": false
        },
        "fit": "Parabolic",
        "fn": 571,
        "include_baseline_error": false,
        "n": 600,
        "outlier_excluded": [
            14,
            143,
            17,
            146,
            147,
            24,
            152,
            413,
            33,
            163,
            420,
            298,
            182,
            452,
            455,
            332,
            589,
            340,
            469,
            219,
            347,
            93,
            227,
            356,
            104,
            233,
            108,
            498,
            500
        ],
        "reviewed": true,
        "user_excluded": [],
        "value": 6.244285387049821
    },
    "Ar41": {
        "error": 0.13459007325222017,
        "error_type": "SD",
        "filter_outliers_dict": {
            "filter_outliers": false,
            "iterations": 1,
            "std_devs": 1,
            "use_standard_deviation_filtering": false
        },
        "fit": "average_SEM",
        "value": -0.006020503936063809
    }
}