{
    "Ar36": {
        "error": 0.0004999549439421435,
        "error_type": "SD",
        "filter_outliers_dict": {
            "filter_outliers": true,
            "iterations": 1,
            "std_devs": 2,
            "use_standard_deviation_filtering": false
        },
        "fit": "Parabolic",
        "fn": 580,
        "include_baseline_error": false,
        "n": 600,
        "outlier_excluded": [
            32,
            288,
            2,
            384,
            451,
            512,
            43,
            110,
            463,
            304,
            465,
            338,
            19,
            496,
            498,
            406,
            375,
            221,
            286,
            255
        ],
        "reviewed": true,
        "user_excluded": [],
        "value": 0.1122807677351679
    },
    "Ar37": {
        "error": 0.010034833050552661,
        "error_type": "SD",
        "filter_outliers_dict": {
            "filter_outliers": true,
            "iterations": 1,
            "std_devs": 2,
            "use_standard_deviation_filtering": false
        },
        "fit": "Linear",
        "fn": 569,
        "include_baseline_error": false,
        "n": 600,
        "outlier_excluded": [
            0,
            519,
            268,
            13,
            276,
            21,
            277,
            278,
            534,
            409,
            283,
            30,
            414,
            420,
            554,
            175,
            434,
            573,
            447,
            69,
            70,
            583,
            204,
            205,
            594,
            92,
            224,
            107,
            492,
            121,
            381
        ],
        "reviewed": true,
        "user_excluded": [],
        "value": 0.021481419175394013
    },
    "Ar38": {
        "error": 0.013868765227741258,
        "error_type": "SD",
        "filter_outliers_dict": {
            "filter_outliers": true,
            "iterations": 1,
            "std_devs": 2,
            "use_standard_deviation_filtering": false
        },
        "fit": "Linear",
        "fn": 583,
        "include_baseline_error": false,
        "n": 600,
        "outlier_excluded": [
            289,
            419,
            292,
            101,
            198,
            453,
            136,
            168,
            525,
            79,
            15,
            147,
            341,
            248,
            571,
            157,
            126
        ],
        "reviewed": true,
        "user_excluded": [],
        "value": 0.3078969471901817
    },
    "Ar39": {
        "error": 0.00886330191831201,
        "error_type": "SD",
        "filter_outliers_dict": {
            "filter_outliers": true,
            "iterations": 1,
            "std_devs": 2,
            "use_standard_deviation_filtering": false
        },
        "fit": "Parabolic",
        "fn": 566,
        "include_baseline_error": false,
        "n": 600,
        "outlier_excluded": [
            512,
            3,
            136,
            264,
            10,
            398,
            144,
            147,
            156,
            285,
            425,
            42,
            45,
            174,
            308,
            310,
            567,
            57,
            315,
            583,
            200,
            457,
            77,
            590,
            79,
            89,
            355,
            485,
            231,
            110,
            241,
            245,
            504,
            506
        ],
        "reviewed": true,
        "user_excluded": [],
        "value": 24.922136938511592
    },
    "Ar40": {
        "error": 0.01753348002062304,
        "error_type": "SD",
        "filter_outliers_dict": {
            "filter_outliers": true,
            "iterations": 1,
            "std_devs": 2,
            "use_standard_deviation_filtering": false
        },
        "fit": "Parabolic",
        "fn": 572,
        "include_baseline_error": false,
        "n": 600,
        "outlier_excluded": [
            257,
            9,
            399,
            21,
            26,
            284,
            288,
            161,
            416,
            177,
            62,
            63,
            76,
            590,
            89,
            346,
            347,
            473,
            477,
            354,
            102,
            359,
            493,
            110,
            367,
            500,
            119,
            379
        ],
        "reviewed": true,
        "user_excluded": [],
        "value": 37.921730411043086
    },
    "Ar41": {
        "error": 0.1369311466437738,
        "error_type": "SD",
        "filter_outliers_dict": {
            "filter_outliers": false,
            "iterations": 1,
            "std_devs": 1,
            "use_standard_deviation_filtering": false
        },
        "fit": "average_SEM",
        "value": -0.0051545205005580404
    }
}