{
    "Ar36": {
        "error": 0.00016880606503869114,
        "error_type": "SD",
        "filter_outliers_dict": {
            "filter_outliers": true,
            "iterations": 1,
            "std_devs": 2,
            "use_standard_deviation_filtering": false
        },
        "fit": "Parabolic",
        "fn": 572,
        "include_baseline_error": false,
        "n": 600,
        "outlier_excluded": [
            389,
            146,
            286,
            289,
            418,
            546,
            421,
            168,
            296,
            426,
            557,
            559,
            566,
            440,
            574,
            322,
            580,
            327,
            591,
            208,
            225,
            355,
            486,
            237,
            241,
            248,
            376,
            510
        ],
        "reviewed": true,
        "user_excluded": [],
        "value": 0.010653111033220012
    },
    "Ar37": {
        "error": 0.010391940757905905,
        "error_type": "SD",
        "filter_outliers_dict": {
            "filter_outliers": true,
            "iterations": 1,
            "std_devs": 2,
            "use_standard_deviation_filtering": false
        },
        "fit": "Linear",
        "fn": 575,
        "include_baseline_error": false,
        "n": 600,
        "outlier_excluded": [
            128,
            516,
            12,
            401,
            415,
            420,
            293,
            428,
            51,
            312,
            200,
            587,
            336,
            595,
            474,
            476,
            359,
            363,
            364,
            111,
            249,
            251,
            508,
            253,
            507
        ],
        "reviewed": true,
        "user_excluded": [],
        "value": -0.00351602570258882
    },
    "Ar38": {
        "error": 0.008933476854958149,
        "error_type": "SD",
        "filter_outliers_dict": {
            "filter_outliers": true,
            "iterations": 1,
            "std_devs": 2,
            "use_standard_deviation_filtering": false
        },
        "fit": "Linear",
        "fn": 563,
        "include_baseline_error": false,
        "n": 600,
        "outlier_excluded": [
            132,
            517,
            519,
            11,
            397,
            272,
            401,
            541,
            34,
            291,
            547,
            38,
            167,
            298,
            427,
            432,
            179,
            442,
            570,
            448,
            321,
            66,
            580,
            325,
            200,
            584,
            591,
            80,
            211,
            86,
            478,
            230,
            104,
            361,
            234,
            239,
            382
        ],
        "reviewed": true,
        "user_excluded": [],
        "value": 0.025268816186641688
    },
    "Ar39": {
        "error": 0.007784863406999035,
        "error_type": "SD",
        "filter_outliers_dict": {
            "filter_outliers": true,
            "iterations": 1,
            "std_devs": 2,
            "use_standard_deviation_filtering": false
        },
        "fit": "Parabolic",
        "fn": 567,
        "include_baseline_error": false,
        "n": 600,
        "outlier_excluded": [
            1,
            258,
            385,
            137,
            265,
            142,
            272,
            145,
            533,
            159,
            544,
            41,
            171,
            299,
            174,
            430,
            441,
            569,
            318,
            190,
            574,
            66,
            323,
            201,
            336,
            340,
            596,
            350,
            353,
            354,
            358,
            108,
            505
        ],
        "reviewed": true,
        "user_excluded": [],
        "value": 8.796593493362503
    },
    "Ar40": {
        "error": 0.015298783052625135,
        "error_type": "SD",
        "filter_outliers_dict": {
            "filter_outliers": true,
            "iterations": 1,
            "std_devs": 2,
            "use_standard_deviation_filtering": false
        },
        "fit": "Parabolic",
        "fn": 567,
        "include_baseline_error": false,
        "n": 600,
        "outlier_excluded": [
            0,
            387,
            5,
            262,
            139,
            140,
            20,
            150,
            278,
            536,
            281,
            284,
            158,
            287,
            543,
            551,
            427,
            557,
            61,
            190,
            195,
            452,
            198,
            199,
            328,
            73,
            89,
            473,
            94,
            479,
            483,
            368,
            369
        ],
        "reviewed": true,
        "user_excluded": [],
        "value": 5.075367314393354
    },
    "Ar41": {
        "error": 0.13245324813890624,
        "error_type": "SD",
        "filter_outliers_dict": {
            "filter_outliers": false,
            "iterations": 1,
            "std_devs": 1,
            "use_standard_deviation_filtering": false
        },
        "fit": "average_SEM",
        "value": -0.018287564071749026
    }
}