{
    "Ar36": {
        "error": 0.00018519644438949462,
        "error_type": "SD",
        "filter_outliers_dict": {
            "filter_outliers": true,
            "iterations": 1,
            "std_devs": 2,
            "use_standard_deviation_filtering": false
        },
        "fit": "Parabolic",
        "fn": 571,
        "include_baseline_error": false,
        "n": 600,
        "outlier_excluded": [
            130,
            268,
            270,
            147,
            403,
            289,
            552,
            172,
            558,
            49,
            565,
            567,
            190,
            576,
            581,
            212,
            470,
            343,
            345,
            218,
            221,
            483,
            359,
            487,
            490,
            374,
            378,
            506,
            126
        ],
        "reviewed": true,
        "user_excluded": [],
        "value": 0.011751280263873648
    },
    "Ar37": {
        "error": 0.010587707122311772,
        "error_type": "SD",
        "filter_outliers_dict": {
            "filter_outliers": true,
            "iterations": 1,
            "std_devs": 2,
            "use_standard_deviation_filtering": false
        },
        "fit": "Linear",
        "fn": 568,
        "include_baseline_error": false,
        "n": 600,
        "outlier_excluded": [
            523,
            12,
            271,
            527,
            538,
            33,
            418,
            550,
            427,
            44,
            428,
            302,
            313,
            61,
            192,
            193,
            322,
            67,
            70,
            71,
            583,
            584,
            461,
            80,
            339,
            89,
            218,
            476,
            103,
            231,
            121,
            253
        ],
        "reviewed": true,
        "user_excluded": [],
        "value": 0.013660360645206622
    },
    "Ar38": {
        "error": 0.010585551746273607,
        "error_type": "SD",
        "filter_outliers_dict": {
            "filter_outliers": true,
            "iterations": 1,
            "std_devs": 2,
            "use_standard_deviation_filtering": false
        },
        "fit": "Linear",
        "fn": 573,
        "include_baseline_error": false,
        "n": 600,
        "outlier_excluded": [
            0,
            385,
            132,
            262,
            136,
            533,
            537,
            33,
            162,
            36,
            294,
            558,
            561,
            441,
            448,
            326,
            202,
            593,
            347,
            478,
            483,
            357,
            365,
            242,
            116,
            374,
            506
        ],
        "reviewed": true,
        "user_excluded": [],
        "value": 0.009807774910907955
    },
    "Ar39": {
        "error": 0.007051251228508273,
        "error_type": "SD",
        "filter_outliers_dict": {
            "filter_outliers": true,
            "iterations": 1,
            "std_devs": 2,
            "use_standard_deviation_filtering": false
        },
        "fit": "Parabolic",
        "fn": 570,
        "include_baseline_error": false,
        "n": 600,
        "outlier_excluded": [
            4,
            391,
            136,
            396,
            401,
            536,
            153,
            154,
            537,
            412,
            32,
            289,
            293,
            296,
            557,
            302,
            47,
            559,
            312,
            61,
            324,
            205,
            78,
            463,
            86,
            100,
            365,
            113,
            370,
            373
        ],
        "reviewed": true,
        "user_excluded": [],
        "value": 6.750155937239793
    },
    "Ar40": {
        "error": 0.016246945924168685,
        "error_type": "SD",
        "filter_outliers_dict": {
            "filter_outliers": true,
            "iterations": 1,
            "std_devs": 2,
            "use_standard_deviation_filtering": false
        },
        "fit": "Parabolic",
        "fn": 575,
        "include_baseline_error": false,
        "n": 600,
        "outlier_excluded": [
            133,
            271,
            279,
            280,
            543,
            288,
            545,
            547,
            164,
            293,
            38,
            294,
            307,
            181,
            320,
            579,
            461,
            78,
            592,
            337,
            356,
            101,
            107,
            492,
            376
        ],
        "reviewed": true,
        "user_excluded": [],
        "value": 4.904415505073713
    },
    "Ar41": {
        "error": 0.13136839624724683,
        "error_type": "SD",
        "filter_outliers_dict": {
            "filter_outliers": false,
            "iterations": 1,
            "std_devs": 1,
            "use_standard_deviation_filtering": false
        },
        "fit": "average_SEM",
        "value": -0.0024967264166965227
    }
}