{
    "Ar36": {
        "error": 0.00018299907427216984,
        "error_type": "SD",
        "filter_outliers_dict": {
            "filter_outliers": true,
            "iterations": 1,
            "std_devs": 2,
            "use_standard_deviation_filtering": false
        },
        "fit": "Parabolic",
        "fn": 379,
        "include_baseline_error": false,
        "n": 400,
        "outlier_excluded": [
            285,
            389,
            262,
            231,
            297,
            138,
            361,
            333,
            82,
            242,
            52,
            245,
            274,
            119,
            277,
            154,
            219,
            379,
            253,
            30,
            222
        ],
        "reviewed": true,
        "user_excluded": [],
        "value": 0.007263782136397653
    },
    "Ar37": {
        "error": 0.012683157584738643,
        "error_type": "SD",
        "filter_outliers_dict": {
            "filter_outliers": true,
            "iterations": 1,
            "std_devs": 2,
            "use_standard_deviation_filtering": false
        },
        "fit": "Linear",
        "fn": 381,
        "include_baseline_error": false,
        "n": 400,
        "outlier_excluded": [
            32,
            289,
            69,
            167,
            8,
            298,
            363,
            364,
            238,
            79,
            16,
            17,
            146,
            276,
            277,
            118,
            120,
            314,
            382
        ],
        "reviewed": true,
        "user_excluded": [],
        "value": 0.015073854619874313
    },
    "Ar38": {
        "error": 0.01177484431462322,
        "error_type": "SD",
        "filter_outliers_dict": {
            "filter_outliers": true,
            "iterations": 1,
            "std_devs": 2,
            "use_standard_deviation_filtering": false
        },
        "fit": "Linear",
        "fn": 377,
        "include_baseline_error": false,
        "n": 400,
        "outlier_excluded": [
            130,
            392,
            276,
            286,
            290,
            42,
            303,
            181,
            193,
            323,
            74,
            333,
            335,
            92,
            349,
            351,
            227,
            370,
            118,
            246,
            374,
            125,
            382
        ],
        "reviewed": true,
        "user_excluded": [],
        "value": -0.00602984077865814
    },
    "Ar39": {
        "error": 0.010795713383782447,
        "error_type": "SD",
        "filter_outliers_dict": {
            "filter_outliers": true,
            "iterations": 1,
            "std_devs": 2,
            "use_standard_deviation_filtering": false
        },
        "fit": "Parabolic",
        "fn": 386,
        "include_baseline_error": false,
        "n": 400,
        "outlier_excluded": [
            159,
            161,
            223,
            390,
            143,
            80,
            79,
            178,
            21,
            310,
            373,
            88,
            350,
            127
        ],
        "reviewed": true,
        "user_excluded": [],
        "value": 4.857908738574352
    },
    "Ar40": {
        "error": 0.021385872154215408,
        "error_type": "SD",
        "filter_outliers_dict": {
            "filter_outliers": true,
            "iterations": 1,
            "std_devs": 2,
            "use_standard_deviation_filtering": false
        },
        "fit": "Parabolic",
        "fn": 384,
        "include_baseline_error": false,
        "n": 400,
        "outlier_excluded": [
            225,
            66,
            386,
            6,
            73,
            139,
            109,
            112,
            338,
            51,
            341,
            344,
            89,
            250,
            345,
            253
        ],
        "reviewed": true,
        "user_excluded": [],
        "value": 2.8939296240947927
    },
    "Ar41": {
        "error": 0.13704963072414647,
        "error_type": "SD",
        "filter_outliers_dict": {
            "filter_outliers": false,
            "iterations": 1,
            "std_devs": 1,
            "use_standard_deviation_filtering": false
        },
        "fit": "average_SEM",
        "value": -0.019939190575969407
    }
}