{
    "Ar36": {
        "error": 0.0002180721731620408,
        "error_type": "SD",
        "filter_outliers_dict": {
            "filter_outliers": true,
            "iterations": 1,
            "std_devs": 2,
            "use_standard_deviation_filtering": false
        },
        "fit": "Parabolic",
        "fn": 381,
        "include_baseline_error": false,
        "n": 400,
        "outlier_excluded": [
            130,
            37,
            170,
            139,
            202,
            234,
            238,
            398,
            212,
            149,
            183,
            280,
            312,
            154,
            375,
            284,
            61,
            376,
            379
        ],
        "reviewed": true,
        "user_excluded": [],
        "value": 0.010425296406914157
    },
    "Ar37": {
        "error": 0.013163956125518739,
        "error_type": "SD",
        "filter_outliers_dict": {
            "filter_outliers": true,
            "iterations": 1,
            "std_devs": 2,
            "use_standard_deviation_filtering": false
        },
        "fit": "Linear",
        "fn": 384,
        "include_baseline_error": false,
        "n": 400,
        "outlier_excluded": [
            33,
            194,
            164,
            264,
            393,
            170,
            202,
            44,
            266,
            267,
            82,
            212,
            342,
            90,
            219,
            314
        ],
        "reviewed": true,
        "user_excluded": [],
        "value": -0.01807912777932021
    },
    "Ar38": {
        "error": 0.011748482107437716,
        "error_type": "SD",
        "filter_outliers_dict": {
            "filter_outliers": true,
            "iterations": 1,
            "std_devs": 2,
            "use_standard_deviation_filtering": false
        },
        "fit": "Linear",
        "fn": 370,
        "include_baseline_error": false,
        "n": 400,
        "outlier_excluded": [
            128,
            384,
            260,
            264,
            392,
            396,
            271,
            19,
            151,
            28,
            158,
            303,
            177,
            54,
            60,
            316,
            324,
            71,
            200,
            73,
            201,
            202,
            328,
            77,
            84,
            213,
            356,
            107,
            242,
            251
        ],
        "reviewed": true,
        "user_excluded": [],
        "value": 0.06091431472660283
    },
    "Ar39": {
        "error": 0.010669839137559568,
        "error_type": "SD",
        "filter_outliers_dict": {
            "filter_outliers": true,
            "iterations": 1,
            "std_devs": 2,
            "use_standard_deviation_filtering": false
        },
        "fit": "Parabolic",
        "fn": 381,
        "include_baseline_error": false,
        "n": 400,
        "outlier_excluded": [
            64,
            2,
            291,
            199,
            263,
            105,
            107,
            336,
            115,
            276,
            181,
            309,
            151,
            216,
            342,
            122,
            157,
            62,
            319
        ],
        "reviewed": true,
        "user_excluded": [],
        "value": 11.764720019727113
    },
    "Ar40": {
        "error": 0.019875498061747515,
        "error_type": "SD",
        "filter_outliers_dict": {
            "filter_outliers": true,
            "iterations": 1,
            "std_devs": 2,
            "use_standard_deviation_filtering": false
        },
        "fit": "Parabolic",
        "fn": 382,
        "include_baseline_error": false,
        "n": 400,
        "outlier_excluded": [
            259,
            228,
            135,
            71,
            73,
            137,
            392,
            236,
            173,
            208,
            49,
            177,
            336,
            53,
            216,
            121,
            281,
            188
        ],
        "reviewed": true,
        "user_excluded": [],
        "value": 5.109065704623811
    },
    "Ar41": {
        "error": 0.12932463812092804,
        "error_type": "SD",
        "filter_outliers_dict": {
            "filter_outliers": false,
            "iterations": 1,
            "std_devs": 1,
            "use_standard_deviation_filtering": false
        },
        "fit": "average_SEM",
        "value": -0.018756577093336092
    }
}