{
    "Ar36": {
        "error": 0.000223648421174974,
        "error_type": "SD",
        "filter_outliers_dict": {
            "filter_outliers": true,
            "iterations": 1,
            "std_devs": 2,
            "use_standard_deviation_filtering": false
        },
        "fit": "Parabolic",
        "fn": 383,
        "include_baseline_error": false,
        "n": 400,
        "outlier_excluded": [
            323,
            324,
            356,
            389,
            78,
            82,
            370,
            52,
            85,
            372,
            217,
            313,
            251,
            316,
            349,
            382,
            287
        ],
        "reviewed": true,
        "user_excluded": [],
        "value": 0.010967055188083184
    },
    "Ar37": {
        "error": 0.013752950187345063,
        "error_type": "SD",
        "filter_outliers_dict": {
            "filter_outliers": true,
            "iterations": 1,
            "std_devs": 2,
            "use_standard_deviation_filtering": false
        },
        "fit": "Linear",
        "fn": 382,
        "include_baseline_error": false,
        "n": 400,
        "outlier_excluded": [
            258,
            326,
            263,
            106,
            75,
            333,
            270,
            15,
            175,
            304,
            178,
            335,
            87,
            279,
            219,
            125,
            30,
            191
        ],
        "reviewed": true,
        "user_excluded": [],
        "value": 0.019572997825152268
    },
    "Ar38": {
        "error": 0.011774075732275081,
        "error_type": "SD",
        "filter_outliers_dict": {
            "filter_outliers": true,
            "iterations": 1,
            "std_devs": 2,
            "use_standard_deviation_filtering": false
        },
        "fit": "Linear",
        "fn": 371,
        "include_baseline_error": false,
        "n": 400,
        "outlier_excluded": [
            130,
            261,
            390,
            137,
            265,
            13,
            269,
            146,
            160,
            288,
            34,
            39,
            43,
            44,
            48,
            182,
            57,
            70,
            199,
            326,
            338,
            342,
            220,
            228,
            105,
            238,
            367,
            250,
            123
        ],
        "reviewed": true,
        "user_excluded": [],
        "value": 0.06379637801821168
    },
    "Ar39": {
        "error": 0.010875281739361437,
        "error_type": "SD",
        "filter_outliers_dict": {
            "filter_outliers": true,
            "iterations": 1,
            "std_devs": 2,
            "use_standard_deviation_filtering": false
        },
        "fit": "Parabolic",
        "fn": 386,
        "include_baseline_error": false,
        "n": 400,
        "outlier_excluded": [
            33,
            355,
            292,
            261,
            10,
            300,
            52,
            54,
            24,
            249,
            219,
            348,
            222,
            351
        ],
        "reviewed": true,
        "user_excluded": [],
        "value": 7.7352137349030095
    },
    "Ar40": {
        "error": 0.022135808854170203,
        "error_type": "SD",
        "filter_outliers_dict": {
            "filter_outliers": true,
            "iterations": 1,
            "std_devs": 2,
            "use_standard_deviation_filtering": false
        },
        "fit": "Parabolic",
        "fn": 382,
        "include_baseline_error": false,
        "n": 400,
        "outlier_excluded": [
            192,
            69,
            104,
            361,
            138,
            109,
            174,
            48,
            241,
            115,
            243,
            275,
            54,
            340,
            312,
            153,
            343,
            155
        ],
        "reviewed": true,
        "user_excluded": [],
        "value": 4.552188355203109
    },
    "Ar41": {
        "error": 0.12694170520628786,
        "error_type": "SD",
        "filter_outliers_dict": {
            "filter_outliers": false,
            "iterations": 1,
            "std_devs": 1,
            "use_standard_deviation_filtering": false
        },
        "fit": "average_SEM",
        "value": -0.012232643456372897
    }
}