{
    "Ar36": {
        "error": 0.00020092059275807268,
        "error_type": "SD",
        "filter_outliers_dict": {
            "filter_outliers": true,
            "iterations": 1,
            "std_devs": 2,
            "use_standard_deviation_filtering": false
        },
        "fit": "Parabolic",
        "fn": 384,
        "include_baseline_error": false,
        "n": 400,
        "outlier_excluded": [
            160,
            1,
            228,
            293,
            70,
            326,
            391,
            266,
            141,
            335,
            370,
            180,
            149,
            120,
            89,
            253
        ],
        "reviewed": true,
        "user_excluded": [],
        "value": 0.00790446505348174
    },
    "Ar37": {
        "error": 0.011760852019667235,
        "error_type": "SD",
        "filter_outliers_dict": {
            "filter_outliers": true,
            "iterations": 1,
            "std_devs": 2,
            "use_standard_deviation_filtering": false
        },
        "fit": "Linear",
        "fn": 378,
        "include_baseline_error": false,
        "n": 400,
        "outlier_excluded": [
            384,
            4,
            392,
            138,
            269,
            398,
            272,
            276,
            281,
            282,
            29,
            157,
            161,
            295,
            297,
            317,
            197,
            208,
            219,
            354,
            361,
            235
        ],
        "reviewed": true,
        "user_excluded": [],
        "value": 0.012210189718480077
    },
    "Ar38": {
        "error": 0.0149023241254141,
        "error_type": "SD",
        "filter_outliers_dict": {
            "filter_outliers": true,
            "iterations": 1,
            "std_devs": 2,
            "use_standard_deviation_filtering": false
        },
        "fit": "Linear",
        "fn": 382,
        "include_baseline_error": false,
        "n": 400,
        "outlier_excluded": [
            318,
            161,
            35,
            68,
            37,
            38,
            135,
            230,
            232,
            358,
            364,
            305,
            114,
            147,
            275,
            373,
            94,
            286
        ],
        "reviewed": true,
        "user_excluded": [],
        "value": 0.13515835785694147
    },
    "Ar39": {
        "error": 0.010544255094526363,
        "error_type": "SD",
        "filter_outliers_dict": {
            "filter_outliers": true,
            "iterations": 1,
            "std_devs": 2,
            "use_standard_deviation_filtering": false
        },
        "fit": "Parabolic",
        "fn": 379,
        "include_baseline_error": false,
        "n": 400,
        "outlier_excluded": [
            99,
            36,
            39,
            360,
            137,
            204,
            109,
            269,
            145,
            210,
            372,
            85,
            117,
            151,
            24,
            152,
            213,
            27,
            156,
            283,
            318
        ],
        "reviewed": true,
        "user_excluded": [],
        "value": 14.903422432701502
    },
    "Ar40": {
        "error": 0.020301530068998395,
        "error_type": "SD",
        "filter_outliers_dict": {
            "filter_outliers": true,
            "iterations": 1,
            "std_devs": 2,
            "use_standard_deviation_filtering": false
        },
        "fit": "Parabolic",
        "fn": 381,
        "include_baseline_error": false,
        "n": 400,
        "outlier_excluded": [
            352,
            162,
            131,
            134,
            294,
            44,
            76,
            15,
            145,
            211,
            275,
            85,
            150,
            278,
            251,
            316,
            347,
            222,
            319
        ],
        "reviewed": true,
        "user_excluded": [],
        "value": 5.006339684602778
    },
    "Ar41": {
        "error": 0.13574515867580117,
        "error_type": "SD",
        "filter_outliers_dict": {
            "filter_outliers": false,
            "iterations": 1,
            "std_devs": 1,
            "use_standard_deviation_filtering": false
        },
        "fit": "average_SEM",
        "value": -0.007830475404189201
    }
}