{
    "Ar36": {
        "error": 0.0001682789705274622,
        "error_type": "SEM",
        "filter_outliers_dict": {
            "filter_outliers": true,
            "iterations": 1,
            "std_devs": 2,
            "use_standard_deviation_filtering": false
        },
        "fit": "Parabolic",
        "fn": 577,
        "include_baseline_error": false,
        "n": 600,
        "outlier_excluded": [
            512,
            513,
            261,
            518,
            273,
            406,
            537,
            289,
            428,
            562,
            314,
            586,
            333,
            590,
            335,
            81,
            83,
            472,
            348,
            481,
            494,
            240,
            511
        ],
        "reviewed": true,
        "user_excluded": [],
        "value": 0.008196230841456787
    },
    "Ar37": {
        "error": 0.00966318900474659,
        "error_type": "SEM",
        "filter_outliers_dict": {
            "filter_outliers": true,
            "iterations": 1,
            "std_devs": 2,
            "use_standard_deviation_filtering": false
        },
        "fit": "Linear",
        "fn": 571,
        "include_baseline_error": false,
        "n": 600,
        "outlier_excluded": [
            131,
            5,
            140,
            18,
            19,
            278,
            424,
            427,
            300,
            555,
            310,
            439,
            188,
            319,
            580,
            328,
            584,
            332,
            333,
            462,
            339,
            468,
            480,
            231,
            243,
            120,
            121,
            250,
            251
        ],
        "reviewed": true,
        "user_excluded": [],
        "value": 0.15843857393242533
    },
    "Ar38": {
        "error": 0.01194259945960854,
        "error_type": "SEM",
        "filter_outliers_dict": {
            "filter_outliers": true,
            "iterations": 1,
            "std_devs": 2,
            "use_standard_deviation_filtering": false
        },
        "fit": "Linear",
        "fn": 574,
        "include_baseline_error": false,
        "n": 600,
        "outlier_excluded": [
            132,
            135,
            9,
            140,
            142,
            399,
            400,
            528,
            275,
            21,
            412,
            38,
            425,
            170,
            314,
            189,
            573,
            192,
            67,
            196,
            200,
            590,
            207,
            356,
            490,
            502
        ],
        "reviewed": true,
        "user_excluded": [],
        "value": 0.7740347567280484
    },
    "Ar39": {
        "error": 0.02190260613505097,
        "error_type": "SEM",
        "filter_outliers_dict": {
            "filter_outliers": true,
            "iterations": 1,
            "std_devs": 2,
            "use_standard_deviation_filtering": false
        },
        "fit": "Parabolic",
        "fn": 574,
        "include_baseline_error": false,
        "n": 600,
        "outlier_excluded": [
            258,
            131,
            148,
            535,
            153,
            537,
            538,
            539,
            414,
            542,
            164,
            165,
            167,
            168,
            170,
            54,
            440,
            316,
            190,
            193,
            197,
            581,
            587,
            461,
            485,
            245
        ],
        "reviewed": true,
        "user_excluded": [],
        "value": 74.97113669995734
    },
    "Ar40": {
        "error": 0.017882619304009417,
        "error_type": "SEM",
        "filter_outliers_dict": {
            "filter_outliers": true,
            "iterations": 1,
            "std_devs": 2,
            "use_standard_deviation_filtering": false
        },
        "fit": "Parabolic",
        "fn": 576,
        "include_baseline_error": false,
        "n": 600,
        "outlier_excluded": [
            0,
            392,
            393,
            23,
            24,
            281,
            29,
            157,
            417,
            421,
            57,
            187,
            320,
            73,
            459,
            76,
            208,
            86,
            89,
            96,
            231,
            111,
            116,
            127
        ],
        "reviewed": true,
        "user_excluded": [],
        "value": 20.150165175006467
    },
    "Ar41": {
        "error": 0.004388863116563142,
        "error_type": "SEM",
        "filter_outliers_dict": {
            "filter_outliers": true,
            "iterations": 1,
            "std_devs": 2,
            "use_standard_deviation_filtering": false
        },
        "fit": "average",
        "value": -0.06469584806294287
    }
}