{
    "Ar36": {
        "error": 0.00014497976749970476,
        "error_type": "SEM",
        "filter_outliers_dict": {
            "filter_outliers": true,
            "iterations": 1,
            "std_devs": 2,
            "use_standard_deviation_filtering": false
        },
        "fit": "Parabolic",
        "fn": 574,
        "include_baseline_error": false,
        "n": 600,
        "outlier_excluded": [
            517,
            395,
            140,
            396,
            524,
            529,
            402,
            405,
            281,
            537,
            155,
            412,
            34,
            418,
            419,
            434,
            179,
            445,
            194,
            206,
            222,
            104,
            233,
            364,
            244,
            502
        ],
        "reviewed": true,
        "user_excluded": [],
        "value": 0.005804078012081816
    },
    "Ar37": {
        "error": 0.010242630384515226,
        "error_type": "SEM",
        "filter_outliers_dict": {
            "filter_outliers": true,
            "iterations": 1,
            "std_devs": 2,
            "use_standard_deviation_filtering": false
        },
        "fit": "Linear",
        "fn": 573,
        "include_baseline_error": false,
        "n": 600,
        "outlier_excluded": [
            256,
            257,
            527,
            529,
            274,
            23,
            284,
            544,
            549,
            186,
            187,
            571,
            190,
            76,
            464,
            339,
            85,
            342,
            478,
            480,
            481,
            99,
            484,
            485,
            107,
            365,
            382
        ],
        "reviewed": true,
        "user_excluded": [],
        "value": 0.028480215505045328
    },
    "Ar38": {
        "error": 0.013897464515588528,
        "error_type": "SEM",
        "filter_outliers_dict": {
            "filter_outliers": true,
            "iterations": 1,
            "std_devs": 2,
            "use_standard_deviation_filtering": false
        },
        "fit": "Linear",
        "fn": 582,
        "include_baseline_error": false,
        "n": 600,
        "outlier_excluded": [
            65,
            2,
            129,
            227,
            108,
            205,
            46,
            79,
            110,
            535,
            440,
            25,
            58,
            539,
            124,
            189,
            316,
            255
        ],
        "reviewed": true,
        "user_excluded": [],
        "value": 0.17074594952409977
    },
    "Ar39": {
        "error": 0.017557149842342256,
        "error_type": "SEM",
        "filter_outliers_dict": {
            "filter_outliers": true,
            "iterations": 1,
            "std_devs": 2,
            "use_standard_deviation_filtering": false
        },
        "fit": "Parabolic",
        "fn": 570,
        "include_baseline_error": false,
        "n": 600,
        "outlier_excluded": [
            384,
            515,
            263,
            268,
            403,
            408,
            411,
            28,
            287,
            294,
            168,
            297,
            557,
            305,
            306,
            183,
            201,
            78,
            81,
            82,
            215,
            92,
            348,
            228,
            101,
            102,
            236,
            498,
            502,
            381
        ],
        "reviewed": true,
        "user_excluded": [],
        "value": 31.150892752670966
    },
    "Ar40": {
        "error": 0.016141974064724098,
        "error_type": "SEM",
        "filter_outliers_dict": {
            "filter_outliers": true,
            "iterations": 1,
            "std_devs": 2,
            "use_standard_deviation_filtering": false
        },
        "fit": "Parabolic",
        "fn": 565,
        "include_baseline_error": false,
        "n": 600,
        "outlier_excluded": [
            0,
            130,
            514,
            267,
            15,
            528,
            17,
            402,
            147,
            408,
            285,
            160,
            163,
            423,
            556,
            309,
            565,
            312,
            441,
            442,
            447,
            452,
            455,
            77,
            334,
            82,
            217,
            483,
            484,
            102,
            495,
            368,
            501,
            126,
            382
        ],
        "reviewed": true,
        "user_excluded": [],
        "value": 7.101124524909867
    },
    "Ar41": {
        "error": 0.00471815030119716,
        "error_type": "SEM",
        "filter_outliers_dict": {
            "filter_outliers": true,
            "iterations": 1,
            "std_devs": 2,
            "use_standard_deviation_filtering": false
        },
        "fit": "average",
        "value": -0.061222117169839274
    }
}