{
    "Ar36": {
        "error": 0.00016117765122281429,
        "error_type": "SEM",
        "filter_outliers_dict": {
            "filter_outliers": true,
            "iterations": 1,
            "std_devs": 2,
            "use_standard_deviation_filtering": false
        },
        "fit": "Parabolic",
        "fn": 571,
        "include_baseline_error": false,
        "n": 600,
        "outlier_excluded": [
            0,
            261,
            524,
            526,
            535,
            280,
            538,
            413,
            288,
            296,
            300,
            175,
            434,
            565,
            311,
            59,
            576,
            323,
            470,
            472,
            90,
            219,
            347,
            364,
            239,
            369,
            504,
            124,
            125
        ],
        "reviewed": true,
        "user_excluded": [],
        "value": 0.0077357228647378425
    },
    "Ar37": {
        "error": 0.01004737418765325,
        "error_type": "SEM",
        "filter_outliers_dict": {
            "filter_outliers": true,
            "iterations": 1,
            "std_devs": 2,
            "use_standard_deviation_filtering": false
        },
        "fit": "Linear",
        "fn": 575,
        "include_baseline_error": false,
        "n": 600,
        "outlier_excluded": [
            258,
            267,
            534,
            24,
            26,
            38,
            294,
            296,
            42,
            556,
            173,
            309,
            183,
            313,
            584,
            79,
            213,
            216,
            220,
            94,
            101,
            364,
            499,
            377,
            125
        ],
        "reviewed": true,
        "user_excluded": [],
        "value": 0.017637553071445752
    },
    "Ar38": {
        "error": 0.008975527848742773,
        "error_type": "SEM",
        "filter_outliers_dict": {
            "filter_outliers": true,
            "iterations": 1,
            "std_devs": 2,
            "use_standard_deviation_filtering": false
        },
        "fit": "Linear",
        "fn": 565,
        "include_baseline_error": false,
        "n": 600,
        "outlier_excluded": [
            257,
            515,
            522,
            140,
            268,
            147,
            29,
            285,
            542,
            547,
            37,
            294,
            302,
            50,
            179,
            306,
            434,
            445,
            450,
            67,
            458,
            77,
            80,
            211,
            84,
            85,
            597,
            217,
            478,
            231,
            105,
            364,
            239,
            244,
            373
        ],
        "reviewed": true,
        "user_excluded": [],
        "value": -0.08367684867595683
    },
    "Ar39": {
        "error": 0.013913667057232666,
        "error_type": "SEM",
        "filter_outliers_dict": {
            "filter_outliers": true,
            "iterations": 1,
            "std_devs": 2,
            "use_standard_deviation_filtering": false
        },
        "fit": "Parabolic",
        "fn": 573,
        "include_baseline_error": false,
        "n": 600,
        "outlier_excluded": [
            387,
            135,
            527,
            144,
            275,
            277,
            278,
            413,
            420,
            548,
            550,
            442,
            572,
            61,
            588,
            591,
            221,
            97,
            227,
            236,
            368,
            241,
            242,
            243,
            501,
            508,
            254
        ],
        "reviewed": true,
        "user_excluded": [],
        "value": 9.089436439902919
    },
    "Ar40": {
        "error": 0.016452880496949943,
        "error_type": "SEM",
        "filter_outliers_dict": {
            "filter_outliers": true,
            "iterations": 1,
            "std_devs": 2,
            "use_standard_deviation_filtering": false
        },
        "fit": "Parabolic",
        "fn": 575,
        "include_baseline_error": false,
        "n": 600,
        "outlier_excluded": [
            256,
            384,
            397,
            275,
            538,
            30,
            178,
            306,
            189,
            574,
            578,
            323,
            68,
            454,
            77,
            598,
            473,
            92,
            351,
            485,
            110,
            495,
            371,
            379,
            381
        ],
        "reviewed": true,
        "user_excluded": [],
        "value": 3.6242793917720983
    },
    "Ar41": {
        "error": 0.004531585518995638,
        "error_type": "SEM",
        "filter_outliers_dict": {
            "filter_outliers": true,
            "iterations": 1,
            "std_devs": 2,
            "use_standard_deviation_filtering": false
        },
        "fit": "average",
        "value": -0.05693518376485942
    }
}