{
    "Ar36": {
        "error": 0.00018286233771405905,
        "error_type": "SEM",
        "filter_outliers_dict": {
            "filter_outliers": true,
            "iterations": 1,
            "std_devs": 2,
            "use_standard_deviation_filtering": false
        },
        "fit": "Parabolic",
        "fn": 568,
        "include_baseline_error": false,
        "n": 600,
        "outlier_excluded": [
            257,
            515,
            260,
            6,
            263,
            393,
            521,
            146,
            20,
            24,
            297,
            426,
            557,
            560,
            570,
            576,
            194,
            211,
            342,
            471,
            472,
            352,
            353,
            482,
            227,
            484,
            487,
            490,
            364,
            369,
            504,
            505
        ],
        "reviewed": true,
        "user_excluded": [],
        "value": 0.01006420363245503
    },
    "Ar37": {
        "error": 0.010318047190967855,
        "error_type": "SEM",
        "filter_outliers_dict": {
            "filter_outliers": true,
            "iterations": 1,
            "std_devs": 2,
            "use_standard_deviation_filtering": false
        },
        "fit": "Linear",
        "fn": 575,
        "include_baseline_error": false,
        "n": 600,
        "outlier_excluded": [
            389,
            264,
            147,
            150,
            418,
            163,
            296,
            42,
            171,
            556,
            305,
            52,
            436,
            61,
            447,
            66,
            323,
            338,
            351,
            487,
            232,
            493,
            494,
            377,
            124
        ],
        "reviewed": true,
        "user_excluded": [],
        "value": 0.02257459119875412
    },
    "Ar38": {
        "error": 0.013183783577058529,
        "error_type": "SEM",
        "filter_outliers_dict": {
            "filter_outliers": true,
            "iterations": 1,
            "std_devs": 2,
            "use_standard_deviation_filtering": false
        },
        "fit": "Linear",
        "fn": 572,
        "include_baseline_error": false,
        "n": 600,
        "outlier_excluded": [
            384,
            5,
            398,
            539,
            28,
            542,
            543,
            545,
            429,
            562,
            55,
            59,
            318,
            64,
            65,
            582,
            199,
            589,
            468,
            469,
            92,
            93,
            352,
            228,
            116,
            245,
            125,
            254
        ],
        "reviewed": true,
        "user_excluded": [],
        "value": 0.4839127751691146
    },
    "Ar39": {
        "error": 0.01953796515243391,
        "error_type": "SEM",
        "filter_outliers_dict": {
            "filter_outliers": true,
            "iterations": 1,
            "std_devs": 2,
            "use_standard_deviation_filtering": false
        },
        "fit": "Parabolic",
        "fn": 570,
        "include_baseline_error": false,
        "n": 600,
        "outlier_excluded": [
            257,
            387,
            388,
            134,
            154,
            538,
            30,
            294,
            300,
            301,
            302,
            430,
            304,
            305,
            307,
            308,
            312,
            188,
            68,
            198,
            71,
            456,
            81,
            213,
            99,
            483,
            363,
            246,
            249,
            122
        ],
        "reviewed": true,
        "user_excluded": [],
        "value": 53.76922354590941
    },
    "Ar40": {
        "error": 0.01716124387619116,
        "error_type": "SEM",
        "filter_outliers_dict": {
            "filter_outliers": true,
            "iterations": 1,
            "std_devs": 2,
            "use_standard_deviation_filtering": false
        },
        "fit": "Parabolic",
        "fn": 573,
        "include_baseline_error": false,
        "n": 600,
        "outlier_excluded": [
            513,
            514,
            5,
            137,
            150,
            408,
            153,
            32,
            162,
            163,
            301,
            54,
            192,
            193,
            450,
            463,
            594,
            342,
            221,
            223,
            486,
            487,
            495,
            370,
            243,
            376,
            255
        ],
        "reviewed": true,
        "user_excluded": [],
        "value": 11.280609409207866
    },
    "Ar41": {
        "error": 0.0045188769409044895,
        "error_type": "SEM",
        "filter_outliers_dict": {
            "filter_outliers": true,
            "iterations": 1,
            "std_devs": 2,
            "use_standard_deviation_filtering": false
        },
        "fit": "average",
        "value": -0.06059500165513686
    }
}