{
    "Ar36": {
        "error": 0.00013753413771364707,
        "error_type": "SEM",
        "filter_outliers_dict": {
            "filter_outliers": true,
            "iterations": 1,
            "std_devs": 2,
            "use_standard_deviation_filtering": false
        },
        "fit": "Parabolic",
        "fn": 566,
        "include_baseline_error": false,
        "n": 600,
        "outlier_excluded": [
            512,
            385,
            259,
            271,
            275,
            535,
            409,
            411,
            412,
            539,
            420,
            553,
            312,
            569,
            443,
            190,
            448,
            449,
            196,
            585,
            203,
            587,
            463,
            592,
            209,
            468,
            473,
            351,
            482,
            486,
            487,
            360,
            369,
            118
        ],
        "reviewed": true,
        "user_excluded": [],
        "value": 0.004784105506009352
    },
    "Ar37": {
        "error": 0.01008811242997127,
        "error_type": "SEM",
        "filter_outliers_dict": {
            "filter_outliers": true,
            "iterations": 1,
            "std_devs": 2,
            "use_standard_deviation_filtering": false
        },
        "fit": "Linear",
        "fn": 568,
        "include_baseline_error": false,
        "n": 600,
        "outlier_excluded": [
            512,
            262,
            8,
            138,
            523,
            147,
            148,
            279,
            535,
            26,
            27,
            158,
            37,
            41,
            174,
            184,
            323,
            452,
            328,
            80,
            594,
            342,
            482,
            359,
            104,
            364,
            495,
            368,
            499,
            501,
            124,
            125
        ],
        "reviewed": true,
        "user_excluded": [],
        "value": 0.03376791715993646
    },
    "Ar38": {
        "error": 0.013097351472630844,
        "error_type": "SEM",
        "filter_outliers_dict": {
            "filter_outliers": true,
            "iterations": 1,
            "std_devs": 2,
            "use_standard_deviation_filtering": false
        },
        "fit": "Linear",
        "fn": 576,
        "include_baseline_error": false,
        "n": 600,
        "outlier_excluded": [
            516,
            133,
            261,
            517,
            265,
            395,
            151,
            539,
            287,
            36,
            171,
            172,
            560,
            442,
            66,
            200,
            338,
            339,
            343,
            226,
            229,
            361,
            235,
            509
        ],
        "reviewed": true,
        "user_excluded": [],
        "value": 0.5420305166398578
    },
    "Ar39": {
        "error": 0.021302316529192566,
        "error_type": "SEM",
        "filter_outliers_dict": {
            "filter_outliers": true,
            "iterations": 1,
            "std_devs": 2,
            "use_standard_deviation_filtering": false
        },
        "fit": "Parabolic",
        "fn": 577,
        "include_baseline_error": false,
        "n": 600,
        "outlier_excluded": [
            7,
            153,
            410,
            285,
            286,
            558,
            177,
            561,
            439,
            58,
            59,
            197,
            71,
            595,
            216,
            218,
            91,
            219,
            95,
            96,
            364,
            118,
            253
        ],
        "reviewed": true,
        "user_excluded": [],
        "value": 57.88913694836056
    },
    "Ar40": {
        "error": 0.015831824251106397,
        "error_type": "SEM",
        "filter_outliers_dict": {
            "filter_outliers": true,
            "iterations": 1,
            "std_devs": 2,
            "use_standard_deviation_filtering": false
        },
        "fit": "Parabolic",
        "fn": 572,
        "include_baseline_error": false,
        "n": 600,
        "outlier_excluded": [
            133,
            29,
            161,
            548,
            433,
            51,
            182,
            439,
            569,
            314,
            318,
            62,
            454,
            457,
            467,
            341,
            214,
            470,
            88,
            89,
            95,
            97,
            228,
            358,
            492,
            365,
            500,
            505
        ],
        "reviewed": true,
        "user_excluded": [],
        "value": 10.338110998785309
    },
    "Ar41": {
        "error": 0.004342495602875611,
        "error_type": "SEM",
        "filter_outliers_dict": {
            "filter_outliers": true,
            "iterations": 1,
            "std_devs": 2,
            "use_standard_deviation_filtering": false
        },
        "fit": "average",
        "value": -0.05022014041535984
    }
}