{
    "Ar36": {
        "error": 0.00016568026945303158,
        "error_type": "SEM",
        "filter_outliers_dict": {
            "filter_outliers": true,
            "iterations": 1,
            "std_devs": 2,
            "use_standard_deviation_filtering": false
        },
        "fit": "Parabolic",
        "fn": 569,
        "include_baseline_error": false,
        "n": 600,
        "outlier_excluded": [
            512,
            391,
            523,
            271,
            273,
            402,
            151,
            410,
            160,
            546,
            432,
            434,
            439,
            186,
            571,
            316,
            577,
            451,
            455,
            456,
            457,
            462,
            590,
            211,
            339,
            597,
            470,
            217,
            483,
            360,
            498
        ],
        "reviewed": true,
        "user_excluded": [],
        "value": 0.004405131814706165
    },
    "Ar37": {
        "error": 0.010465239120511506,
        "error_type": "SEM",
        "filter_outliers_dict": {
            "filter_outliers": true,
            "iterations": 1,
            "std_devs": 2,
            "use_standard_deviation_filtering": false
        },
        "fit": "Linear",
        "fn": 580,
        "include_baseline_error": false,
        "n": 600,
        "outlier_excluded": [
            224,
            65,
            287,
            318,
            384,
            325,
            166,
            416,
            479,
            545,
            586,
            114,
            595,
            244,
            53,
            27,
            60,
            123,
            190,
            286
        ],
        "reviewed": true,
        "user_excluded": [],
        "value": 0.0070725893421807445
    },
    "Ar38": {
        "error": 0.011676778345246098,
        "error_type": "SEM",
        "filter_outliers_dict": {
            "filter_outliers": true,
            "iterations": 1,
            "std_devs": 2,
            "use_standard_deviation_filtering": false
        },
        "fit": "Linear",
        "fn": 569,
        "include_baseline_error": false,
        "n": 600,
        "outlier_excluded": [
            263,
            521,
            399,
            408,
            536,
            26,
            412,
            156,
            555,
            44,
            428,
            302,
            307,
            435,
            54,
            316,
            188,
            193,
            453,
            326,
            82,
            342,
            87,
            89,
            222,
            488,
            110,
            370,
            502,
            125,
            509
        ],
        "reviewed": true,
        "user_excluded": [],
        "value": 0.046641424773445274
    },
    "Ar39": {
        "error": 0.016760725475934574,
        "error_type": "SEM",
        "filter_outliers_dict": {
            "filter_outliers": true,
            "iterations": 1,
            "std_devs": 2,
            "use_standard_deviation_filtering": false
        },
        "fit": "Parabolic",
        "fn": 571,
        "include_baseline_error": false,
        "n": 600,
        "outlier_excluded": [
            384,
            385,
            387,
            137,
            13,
            16,
            404,
            540,
            543,
            552,
            426,
            48,
            446,
            452,
            462,
            208,
            212,
            213,
            86,
            216,
            222,
            99,
            355,
            111,
            112,
            499,
            500,
            245,
            501
        ],
        "reviewed": true,
        "user_excluded": [],
        "value": 18.939699814385605
    },
    "Ar40": {
        "error": 0.019122884305999736,
        "error_type": "SEM",
        "filter_outliers_dict": {
            "filter_outliers": true,
            "iterations": 1,
            "std_devs": 2,
            "use_standard_deviation_filtering": false
        },
        "fit": "Parabolic",
        "fn": 574,
        "include_baseline_error": false,
        "n": 600,
        "outlier_excluded": [
            1,
            2,
            257,
            138,
            16,
            274,
            277,
            153,
            542,
            548,
            434,
            183,
            189,
            573,
            319,
            574,
            577,
            580,
            69,
            327,
            72,
            465,
            356,
            229,
            493,
            509
        ],
        "reviewed": true,
        "user_excluded": [],
        "value": 4.345958425760001
    },
    "Ar41": {
        "error": 0.004949026987974823,
        "error_type": "SEM",
        "filter_outliers_dict": {
            "filter_outliers": true,
            "iterations": 1,
            "std_devs": 2,
            "use_standard_deviation_filtering": false
        },
        "fit": "average",
        "value": -0.06189106283339452
    }
}