{
    "Ar36": {
        "error": 0.00015264106714162577,
        "error_type": "SEM",
        "filter_outliers_dict": {
            "filter_outliers": true,
            "iterations": 1,
            "std_devs": 2,
            "use_standard_deviation_filtering": false
        },
        "fit": "Parabolic",
        "fn": 571,
        "include_baseline_error": false,
        "n": 600,
        "outlier_excluded": [
            272,
            400,
            150,
            158,
            287,
            542,
            546,
            165,
            37,
            422,
            168,
            559,
            435,
            436,
            566,
            311,
            567,
            441,
            443,
            458,
            590,
            83,
            467,
            352,
            353,
            366,
            111,
            372,
            501
        ],
        "reviewed": true,
        "user_excluded": [],
        "value": 0.005866068124861734
    },
    "Ar37": {
        "error": 0.011084320269763387,
        "error_type": "SEM",
        "filter_outliers_dict": {
            "filter_outliers": true,
            "iterations": 1,
            "std_devs": 2,
            "use_standard_deviation_filtering": false
        },
        "fit": "Linear",
        "fn": 581,
        "include_baseline_error": false,
        "n": 600,
        "outlier_excluded": [
            386,
            40,
            72,
            264,
            521,
            332,
            109,
            584,
            79,
            368,
            210,
            467,
            500,
            342,
            281,
            91,
            347,
            475,
            543
        ],
        "reviewed": true,
        "user_excluded": [],
        "value": 0.015207012691037391
    },
    "Ar38": {
        "error": 0.014127495163337653,
        "error_type": "SEM",
        "filter_outliers_dict": {
            "filter_outliers": true,
            "iterations": 1,
            "std_devs": 2,
            "use_standard_deviation_filtering": false
        },
        "fit": "Linear",
        "fn": 579,
        "include_baseline_error": false,
        "n": 600,
        "outlier_excluded": [
            129,
            385,
            99,
            487,
            234,
            107,
            173,
            399,
            400,
            241,
            178,
            307,
            337,
            23,
            312,
            25,
            122,
            155,
            567,
            571,
            573
        ],
        "reviewed": true,
        "user_excluded": [],
        "value": 0.3311739941283801
    },
    "Ar39": {
        "error": 0.019761424416551574,
        "error_type": "SEM",
        "filter_outliers_dict": {
            "filter_outliers": true,
            "iterations": 1,
            "std_devs": 2,
            "use_standard_deviation_filtering": false
        },
        "fit": "Parabolic",
        "fn": 575,
        "include_baseline_error": false,
        "n": 600,
        "outlier_excluded": [
            512,
            130,
            516,
            517,
            9,
            522,
            140,
            398,
            407,
            410,
            27,
            157,
            30,
            545,
            41,
            297,
            301,
            176,
            313,
            452,
            202,
            588,
            84,
            353,
            373
        ],
        "reviewed": true,
        "user_excluded": [],
        "value": 41.29678120104363
    },
    "Ar40": {
        "error": 0.015594168741026074,
        "error_type": "SEM",
        "filter_outliers_dict": {
            "filter_outliers": true,
            "iterations": 1,
            "std_devs": 2,
            "use_standard_deviation_filtering": false
        },
        "fit": "Parabolic",
        "fn": 569,
        "include_baseline_error": false,
        "n": 600,
        "outlier_excluded": [
            515,
            518,
            14,
            15,
            531,
            533,
            535,
            154,
            410,
            158,
            288,
            548,
            549,
            41,
            172,
            301,
            562,
            435,
            59,
            321,
            81,
            593,
            348,
            482,
            484,
            233,
            364,
            238,
            498,
            376,
            251
        ],
        "reviewed": true,
        "user_excluded": [],
        "value": 8.493696654872359
    },
    "Ar41": {
        "error": 0.0052511089985985615,
        "error_type": "SEM",
        "filter_outliers_dict": {
            "filter_outliers": true,
            "iterations": 1,
            "std_devs": 2,
            "use_standard_deviation_filtering": false
        },
        "fit": "average",
        "value": -0.03413411302618795
    }
}