{
    "Ar36": {
        "error": 0.00015286620384763052,
        "error_type": "SEM",
        "filter_outliers_dict": {
            "filter_outliers": true,
            "iterations": 1,
            "std_devs": 2,
            "use_standard_deviation_filtering": false
        },
        "fit": "Parabolic",
        "fn": 567,
        "include_baseline_error": false,
        "n": 600,
        "outlier_excluded": [
            256,
            516,
            264,
            17,
            530,
            151,
            26,
            540,
            162,
            418,
            424,
            555,
            558,
            562,
            437,
            566,
            445,
            575,
            578,
            197,
            198,
            199,
            586,
            468,
            469,
            217,
            358,
            236,
            364,
            238,
            504,
            252,
            508
        ],
        "reviewed": true,
        "user_excluded": [],
        "value": 0.005801340704392794
    },
    "Ar37": {
        "error": 0.010656159162487588,
        "error_type": "SEM",
        "filter_outliers_dict": {
            "filter_outliers": true,
            "iterations": 1,
            "std_devs": 2,
            "use_standard_deviation_filtering": false
        },
        "fit": "Linear",
        "fn": 572,
        "include_baseline_error": false,
        "n": 600,
        "outlier_excluded": [
            515,
            13,
            273,
            530,
            536,
            287,
            416,
            159,
            162,
            419,
            546,
            295,
            189,
            574,
            322,
            580,
            199,
            74,
            461,
            463,
            464,
            92,
            109,
            244,
            373,
            247,
            375,
            379
        ],
        "reviewed": true,
        "user_excluded": [],
        "value": 0.011553074372905689
    },
    "Ar38": {
        "error": 0.01210471278453117,
        "error_type": "SEM",
        "filter_outliers_dict": {
            "filter_outliers": true,
            "iterations": 1,
            "std_devs": 2,
            "use_standard_deviation_filtering": false
        },
        "fit": "Linear",
        "fn": 572,
        "include_baseline_error": false,
        "n": 600,
        "outlier_excluded": [
            384,
            258,
            514,
            399,
            18,
            274,
            406,
            285,
            415,
            543,
            33,
            39,
            43,
            47,
            435,
            57,
            452,
            453,
            581,
            586,
            587,
            599,
            344,
            95,
            237,
            249,
            250,
            254
        ],
        "reviewed": true,
        "user_excluded": [],
        "value": 0.507244974278827
    },
    "Ar39": {
        "error": 0.020512877052697005,
        "error_type": "SEM",
        "filter_outliers_dict": {
            "filter_outliers": true,
            "iterations": 1,
            "std_devs": 2,
            "use_standard_deviation_filtering": false
        },
        "fit": "Parabolic",
        "fn": 572,
        "include_baseline_error": false,
        "n": 600,
        "outlier_excluded": [
            0,
            387,
            133,
            528,
            274,
            275,
            278,
            283,
            292,
            183,
            56,
            317,
            191,
            67,
            68,
            75,
            341,
            597,
            352,
            354,
            101,
            102,
            105,
            235,
            498,
            501,
            119,
            383
        ],
        "reviewed": true,
        "user_excluded": [],
        "value": 54.36160734096759
    },
    "Ar40": {
        "error": 0.015455467066279703,
        "error_type": "SEM",
        "filter_outliers_dict": {
            "filter_outliers": true,
            "iterations": 1,
            "std_devs": 2,
            "use_standard_deviation_filtering": false
        },
        "fit": "Parabolic",
        "fn": 577,
        "include_baseline_error": false,
        "n": 600,
        "outlier_excluded": [
            131,
            259,
            518,
            392,
            522,
            397,
            18,
            283,
            414,
            33,
            556,
            54,
            56,
            72,
            205,
            463,
            468,
            342,
            224,
            356,
            486,
            368,
            502
        ],
        "reviewed": true,
        "user_excluded": [],
        "value": 10.201678754178232
    },
    "Ar41": {
        "error": 0.004706595340649705,
        "error_type": "SEM",
        "filter_outliers_dict": {
            "filter_outliers": true,
            "iterations": 1,
            "std_devs": 2,
            "use_standard_deviation_filtering": false
        },
        "fit": "average",
        "value": -0.05746830366888547
    }
}