{
    "Ar36": {
        "error": 0.0001364682635681957,
        "error_type": "SEM",
        "filter_outliers_dict": {
            "filter_outliers": true,
            "iterations": 1,
            "std_devs": 2,
            "use_standard_deviation_filtering": false
        },
        "fit": "Parabolic",
        "fn": 565,
        "include_baseline_error": false,
        "n": 600,
        "outlier_excluded": [
            524,
            525,
            272,
            401,
            529,
            532,
            536,
            286,
            417,
            421,
            554,
            431,
            568,
            313,
            441,
            318,
            577,
            580,
            582,
            327,
            456,
            461,
            335,
            463,
            591,
            597,
            474,
            477,
            222,
            362,
            368,
            497,
            242,
            373,
            255
        ],
        "reviewed": true,
        "user_excluded": [],
        "value": 0.003780963063346467
    },
    "Ar37": {
        "error": 0.010330054993500098,
        "error_type": "SEM",
        "filter_outliers_dict": {
            "filter_outliers": true,
            "iterations": 1,
            "std_devs": 2,
            "use_standard_deviation_filtering": false
        },
        "fit": "Linear",
        "fn": 575,
        "include_baseline_error": false,
        "n": 600,
        "outlier_excluded": [
            384,
            390,
            518,
            266,
            532,
            415,
            544,
            169,
            42,
            44,
            430,
            55,
            185,
            189,
            202,
            77,
            333,
            464,
            337,
            596,
            473,
            93,
            505,
            252,
            127
        ],
        "reviewed": true,
        "user_excluded": [],
        "value": 0.0368678587696626
    },
    "Ar38": {
        "error": 0.00932526439337602,
        "error_type": "SEM",
        "filter_outliers_dict": {
            "filter_outliers": true,
            "iterations": 1,
            "std_devs": 2,
            "use_standard_deviation_filtering": false
        },
        "fit": "Linear",
        "fn": 562,
        "include_baseline_error": false,
        "n": 600,
        "outlier_excluded": [
            384,
            257,
            5,
            389,
            8,
            264,
            269,
            397,
            271,
            530,
            22,
            23,
            24,
            25,
            406,
            535,
            417,
            38,
            423,
            174,
            436,
            315,
            443,
            573,
            190,
            194,
            70,
            199,
            333,
            216,
            93,
            351,
            358,
            108,
            365,
            241,
            243,
            122
        ],
        "reviewed": true,
        "user_excluded": [],
        "value": -0.013012151202112826
    },
    "Ar39": {
        "error": 0.016386425962243968,
        "error_type": "SEM",
        "filter_outliers_dict": {
            "filter_outliers": true,
            "iterations": 1,
            "std_devs": 2,
            "use_standard_deviation_filtering": false
        },
        "fit": "Parabolic",
        "fn": 571,
        "include_baseline_error": false,
        "n": 600,
        "outlier_excluded": [
            2,
            134,
            11,
            276,
            277,
            27,
            156,
            300,
            314,
            317,
            319,
            320,
            63,
            576,
            68,
            69,
            582,
            463,
            591,
            594,
            472,
            473,
            478,
            103,
            366,
            371,
            247,
            503,
            124
        ],
        "reviewed": true,
        "user_excluded": [],
        "value": 11.872227069540235
    },
    "Ar40": {
        "error": 0.015601909166154898,
        "error_type": "SEM",
        "filter_outliers_dict": {
            "filter_outliers": true,
            "iterations": 1,
            "std_devs": 2,
            "use_standard_deviation_filtering": false
        },
        "fit": "Parabolic",
        "fn": 576,
        "include_baseline_error": false,
        "n": 600,
        "outlier_excluded": [
            414,
            420,
            37,
            166,
            428,
            429,
            177,
            178,
            307,
            317,
            451,
            591,
            337,
            211,
            339,
            218,
            220,
            349,
            234,
            491,
            368,
            117,
            119,
            379
        ],
        "reviewed": true,
        "user_excluded": [],
        "value": 3.0906110610769866
    },
    "Ar41": {
        "error": 0.004914489730735784,
        "error_type": "SEM",
        "filter_outliers_dict": {
            "filter_outliers": true,
            "iterations": 1,
            "std_devs": 2,
            "use_standard_deviation_filtering": false
        },
        "fit": "average",
        "value": 0.2118963342398072
    }
}