{
    "Ar36": {
        "error": 0.0001644892315847576,
        "error_type": "SEM",
        "filter_outliers_dict": {
            "filter_outliers": true,
            "iterations": 1,
            "std_devs": 2,
            "use_standard_deviation_filtering": false
        },
        "fit": "Parabolic",
        "fn": 571,
        "include_baseline_error": false,
        "n": 600,
        "outlier_excluded": [
            536,
            538,
            542,
            426,
            428,
            50,
            308,
            440,
            446,
            447,
            449,
            322,
            450,
            324,
            328,
            456,
            460,
            461,
            589,
            463,
            211,
            467,
            352,
            98,
            494,
            116,
            380,
            509,
            383
        ],
        "reviewed": true,
        "user_excluded": [],
        "value": 0.007763221099898214
    },
    "Ar37": {
        "error": 0.010245752470977847,
        "error_type": "SEM",
        "filter_outliers_dict": {
            "filter_outliers": true,
            "iterations": 1,
            "std_devs": 2,
            "use_standard_deviation_filtering": false
        },
        "fit": "Linear",
        "fn": 574,
        "include_baseline_error": false,
        "n": 600,
        "outlier_excluded": [
            258,
            143,
            20,
            159,
            559,
            305,
            50,
            317,
            320,
            323,
            451,
            453,
            213,
            471,
            93,
            480,
            97,
            355,
            103,
            487,
            108,
            242,
            373,
            247,
            375,
            510
        ],
        "reviewed": true,
        "user_excluded": [],
        "value": 0.03737221819188865
    },
    "Ar38": {
        "error": 0.01389274844748574,
        "error_type": "SEM",
        "filter_outliers_dict": {
            "filter_outliers": true,
            "iterations": 1,
            "std_devs": 2,
            "use_standard_deviation_filtering": false
        },
        "fit": "Linear",
        "fn": 579,
        "include_baseline_error": false,
        "n": 600,
        "outlier_excluded": [
            256,
            65,
            384,
            420,
            294,
            232,
            361,
            426,
            11,
            491,
            13,
            143,
            528,
            339,
            595,
            568,
            89,
            571,
            157,
            382,
            511
        ],
        "reviewed": true,
        "user_excluded": [],
        "value": 0.10255443614604402
    },
    "Ar39": {
        "error": 0.007723557709782673,
        "error_type": "SEM",
        "filter_outliers_dict": {
            "filter_outliers": true,
            "iterations": 1,
            "std_devs": 2,
            "use_standard_deviation_filtering": false
        },
        "fit": "Parabolic",
        "fn": 576,
        "include_baseline_error": false,
        "n": 600,
        "outlier_excluded": [
            256,
            268,
            398,
            274,
            533,
            413,
            296,
            172,
            300,
            176,
            433,
            61,
            576,
            90,
            480,
            481,
            226,
            355,
            490,
            369,
            247,
            503,
            249,
            252
        ],
        "reviewed": true,
        "user_excluded": [],
        "value": 14.87004232700408
    },
    "Ar40": {
        "error": 0.016417995876026402,
        "error_type": "SEM",
        "filter_outliers_dict": {
            "filter_outliers": true,
            "iterations": 1,
            "std_devs": 2,
            "use_standard_deviation_filtering": false
        },
        "fit": "Parabolic",
        "fn": 575,
        "include_baseline_error": false,
        "n": 600,
        "outlier_excluded": [
            131,
            4,
            390,
            519,
            395,
            13,
            17,
            19,
            410,
            157,
            31,
            288,
            552,
            175,
            559,
            192,
            576,
            322,
            327,
            328,
            334,
            91,
            222,
            94,
            248
        ],
        "reviewed": true,
        "user_excluded": [],
        "value": 9.169042371909462
    },
    "Ar41": {
        "error": 0.010523811285773,
        "error_type": "SEM",
        "filter_outliers_dict": {
            "filter_outliers": true,
            "iterations": 1,
            "std_devs": 2,
            "use_standard_deviation_filtering": false
        },
        "fit": "linear",
        "value": 0.006772686023327891
    }
}