{
    "Ar36": {
        "error": 0.00021971642281919644,
        "error_type": "SEM",
        "filter_outliers_dict": {
            "filter_outliers": true,
            "iterations": 1,
            "std_devs": 2,
            "use_standard_deviation_filtering": false
        },
        "fit": "Parabolic",
        "fn": 572,
        "include_baseline_error": false,
        "n": 600,
        "outlier_excluded": [
            12,
            13,
            401,
            27,
            541,
            552,
            557,
            181,
            438,
            568,
            313,
            570,
            580,
            590,
            595,
            92,
            476,
            478,
            479,
            226,
            356,
            484,
            360,
            490,
            495,
            114,
            122,
            125
        ],
        "reviewed": true,
        "user_excluded": [],
        "value": 0.01932237691239561
    },
    "Ar37": {
        "error": 0.0100405200578085,
        "error_type": "SEM",
        "filter_outliers_dict": {
            "filter_outliers": true,
            "iterations": 1,
            "std_devs": 2,
            "use_standard_deviation_filtering": false
        },
        "fit": "Linear",
        "fn": 574,
        "include_baseline_error": false,
        "n": 600,
        "outlier_excluded": [
            11,
            273,
            407,
            411,
            412,
            158,
            34,
            168,
            186,
            570,
            572,
            325,
            198,
            328,
            458,
            463,
            80,
            339,
            467,
            341,
            468,
            599,
            351,
            491,
            376,
            379
        ],
        "reviewed": true,
        "user_excluded": [],
        "value": 0.04496910207806558
    },
    "Ar38": {
        "error": 0.013305819635798962,
        "error_type": "SEM",
        "filter_outliers_dict": {
            "filter_outliers": true,
            "iterations": 1,
            "std_devs": 2,
            "use_standard_deviation_filtering": false
        },
        "fit": "Linear",
        "fn": 570,
        "include_baseline_error": false,
        "n": 600,
        "outlier_excluded": [
            0,
            385,
            262,
            264,
            265,
            522,
            398,
            144,
            18,
            402,
            280,
            537,
            154,
            538,
            296,
            435,
            184,
            313,
            571,
            61,
            450,
            201,
            203,
            216,
            220,
            99,
            107,
            363,
            495,
            247
        ],
        "reviewed": true,
        "user_excluded": [],
        "value": 0.008437631727420535
    },
    "Ar39": {
        "error": 0.006907859472952969,
        "error_type": "SEM",
        "filter_outliers_dict": {
            "filter_outliers": true,
            "iterations": 1,
            "std_devs": 2,
            "use_standard_deviation_filtering": false
        },
        "fit": "Parabolic",
        "fn": 572,
        "include_baseline_error": false,
        "n": 600,
        "outlier_excluded": [
            134,
            8,
            264,
            266,
            141,
            405,
            156,
            162,
            419,
            424,
            175,
            51,
            438,
            312,
            313,
            60,
            447,
            193,
            581,
            199,
            455,
            462,
            466,
            97,
            356,
            362,
            495,
            125
        ],
        "reviewed": true,
        "user_excluded": [],
        "value": 6.546832747648538
    },
    "Ar40": {
        "error": 0.015397755743325855,
        "error_type": "SEM",
        "filter_outliers_dict": {
            "filter_outliers": true,
            "iterations": 1,
            "std_devs": 2,
            "use_standard_deviation_filtering": false
        },
        "fit": "Parabolic",
        "fn": 575,
        "include_baseline_error": false,
        "n": 600,
        "outlier_excluded": [
            133,
            391,
            17,
            273,
            150,
            154,
            27,
            285,
            415,
            162,
            179,
            564,
            309,
            317,
            190,
            321,
            451,
            462,
            342,
            215,
            220,
            351,
            486,
            371,
            373
        ],
        "reviewed": true,
        "user_excluded": [],
        "value": 6.911800242445777
    },
    "Ar41": {
        "error": 0.009853837239088866,
        "error_type": "SEM",
        "filter_outliers_dict": {
            "filter_outliers": true,
            "iterations": 1,
            "std_devs": 2,
            "use_standard_deviation_filtering": false
        },
        "fit": "linear",
        "value": -0.005696882375887703
    }
}