{
    "Ar36": {
        "error": 0.00019825897586088137,
        "error_type": "SEM",
        "filter_outliers_dict": {
            "filter_outliers": true,
            "iterations": 1,
            "std_devs": 2,
            "use_standard_deviation_filtering": false
        },
        "fit": "Parabolic",
        "fn": 577,
        "include_baseline_error": false,
        "n": 600,
        "outlier_excluded": [
            523,
            398,
            286,
            35,
            293,
            553,
            563,
            442,
            64,
            449,
            199,
            467,
            85,
            86,
            223,
            224,
            354,
            104,
            488,
            491,
            494,
            240,
            507
        ],
        "reviewed": true,
        "user_excluded": [],
        "value": 0.014665037787189777
    },
    "Ar37": {
        "error": 0.010606418408343614,
        "error_type": "SEM",
        "filter_outliers_dict": {
            "filter_outliers": true,
            "iterations": 1,
            "std_devs": 2,
            "use_standard_deviation_filtering": false
        },
        "fit": "Linear",
        "fn": 568,
        "include_baseline_error": false,
        "n": 600,
        "outlier_excluded": [
            128,
            520,
            522,
            527,
            277,
            25,
            540,
            420,
            167,
            42,
            44,
            46,
            181,
            56,
            570,
            187,
            316,
            192,
            193,
            449,
            460,
            335,
            593,
            85,
            223,
            479,
            225,
            229,
            489,
            367,
            117,
            250
        ],
        "reviewed": true,
        "user_excluded": [],
        "value": 0.037736061684551986
    },
    "Ar38": {
        "error": 0.013409677297442626,
        "error_type": "SEM",
        "filter_outliers_dict": {
            "filter_outliers": true,
            "iterations": 1,
            "std_devs": 2,
            "use_standard_deviation_filtering": false
        },
        "fit": "Linear",
        "fn": 576,
        "include_baseline_error": false,
        "n": 600,
        "outlier_excluded": [
            128,
            512,
            4,
            138,
            142,
            270,
            419,
            420,
            553,
            45,
            54,
            55,
            69,
            198,
            204,
            596,
            217,
            218,
            474,
            477,
            104,
            246,
            119,
            250
        ],
        "reviewed": true,
        "user_excluded": [],
        "value": 0.4851907628673571
    },
    "Ar39": {
        "error": 0.008739668291238987,
        "error_type": "SEM",
        "filter_outliers_dict": {
            "filter_outliers": true,
            "iterations": 1,
            "std_devs": 2,
            "use_standard_deviation_filtering": false
        },
        "fit": "Parabolic",
        "fn": 568,
        "include_baseline_error": false,
        "n": 600,
        "outlier_excluded": [
            1,
            387,
            132,
            5,
            264,
            400,
            22,
            31,
            290,
            550,
            424,
            428,
            429,
            303,
            442,
            445,
            191,
            328,
            329,
            330,
            460,
            78,
            80,
            470,
            345,
            350,
            225,
            493,
            496,
            369,
            500,
            376
        ],
        "reviewed": true,
        "user_excluded": [],
        "value": 39.930581080429235
    },
    "Ar40": {
        "error": 0.015314330833512057,
        "error_type": "SEM",
        "filter_outliers_dict": {
            "filter_outliers": true,
            "iterations": 1,
            "std_devs": 2,
            "use_standard_deviation_filtering": false
        },
        "fit": "Parabolic",
        "fn": 569,
        "include_baseline_error": false,
        "n": 600,
        "outlier_excluded": [
            385,
            130,
            268,
            141,
            272,
            281,
            33,
            37,
            301,
            430,
            176,
            304,
            432,
            182,
            193,
            324,
            452,
            588,
            77,
            589,
            468,
            596,
            217,
            218,
            355,
            100,
            364,
            113,
            248,
            380,
            382
        ],
        "reviewed": true,
        "user_excluded": [],
        "value": 10.832281543832554
    },
    "Ar41": {
        "error": 0.010793051731942447,
        "error_type": "SEM",
        "filter_outliers_dict": {
            "filter_outliers": true,
            "iterations": 1,
            "std_devs": 2,
            "use_standard_deviation_filtering": false
        },
        "fit": "linear",
        "value": 0.2164982651360583
    }
}