{
    "Ar36": {
        "error": 0.00019958690037049506,
        "error_type": "SEM",
        "filter_outliers_dict": {
            "filter_outliers": true,
            "iterations": 1,
            "std_devs": 2,
            "use_standard_deviation_filtering": false
        },
        "fit": "Parabolic",
        "fn": 573,
        "include_baseline_error": false,
        "n": 600,
        "outlier_excluded": [
            520,
            140,
            525,
            19,
            282,
            36,
            549,
            294,
            553,
            299,
            556,
            304,
            560,
            310,
            566,
            59,
            316,
            320,
            452,
            454,
            330,
            461,
            464,
            341,
            505,
            378,
            255
        ],
        "reviewed": true,
        "user_excluded": [],
        "value": 0.014397952309389615
    },
    "Ar37": {
        "error": 0.010096955511034929,
        "error_type": "SEM",
        "filter_outliers_dict": {
            "filter_outliers": true,
            "iterations": 1,
            "std_devs": 2,
            "use_standard_deviation_filtering": false
        },
        "fit": "Linear",
        "fn": 568,
        "include_baseline_error": false,
        "n": 600,
        "outlier_excluded": [
            384,
            2,
            258,
            392,
            533,
            22,
            27,
            31,
            291,
            423,
            427,
            176,
            305,
            564,
            311,
            568,
            61,
            323,
            204,
            84,
            599,
            95,
            96,
            226,
            231,
            104,
            106,
            362,
            371,
            500,
            121,
            507
        ],
        "reviewed": true,
        "user_excluded": [],
        "value": 0.036736645265246684
    },
    "Ar38": {
        "error": 0.012115312588674392,
        "error_type": "SEM",
        "filter_outliers_dict": {
            "filter_outliers": true,
            "iterations": 1,
            "std_devs": 2,
            "use_standard_deviation_filtering": false
        },
        "fit": "Linear",
        "fn": 553,
        "include_baseline_error": false,
        "n": 600,
        "outlier_excluded": [
            388,
            133,
            262,
            526,
            274,
            530,
            534,
            279,
            535,
            540,
            159,
            417,
            549,
            423,
            170,
            43,
            172,
            301,
            427,
            47,
            565,
            185,
            187,
            191,
            319,
            326,
            73,
            330,
            587,
            81,
            211,
            467,
            342,
            474,
            92,
            93,
            228,
            101,
            231,
            367,
            368,
            495,
            242,
            371,
            121,
            379,
            126
        ],
        "reviewed": true,
        "user_excluded": [],
        "value": 0.5691160068054648
    },
    "Ar39": {
        "error": 0.009515223495324738,
        "error_type": "SEM",
        "filter_outliers_dict": {
            "filter_outliers": true,
            "iterations": 1,
            "std_devs": 2,
            "use_standard_deviation_filtering": false
        },
        "fit": "Parabolic",
        "fn": 578,
        "include_baseline_error": false,
        "n": 600,
        "outlier_excluded": [
            1,
            6,
            271,
            17,
            280,
            34,
            548,
            170,
            300,
            556,
            60,
            316,
            191,
            331,
            592,
            360,
            491,
            112,
            369,
            117,
            378,
            255
        ],
        "reviewed": true,
        "user_excluded": [],
        "value": 49.332055146776334
    },
    "Ar40": {
        "error": 0.017149939872361505,
        "error_type": "SEM",
        "filter_outliers_dict": {
            "filter_outliers": true,
            "iterations": 1,
            "std_devs": 2,
            "use_standard_deviation_filtering": false
        },
        "fit": "Parabolic",
        "fn": 578,
        "include_baseline_error": false,
        "n": 600,
        "outlier_excluded": [
            398,
            410,
            159,
            31,
            36,
            295,
            46,
            182,
            566,
            63,
            329,
            211,
            218,
            477,
            350,
            226,
            228,
            232,
            236,
            493,
            247,
            503
        ],
        "reviewed": true,
        "user_excluded": [],
        "value": 12.307285468094395
    },
    "Ar41": {
        "error": 0.009815275777484716,
        "error_type": "SEM",
        "filter_outliers_dict": {
            "filter_outliers": true,
            "iterations": 1,
            "std_devs": 2,
            "use_standard_deviation_filtering": false
        },
        "fit": "linear",
        "value": -0.006344720975398234
    }
}