{
    "Ar36": {
        "error": 0.00019692312736409879,
        "error_type": "SEM",
        "filter_outliers_dict": {
            "filter_outliers": true,
            "iterations": 1,
            "std_devs": 2,
            "use_standard_deviation_filtering": false
        },
        "fit": "Parabolic",
        "fn": 575,
        "include_baseline_error": false,
        "n": 600,
        "outlier_excluded": [
            130,
            388,
            390,
            139,
            400,
            406,
            412,
            158,
            415,
            288,
            164,
            172,
            429,
            185,
            441,
            59,
            335,
            596,
            597,
            477,
            235,
            498,
            244,
            500,
            381
        ],
        "reviewed": true,
        "user_excluded": [],
        "value": 0.014095062559570017
    },
    "Ar37": {
        "error": 0.00954492680361413,
        "error_type": "SEM",
        "filter_outliers_dict": {
            "filter_outliers": true,
            "iterations": 1,
            "std_devs": 2,
            "use_standard_deviation_filtering": false
        },
        "fit": "Linear",
        "fn": 565,
        "include_baseline_error": false,
        "n": 600,
        "outlier_excluded": [
            1,
            130,
            261,
            262,
            18,
            402,
            277,
            23,
            408,
            537,
            538,
            288,
            290,
            295,
            553,
            426,
            427,
            302,
            559,
            436,
            566,
            316,
            66,
            451,
            208,
            83,
            213,
            345,
            94,
            352,
            229,
            491,
            114,
            372,
            246
        ],
        "reviewed": true,
        "user_excluded": [],
        "value": 0.021975720243529673
    },
    "Ar38": {
        "error": 0.014016304497742023,
        "error_type": "SEM",
        "filter_outliers_dict": {
            "filter_outliers": true,
            "iterations": 1,
            "std_devs": 2,
            "use_standard_deviation_filtering": false
        },
        "fit": "Linear",
        "fn": 577,
        "include_baseline_error": false,
        "n": 600,
        "outlier_excluded": [
            1,
            387,
            143,
            274,
            275,
            530,
            532,
            406,
            542,
            420,
            169,
            566,
            440,
            314,
            447,
            320,
            196,
            197,
            454,
            460,
            469,
            357,
            376
        ],
        "reviewed": true,
        "user_excluded": [],
        "value": 0.3802602834235612
    },
    "Ar39": {
        "error": 0.008647567157191604,
        "error_type": "SEM",
        "filter_outliers_dict": {
            "filter_outliers": true,
            "iterations": 1,
            "std_devs": 2,
            "use_standard_deviation_filtering": false
        },
        "fit": "Parabolic",
        "fn": 575,
        "include_baseline_error": false,
        "n": 600,
        "outlier_excluded": [
            513,
            131,
            260,
            263,
            136,
            278,
            30,
            31,
            298,
            49,
            572,
            194,
            582,
            332,
            460,
            589,
            87,
            345,
            91,
            226,
            227,
            228,
            358,
            505,
            126
        ],
        "reviewed": true,
        "user_excluded": [],
        "value": 34.831064321007204
    },
    "Ar40": {
        "error": 0.01707060737491427,
        "error_type": "SEM",
        "filter_outliers_dict": {
            "filter_outliers": true,
            "iterations": 1,
            "std_devs": 2,
            "use_standard_deviation_filtering": false
        },
        "fit": "Parabolic",
        "fn": 572,
        "include_baseline_error": false,
        "n": 600,
        "outlier_excluded": [
            0,
            2,
            6,
            390,
            8,
            265,
            392,
            518,
            270,
            143,
            151,
            536,
            553,
            554,
            47,
            567,
            186,
            61,
            65,
            198,
            72,
            200,
            331,
            208,
            339,
            85,
            364,
            507
        ],
        "reviewed": true,
        "user_excluded": [],
        "value": 9.701414529131739
    },
    "Ar41": {
        "error": 0.010138152444209222,
        "error_type": "SEM",
        "filter_outliers_dict": {
            "filter_outliers": true,
            "iterations": 1,
            "std_devs": 2,
            "use_standard_deviation_filtering": false
        },
        "fit": "linear",
        "value": -0.001039122288408787
    }
}