{
    "Ar36": {
        "error": 0.00028426328582977373,
        "error_type": "SEM",
        "filter_outliers_dict": {
            "filter_outliers": true,
            "iterations": 1,
            "std_devs": 2,
            "use_standard_deviation_filtering": false
        },
        "fit": "Parabolic",
        "fn": 570,
        "include_baseline_error": false,
        "n": 600,
        "outlier_excluded": [
            256,
            513,
            387,
            266,
            522,
            526,
            15,
            149,
            409,
            412,
            552,
            45,
            177,
            307,
            447,
            64,
            323,
            580,
            454,
            203,
            77,
            589,
            591,
            337,
            466,
            593,
            111,
            242,
            371,
            499
        ],
        "reviewed": true,
        "user_excluded": [],
        "value": 0.03432971744674404
    },
    "Ar37": {
        "error": 0.010415537938056796,
        "error_type": "SEM",
        "filter_outliers_dict": {
            "filter_outliers": true,
            "iterations": 1,
            "std_devs": 2,
            "use_standard_deviation_filtering": false
        },
        "fit": "Linear",
        "fn": 575,
        "include_baseline_error": false,
        "n": 600,
        "outlier_excluded": [
            257,
            130,
            392,
            279,
            281,
            285,
            38,
            294,
            295,
            425,
            178,
            181,
            568,
            449,
            195,
            198,
            333,
            334,
            209,
            357,
            365,
            238,
            112,
            121,
            378
        ],
        "reviewed": true,
        "user_excluded": [],
        "value": 0.0373156663722579
    },
    "Ar38": {
        "error": 0.014016566661552763,
        "error_type": "SEM",
        "filter_outliers_dict": {
            "filter_outliers": true,
            "iterations": 1,
            "std_devs": 2,
            "use_standard_deviation_filtering": false
        },
        "fit": "Linear",
        "fn": 588,
        "include_baseline_error": false,
        "n": 600,
        "outlier_excluded": [
            160,
            290,
            259,
            36,
            419,
            453,
            136,
            204,
            182,
            186,
            284,
            575
        ],
        "reviewed": true,
        "user_excluded": [],
        "value": 0.24446209599014912
    },
    "Ar39": {
        "error": 0.008461849861130646,
        "error_type": "SEM",
        "filter_outliers_dict": {
            "filter_outliers": true,
            "iterations": 1,
            "std_devs": 2,
            "use_standard_deviation_filtering": false
        },
        "fit": "Parabolic",
        "fn": 574,
        "include_baseline_error": false,
        "n": 600,
        "outlier_excluded": [
            1,
            524,
            525,
            17,
            411,
            287,
            420,
            44,
            303,
            443,
            60,
            193,
            450,
            67,
            201,
            74,
            203,
            593,
            86,
            218,
            219,
            222,
            354,
            228,
            485,
            505
        ],
        "reviewed": true,
        "user_excluded": [],
        "value": 26.499633677069248
    },
    "Ar40": {
        "error": 0.01599118274445453,
        "error_type": "SEM",
        "filter_outliers_dict": {
            "filter_outliers": true,
            "iterations": 1,
            "std_devs": 2,
            "use_standard_deviation_filtering": false
        },
        "fit": "Parabolic",
        "fn": 579,
        "include_baseline_error": false,
        "n": 600,
        "outlier_excluded": [
            350,
            542,
            259,
            453,
            134,
            231,
            168,
            297,
            393,
            518,
            365,
            494,
            240,
            497,
            179,
            566,
            216,
            123,
            540,
            94,
            222
        ],
        "reviewed": true,
        "user_excluded": [],
        "value": 14.571868303120361
    },
    "Ar41": {
        "error": 0.010343375993695014,
        "error_type": "SEM",
        "filter_outliers_dict": {
            "filter_outliers": true,
            "iterations": 1,
            "std_devs": 2,
            "use_standard_deviation_filtering": false
        },
        "fit": "linear",
        "value": -0.004634840925959597
    }
}