{
    "Ar36": {
        "error": 0.00015031780671355698,
        "error_type": "SEM",
        "filter_outliers_dict": {
            "filter_outliers": true,
            "iterations": 1,
            "std_devs": 2,
            "use_standard_deviation_filtering": false
        },
        "fit": "Parabolic",
        "fn": 578,
        "include_baseline_error": false,
        "n": 600,
        "outlier_excluded": [
            280,
            540,
            544,
            423,
            551,
            297,
            298,
            173,
            50,
            435,
            194,
            328,
            76,
            461,
            208,
            468,
            89,
            474,
            95,
            508,
            253,
            383
        ],
        "reviewed": true,
        "user_excluded": [],
        "value": 0.0064859752051681764
    },
    "Ar37": {
        "error": 0.009549553247393004,
        "error_type": "SEM",
        "filter_outliers_dict": {
            "filter_outliers": true,
            "iterations": 1,
            "std_devs": 2,
            "use_standard_deviation_filtering": false
        },
        "fit": "Linear",
        "fn": 568,
        "include_baseline_error": false,
        "n": 600,
        "outlier_excluded": [
            128,
            395,
            397,
            17,
            21,
            149,
            23,
            411,
            540,
            46,
            52,
            53,
            54,
            436,
            314,
            320,
            322,
            323,
            209,
            595,
            471,
            88,
            472,
            91,
            98,
            358,
            234,
            364,
            240,
            504,
            251,
            255
        ],
        "reviewed": true,
        "user_excluded": [],
        "value": 0.018129632465838645
    },
    "Ar38": {
        "error": 0.012512592550947235,
        "error_type": "SEM",
        "filter_outliers_dict": {
            "filter_outliers": true,
            "iterations": 1,
            "std_devs": 2,
            "use_standard_deviation_filtering": false
        },
        "fit": "Linear",
        "fn": 572,
        "include_baseline_error": false,
        "n": 600,
        "outlier_excluded": [
            384,
            268,
            402,
            404,
            26,
            154,
            284,
            161,
            545,
            546,
            420,
            42,
            431,
            52,
            440,
            313,
            442,
            315,
            571,
            194,
            207,
            464,
            465,
            475,
            222,
            109,
            369,
            499
        ],
        "reviewed": true,
        "user_excluded": [],
        "value": 0.4823406245120973
    },
    "Ar39": {
        "error": 0.020161465947487696,
        "error_type": "SEM",
        "filter_outliers_dict": {
            "filter_outliers": true,
            "iterations": 1,
            "std_devs": 2,
            "use_standard_deviation_filtering": false
        },
        "fit": "Parabolic",
        "fn": 571,
        "include_baseline_error": false,
        "n": 600,
        "outlier_excluded": [
            257,
            2,
            132,
            260,
            6,
            396,
            271,
            272,
            28,
            284,
            160,
            163,
            164,
            37,
            165,
            554,
            195,
            68,
            325,
            599,
            345,
            346,
            474,
            475,
            478,
            370,
            507,
            380,
            509
        ],
        "reviewed": true,
        "user_excluded": [],
        "value": 51.017196063223736
    },
    "Ar40": {
        "error": 0.016175218179334688,
        "error_type": "SEM",
        "filter_outliers_dict": {
            "filter_outliers": true,
            "iterations": 1,
            "std_devs": 2,
            "use_standard_deviation_filtering": false
        },
        "fit": "Parabolic",
        "fn": 570,
        "include_baseline_error": false,
        "n": 600,
        "outlier_excluded": [
            257,
            392,
            268,
            527,
            16,
            31,
            165,
            43,
            556,
            45,
            557,
            47,
            437,
            184,
            453,
            583,
            74,
            203,
            76,
            473,
            223,
            352,
            226,
            230,
            360,
            495,
            368,
            115,
            244,
            255
        ],
        "reviewed": true,
        "user_excluded": [],
        "value": 9.826787750290126
    },
    "Ar41": {
        "error": 0.004779080895439247,
        "error_type": "SEM",
        "filter_outliers_dict": {
            "filter_outliers": true,
            "iterations": 1,
            "std_devs": 2,
            "use_standard_deviation_filtering": false
        },
        "fit": "average",
        "value": 0.21816760790936443
    }
}