{
    "Ar36": {
        "error": 0.0002142581644214384,
        "error_type": "SEM",
        "filter_outliers_dict": {
            "filter_outliers": true,
            "iterations": 1,
            "std_devs": 2,
            "use_standard_deviation_filtering": false
        },
        "fit": "Parabolic",
        "fn": 580,
        "include_baseline_error": false,
        "n": 600,
        "outlier_excluded": [
            416,
            482,
            547,
            100,
            485,
            166,
            578,
            170,
            529,
            114,
            243,
            274,
            338,
            499,
            530,
            312,
            345,
            186,
            155,
            573
        ],
        "reviewed": true,
        "user_excluded": [],
        "value": 0.01798586516925017
    },
    "Ar37": {
        "error": 0.009941883580457856,
        "error_type": "SEM",
        "filter_outliers_dict": {
            "filter_outliers": true,
            "iterations": 1,
            "std_devs": 2,
            "use_standard_deviation_filtering": false
        },
        "fit": "Linear",
        "fn": 576,
        "include_baseline_error": false,
        "n": 600,
        "outlier_excluded": [
            393,
            139,
            14,
            277,
            280,
            25,
            413,
            31,
            552,
            41,
            303,
            183,
            56,
            321,
            195,
            454,
            594,
            344,
            486,
            359,
            490,
            242,
            250,
            251
        ],
        "reviewed": true,
        "user_excluded": [],
        "value": 0.021431337030024464
    },
    "Ar38": {
        "error": 0.01378691777942355,
        "error_type": "SEM",
        "filter_outliers_dict": {
            "filter_outliers": true,
            "iterations": 1,
            "std_devs": 2,
            "use_standard_deviation_filtering": false
        },
        "fit": "Linear",
        "fn": 581,
        "include_baseline_error": false,
        "n": 600,
        "outlier_excluded": [
            580,
            357,
            230,
            167,
            294,
            453,
            552,
            588,
            45,
            77,
            367,
            210,
            467,
            22,
            215,
            408,
            315,
            508,
            415
        ],
        "reviewed": true,
        "user_excluded": [],
        "value": 0.2177748873872593
    },
    "Ar39": {
        "error": 0.008069322344760236,
        "error_type": "SEM",
        "filter_outliers_dict": {
            "filter_outliers": true,
            "iterations": 1,
            "std_devs": 2,
            "use_standard_deviation_filtering": false
        },
        "fit": "Parabolic",
        "fn": 573,
        "include_baseline_error": false,
        "n": 600,
        "outlier_excluded": [
            386,
            137,
            399,
            529,
            402,
            156,
            158,
            292,
            170,
            427,
            47,
            562,
            565,
            182,
            188,
            189,
            576,
            77,
            80,
            81,
            92,
            221,
            93,
            488,
            365,
            374,
            249
        ],
        "reviewed": true,
        "user_excluded": [],
        "value": 23.74875469785914
    },
    "Ar40": {
        "error": 0.015957345408870505,
        "error_type": "SEM",
        "filter_outliers_dict": {
            "filter_outliers": true,
            "iterations": 1,
            "std_devs": 2,
            "use_standard_deviation_filtering": false
        },
        "fit": "Parabolic",
        "fn": 581,
        "include_baseline_error": false,
        "n": 600,
        "outlier_excluded": [
            352,
            259,
            132,
            261,
            586,
            524,
            271,
            176,
            241,
            242,
            336,
            339,
            495,
            24,
            409,
            59,
            60,
            413,
            511
        ],
        "reviewed": true,
        "user_excluded": [],
        "value": 8.954955887326161
    },
    "Ar41": {
        "error": 0.010060512307389675,
        "error_type": "SEM",
        "filter_outliers_dict": {
            "filter_outliers": true,
            "iterations": 1,
            "std_devs": 2,
            "use_standard_deviation_filtering": false
        },
        "fit": "linear",
        "value": 0.005060650311916737
    }
}