{
    "Ar36": {
        "error": 0.00021693658079680058,
        "error_type": "SEM",
        "filter_outliers_dict": {
            "filter_outliers": true,
            "iterations": 1,
            "std_devs": 2,
            "use_standard_deviation_filtering": false
        },
        "fit": "Parabolic",
        "fn": 570,
        "include_baseline_error": false,
        "n": 600,
        "outlier_excluded": [
            518,
            263,
            394,
            144,
            400,
            404,
            37,
            553,
            45,
            47,
            562,
            563,
            52,
            53,
            314,
            190,
            193,
            321,
            198,
            200,
            335,
            347,
            348,
            224,
            353,
            227,
            491,
            238,
            499,
            375
        ],
        "reviewed": true,
        "user_excluded": [],
        "value": 0.017673125496607996
    },
    "Ar37": {
        "error": 0.010520390303885746,
        "error_type": "SEM",
        "filter_outliers_dict": {
            "filter_outliers": true,
            "iterations": 1,
            "std_devs": 2,
            "use_standard_deviation_filtering": false
        },
        "fit": "Linear",
        "fn": 577,
        "include_baseline_error": false,
        "n": 600,
        "outlier_excluded": [
            266,
            527,
            531,
            152,
            30,
            49,
            563,
            54,
            185,
            202,
            207,
            339,
            599,
            472,
            220,
            484,
            485,
            359,
            362,
            235,
            498,
            376,
            122
        ],
        "reviewed": true,
        "user_excluded": [],
        "value": 0.03278633985950096
    },
    "Ar38": {
        "error": 0.013425980223072448,
        "error_type": "SEM",
        "filter_outliers_dict": {
            "filter_outliers": true,
            "iterations": 1,
            "std_devs": 2,
            "use_standard_deviation_filtering": false
        },
        "fit": "Linear",
        "fn": 571,
        "include_baseline_error": false,
        "n": 600,
        "outlier_excluded": [
            129,
            4,
            389,
            523,
            141,
            527,
            146,
            278,
            416,
            289,
            34,
            549,
            427,
            437,
            188,
            189,
            67,
            456,
            584,
            75,
            590,
            467,
            213,
            233,
            496,
            241,
            498,
            117,
            124
        ],
        "reviewed": true,
        "user_excluded": [],
        "value": 0.13336908650769658
    },
    "Ar39": {
        "error": 0.007861419546942583,
        "error_type": "SEM",
        "filter_outliers_dict": {
            "filter_outliers": true,
            "iterations": 1,
            "std_devs": 2,
            "use_standard_deviation_filtering": false
        },
        "fit": "Parabolic",
        "fn": 574,
        "include_baseline_error": false,
        "n": 600,
        "outlier_excluded": [
            515,
            390,
            263,
            140,
            405,
            151,
            156,
            541,
            166,
            168,
            41,
            300,
            433,
            62,
            322,
            453,
            72,
            586,
            588,
            597,
            344,
            225,
            227,
            245,
            119,
            377
        ],
        "reviewed": true,
        "user_excluded": [],
        "value": 18.371869030629785
    },
    "Ar40": {
        "error": 0.016015919285157984,
        "error_type": "SEM",
        "filter_outliers_dict": {
            "filter_outliers": true,
            "iterations": 1,
            "std_devs": 2,
            "use_standard_deviation_filtering": false
        },
        "fit": "Parabolic",
        "fn": 580,
        "include_baseline_error": false,
        "n": 600,
        "outlier_excluded": [
            0,
            353,
            385,
            414,
            479,
            550,
            9,
            586,
            49,
            497,
            372,
            437,
            22,
            596,
            57,
            346,
            187,
            541,
            158,
            287
        ],
        "reviewed": true,
        "user_excluded": [],
        "value": 8.551630542559735
    },
    "Ar41": {
        "error": 0.010336590095091745,
        "error_type": "SEM",
        "filter_outliers_dict": {
            "filter_outliers": true,
            "iterations": 1,
            "std_devs": 2,
            "use_standard_deviation_filtering": false
        },
        "fit": "linear",
        "value": -0.006932960397679705
    }
}