{
    "Ar36": {
        "error": 0.00017834668875171095,
        "error_type": "SEM",
        "filter_outliers_dict": {
            "filter_outliers": true,
            "iterations": 1,
            "std_devs": 2,
            "use_standard_deviation_filtering": false
        },
        "fit": "Parabolic",
        "fn": 572,
        "include_baseline_error": false,
        "n": 600,
        "outlier_excluded": [
            388,
            135,
            286,
            549,
            294,
            551,
            427,
            300,
            430,
            303,
            432,
            434,
            308,
            564,
            439,
            57,
            188,
            316,
            65,
            456,
            587,
            596,
            347,
            479,
            352,
            487,
            489,
            252
        ],
        "reviewed": true,
        "user_excluded": [],
        "value": 0.011685616265997208
    },
    "Ar37": {
        "error": 0.010383896101675756,
        "error_type": "SEM",
        "filter_outliers_dict": {
            "filter_outliers": true,
            "iterations": 1,
            "std_devs": 2,
            "use_standard_deviation_filtering": false
        },
        "fit": "Linear",
        "fn": 574,
        "include_baseline_error": false,
        "n": 600,
        "outlier_excluded": [
            4,
            388,
            137,
            522,
            396,
            16,
            144,
            533,
            537,
            285,
            158,
            546,
            572,
            450,
            195,
            69,
            198,
            80,
            84,
            85,
            597,
            219,
            101,
            112,
            377,
            125
        ],
        "reviewed": true,
        "user_excluded": [],
        "value": 0.02973306863146885
    },
    "Ar38": {
        "error": 0.014297512543356473,
        "error_type": "SEM",
        "filter_outliers_dict": {
            "filter_outliers": true,
            "iterations": 1,
            "std_devs": 2,
            "use_standard_deviation_filtering": false
        },
        "fit": "Linear",
        "fn": 580,
        "include_baseline_error": false,
        "n": 600,
        "outlier_excluded": [
            96,
            256,
            292,
            549,
            70,
            72,
            266,
            139,
            12,
            267,
            298,
            334,
            397,
            400,
            18,
            522,
            116,
            22,
            56,
            157
        ],
        "reviewed": true,
        "user_excluded": [],
        "value": 1.145863581460881
    },
    "Ar39": {
        "error": 0.011542655369425954,
        "error_type": "SEM",
        "filter_outliers_dict": {
            "filter_outliers": true,
            "iterations": 1,
            "std_devs": 2,
            "use_standard_deviation_filtering": false
        },
        "fit": "Parabolic",
        "fn": 577,
        "include_baseline_error": false,
        "n": 600,
        "outlier_excluded": [
            1,
            394,
            411,
            163,
            164,
            560,
            307,
            186,
            571,
            189,
            322,
            68,
            327,
            328,
            458,
            586,
            594,
            211,
            346,
            480,
            100,
            105,
            374
        ],
        "reviewed": true,
        "user_excluded": [],
        "value": 93.81517268290911
    },
    "Ar40": {
        "error": 0.017011943799443836,
        "error_type": "SEM",
        "filter_outliers_dict": {
            "filter_outliers": true,
            "iterations": 1,
            "std_devs": 2,
            "use_standard_deviation_filtering": false
        },
        "fit": "Parabolic",
        "fn": 578,
        "include_baseline_error": false,
        "n": 600,
        "outlier_excluded": [
            0,
            265,
            273,
            22,
            410,
            554,
            432,
            441,
            69,
            331,
            593,
            84,
            597,
            598,
            90,
            223,
            359,
            113,
            114,
            498,
            505,
            510
        ],
        "reviewed": true,
        "user_excluded": [],
        "value": 20.88140024260897
    },
    "Ar41": {
        "error": 0.009925179115443288,
        "error_type": "SEM",
        "filter_outliers_dict": {
            "filter_outliers": true,
            "iterations": 1,
            "std_devs": 2,
            "use_standard_deviation_filtering": false
        },
        "fit": "linear",
        "value": 0.011469885330547474
    }
}