{
    "Ar36": {
        "error": 0.0001714633200907429,
        "error_type": "SEM",
        "filter_outliers_dict": {
            "filter_outliers": true,
            "iterations": 1,
            "std_devs": 2,
            "use_standard_deviation_filtering": false
        },
        "fit": "Parabolic",
        "fn": 574,
        "include_baseline_error": false,
        "n": 600,
        "outlier_excluded": [
            265,
            23,
            153,
            540,
            34,
            292,
            296,
            297,
            438,
            189,
            578,
            323,
            580,
            328,
            205,
            463,
            84,
            86,
            343,
            217,
            479,
            231,
            497,
            502,
            505,
            254
        ],
        "reviewed": true,
        "user_excluded": [],
        "value": 0.011660507118917932
    },
    "Ar37": {
        "error": 0.010374654505327046,
        "error_type": "SEM",
        "filter_outliers_dict": {
            "filter_outliers": true,
            "iterations": 1,
            "std_devs": 2,
            "use_standard_deviation_filtering": false
        },
        "fit": "Linear",
        "fn": 567,
        "include_baseline_error": false,
        "n": 600,
        "outlier_excluded": [
            256,
            385,
            387,
            396,
            13,
            144,
            402,
            151,
            25,
            161,
            422,
            41,
            427,
            179,
            58,
            574,
            66,
            584,
            77,
            341,
            94,
            350,
            479,
            483,
            100,
            359,
            492,
            494,
            367,
            240,
            501,
            503,
            504
        ],
        "reviewed": true,
        "user_excluded": [],
        "value": 0.02863079946374148
    },
    "Ar38": {
        "error": 0.013533211333894726,
        "error_type": "SEM",
        "filter_outliers_dict": {
            "filter_outliers": true,
            "iterations": 1,
            "std_devs": 2,
            "use_standard_deviation_filtering": false
        },
        "fit": "Linear",
        "fn": 579,
        "include_baseline_error": false,
        "n": 600,
        "outlier_excluded": [
            320,
            290,
            67,
            260,
            485,
            70,
            11,
            76,
            492,
            398,
            494,
            525,
            588,
            498,
            147,
            52,
            501,
            595,
            25,
            570,
            284
        ],
        "reviewed": true,
        "user_excluded": [],
        "value": 0.1204396280899735
    },
    "Ar39": {
        "error": 0.007507697402327588,
        "error_type": "SEM",
        "filter_outliers_dict": {
            "filter_outliers": true,
            "iterations": 1,
            "std_devs": 2,
            "use_standard_deviation_filtering": false
        },
        "fit": "Parabolic",
        "fn": 574,
        "include_baseline_error": false,
        "n": 600,
        "outlier_excluded": [
            0,
            131,
            270,
            23,
            536,
            538,
            294,
            299,
            564,
            58,
            451,
            196,
            455,
            201,
            202,
            81,
            337,
            348,
            222,
            361,
            237,
            493,
            239,
            242,
            499,
            506
        ],
        "reviewed": true,
        "user_excluded": [],
        "value": 16.502019480726737
    },
    "Ar40": {
        "error": 0.01493095608799879,
        "error_type": "SEM",
        "filter_outliers_dict": {
            "filter_outliers": true,
            "iterations": 1,
            "std_devs": 2,
            "use_standard_deviation_filtering": false
        },
        "fit": "Parabolic",
        "fn": 572,
        "include_baseline_error": false,
        "n": 600,
        "outlier_excluded": [
            257,
            133,
            517,
            527,
            149,
            152,
            282,
            34,
            164,
            40,
            296,
            46,
            54,
            315,
            64,
            193,
            202,
            76,
            461,
            338,
            594,
            85,
            470,
            225,
            361,
            377,
            250,
            126
        ],
        "reviewed": true,
        "user_excluded": [],
        "value": 6.247150057896428
    },
    "Ar41": {
        "error": 0.009931555309373076,
        "error_type": "SEM",
        "filter_outliers_dict": {
            "filter_outliers": true,
            "iterations": 1,
            "std_devs": 2,
            "use_standard_deviation_filtering": false
        },
        "fit": "linear",
        "value": 0.260500235491941
    }
}