{
    "Ar36": {
        "error": 0.00017878008486621707,
        "error_type": "SEM",
        "filter_outliers_dict": {
            "filter_outliers": true,
            "iterations": 1,
            "std_devs": 2,
            "use_standard_deviation_filtering": false
        },
        "fit": "Parabolic",
        "fn": 573,
        "include_baseline_error": false,
        "n": 600,
        "outlier_excluded": [
            1,
            386,
            515,
            392,
            395,
            523,
            524,
            525,
            280,
            281,
            430,
            179,
            564,
            438,
            439,
            313,
            201,
            214,
            473,
            220,
            95,
            490,
            108,
            367,
            500,
            501,
            248
        ],
        "reviewed": true,
        "user_excluded": [],
        "value": 0.010743409561856217
    },
    "Ar37": {
        "error": 0.010217927694398705,
        "error_type": "SEM",
        "filter_outliers_dict": {
            "filter_outliers": true,
            "iterations": 1,
            "std_devs": 2,
            "use_standard_deviation_filtering": false
        },
        "fit": "Linear",
        "fn": 578,
        "include_baseline_error": false,
        "n": 600,
        "outlier_excluded": [
            519,
            273,
            410,
            285,
            419,
            301,
            49,
            182,
            569,
            447,
            319,
            450,
            71,
            333,
            461,
            209,
            337,
            222,
            479,
            354,
            235,
            251
        ],
        "reviewed": true,
        "user_excluded": [],
        "value": 0.04110795753716848
    },
    "Ar38": {
        "error": 0.014572385515846721,
        "error_type": "SEM",
        "filter_outliers_dict": {
            "filter_outliers": true,
            "iterations": 1,
            "std_devs": 2,
            "use_standard_deviation_filtering": false
        },
        "fit": "Linear",
        "fn": 583,
        "include_baseline_error": false,
        "n": 600,
        "outlier_excluded": [
            320,
            40,
            457,
            45,
            302,
            558,
            432,
            81,
            116,
            375,
            184,
            344,
            376,
            537,
            189,
            286,
            223
        ],
        "reviewed": true,
        "user_excluded": [],
        "value": 0.25625830266388205
    },
    "Ar39": {
        "error": 0.008660362073783536,
        "error_type": "SEM",
        "filter_outliers_dict": {
            "filter_outliers": true,
            "iterations": 1,
            "std_devs": 2,
            "use_standard_deviation_filtering": false
        },
        "fit": "Parabolic",
        "fn": 577,
        "include_baseline_error": false,
        "n": 600,
        "outlier_excluded": [
            277,
            545,
            35,
            422,
            551,
            297,
            554,
            46,
            180,
            195,
            68,
            452,
            330,
            461,
            78,
            466,
            597,
            343,
            112,
            113,
            245,
            124,
            255
        ],
        "reviewed": true,
        "user_excluded": [],
        "value": 25.4684424915529
    },
    "Ar40": {
        "error": 0.016547319223514937,
        "error_type": "SEM",
        "filter_outliers_dict": {
            "filter_outliers": true,
            "iterations": 1,
            "std_devs": 2,
            "use_standard_deviation_filtering": false
        },
        "fit": "Parabolic",
        "fn": 580,
        "include_baseline_error": false,
        "n": 600,
        "outlier_excluded": [
            192,
            33,
            65,
            131,
            579,
            325,
            581,
            168,
            105,
            138,
            395,
            12,
            172,
            369,
            338,
            243,
            465,
            437,
            574,
            95
        ],
        "reviewed": true,
        "user_excluded": [],
        "value": 7.606413936585643
    },
    "Ar41": {
        "error": 0.009815599448813507,
        "error_type": "SEM",
        "filter_outliers_dict": {
            "filter_outliers": true,
            "iterations": 1,
            "std_devs": 2,
            "use_standard_deviation_filtering": false
        },
        "fit": "linear",
        "value": 0.2607305935704726
    }
}