{
    "Ar36": {
        "error": 0.0001821383236968022,
        "error_type": "SEM",
        "filter_outliers_dict": {
            "filter_outliers": true,
            "iterations": 1,
            "std_devs": 2,
            "use_standard_deviation_filtering": false
        },
        "fit": "Parabolic",
        "fn": 567,
        "include_baseline_error": false,
        "n": 600,
        "outlier_excluded": [
            391,
            12,
            147,
            408,
            537,
            29,
            541,
            287,
            291,
            549,
            422,
            41,
            297,
            171,
            560,
            565,
            183,
            444,
            190,
            323,
            582,
            457,
            330,
            460,
            590,
            592,
            215,
            102,
            489,
            363,
            498,
            244,
            123
        ],
        "reviewed": true,
        "user_excluded": [],
        "value": 0.011666236109894043
    },
    "Ar37": {
        "error": 0.01064413600415718,
        "error_type": "SEM",
        "filter_outliers_dict": {
            "filter_outliers": true,
            "iterations": 1,
            "std_devs": 2,
            "use_standard_deviation_filtering": false
        },
        "fit": "Linear",
        "fn": 576,
        "include_baseline_error": false,
        "n": 600,
        "outlier_excluded": [
            261,
            7,
            394,
            139,
            147,
            404,
            36,
            37,
            164,
            293,
            433,
            57,
            575,
            576,
            72,
            74,
            460,
            338,
            480,
            227,
            360,
            106,
            112,
            376
        ],
        "reviewed": true,
        "user_excluded": [],
        "value": 0.006779555695635727
    },
    "Ar38": {
        "error": 0.014007378087300775,
        "error_type": "SEM",
        "filter_outliers_dict": {
            "filter_outliers": true,
            "iterations": 1,
            "std_devs": 2,
            "use_standard_deviation_filtering": false
        },
        "fit": "Linear",
        "fn": 572,
        "include_baseline_error": false,
        "n": 600,
        "outlier_excluded": [
            3,
            516,
            261,
            10,
            272,
            274,
            556,
            436,
            183,
            568,
            187,
            316,
            443,
            449,
            583,
            588,
            336,
            465,
            593,
            88,
            219,
            221,
            355,
            112,
            498,
            116,
            249,
            510
        ],
        "reviewed": true,
        "user_excluded": [],
        "value": 0.23152275029781233
    },
    "Ar39": {
        "error": 0.00791906873273447,
        "error_type": "SEM",
        "filter_outliers_dict": {
            "filter_outliers": true,
            "iterations": 1,
            "std_devs": 2,
            "use_standard_deviation_filtering": false
        },
        "fit": "Parabolic",
        "fn": 570,
        "include_baseline_error": false,
        "n": 600,
        "outlier_excluded": [
            516,
            6,
            522,
            278,
            544,
            35,
            419,
            552,
            426,
            298,
            44,
            299,
            46,
            301,
            304,
            51,
            318,
            450,
            70,
            81,
            346,
            476,
            351,
            482,
            484,
            102,
            231,
            104,
            365,
            505
        ],
        "reviewed": true,
        "user_excluded": [],
        "value": 26.000840047493025
    },
    "Ar40": {
        "error": 0.015776034564332676,
        "error_type": "SEM",
        "filter_outliers_dict": {
            "filter_outliers": true,
            "iterations": 1,
            "std_devs": 2,
            "use_standard_deviation_filtering": false
        },
        "fit": "Parabolic",
        "fn": 572,
        "include_baseline_error": false,
        "n": 600,
        "outlier_excluded": [
            518,
            12,
            272,
            145,
            528,
            531,
            288,
            165,
            553,
            184,
            323,
            325,
            75,
            459,
            460,
            463,
            593,
            82,
            338,
            596,
            469,
            342,
            471,
            475,
            364,
            242,
            374,
            376
        ],
        "reviewed": true,
        "user_excluded": [],
        "value": 7.698265284314047
    },
    "Ar41": {
        "error": 0.012302599866049617,
        "error_type": "SEM",
        "filter_outliers_dict": {
            "filter_outliers": true,
            "iterations": 1,
            "std_devs": 2,
            "use_standard_deviation_filtering": false
        },
        "fit": "linear",
        "value": 0.17237888712381433
    }
}