{
    "Ar36": {
        "error": 0.00019871066909943482,
        "error_type": "SEM",
        "filter_outliers_dict": {
            "filter_outliers": true,
            "iterations": 1,
            "std_devs": 2,
            "use_standard_deviation_filtering": false
        },
        "fit": "Parabolic",
        "fn": 576,
        "include_baseline_error": false,
        "n": 600,
        "outlier_excluded": [
            390,
            396,
            22,
            151,
            411,
            540,
            286,
            546,
            550,
            42,
            173,
            439,
            59,
            575,
            581,
            203,
            593,
            595,
            85,
            598,
            225,
            499,
            116,
            511
        ],
        "reviewed": true,
        "user_excluded": [],
        "value": 0.014285160779616484
    },
    "Ar37": {
        "error": 0.010336600970364115,
        "error_type": "SEM",
        "filter_outliers_dict": {
            "filter_outliers": true,
            "iterations": 1,
            "std_devs": 2,
            "use_standard_deviation_filtering": false
        },
        "fit": "Linear",
        "fn": 579,
        "include_baseline_error": false,
        "n": 600,
        "outlier_excluded": [
            353,
            34,
            260,
            457,
            74,
            11,
            587,
            526,
            143,
            175,
            305,
            590,
            83,
            437,
            55,
            375,
            537,
            122,
            380,
            412,
            319
        ],
        "reviewed": true,
        "user_excluded": [],
        "value": 0.025924205869481128
    },
    "Ar38": {
        "error": 0.014912312685176872,
        "error_type": "SEM",
        "filter_outliers_dict": {
            "filter_outliers": true,
            "iterations": 1,
            "std_devs": 2,
            "use_standard_deviation_filtering": false
        },
        "fit": "Linear",
        "fn": 581,
        "include_baseline_error": false,
        "n": 600,
        "outlier_excluded": [
            289,
            98,
            194,
            577,
            101,
            39,
            231,
            205,
            237,
            207,
            239,
            560,
            589,
            467,
            341,
            470,
            537,
            90,
            188
        ],
        "reviewed": true,
        "user_excluded": [],
        "value": 0.3197537036007526
    },
    "Ar39": {
        "error": 0.008805440679652375,
        "error_type": "SEM",
        "filter_outliers_dict": {
            "filter_outliers": true,
            "iterations": 1,
            "std_devs": 2,
            "use_standard_deviation_filtering": false
        },
        "fit": "Parabolic",
        "fn": 574,
        "include_baseline_error": false,
        "n": 600,
        "outlier_excluded": [
            0,
            1,
            132,
            401,
            149,
            545,
            547,
            166,
            39,
            553,
            181,
            568,
            317,
            318,
            62,
            321,
            68,
            583,
            77,
            464,
            82,
            597,
            343,
            344,
            218,
            221
        ],
        "reviewed": true,
        "user_excluded": [],
        "value": 32.67992221650384
    },
    "Ar40": {
        "error": 0.01638811557901141,
        "error_type": "SEM",
        "filter_outliers_dict": {
            "filter_outliers": true,
            "iterations": 1,
            "std_devs": 2,
            "use_standard_deviation_filtering": false
        },
        "fit": "Parabolic",
        "fn": 573,
        "include_baseline_error": false,
        "n": 600,
        "outlier_excluded": [
            130,
            10,
            530,
            408,
            286,
            159,
            415,
            289,
            30,
            171,
            557,
            313,
            569,
            59,
            60,
            316,
            62,
            64,
            448,
            453,
            70,
            200,
            338,
            217,
            357,
            370,
            372
        ],
        "reviewed": true,
        "user_excluded": [],
        "value": 9.419324319785083
    },
    "Ar41": {
        "error": 0.010060175221649908,
        "error_type": "SEM",
        "filter_outliers_dict": {
            "filter_outliers": true,
            "iterations": 1,
            "std_devs": 2,
            "use_standard_deviation_filtering": false
        },
        "fit": "linear",
        "value": 0.24752604020692237
    }
}