{
    "Ar36": {
        "error": 0.00016384921441255356,
        "error_type": "SEM",
        "filter_outliers_dict": {
            "filter_outliers": true,
            "iterations": 1,
            "std_devs": 2,
            "use_standard_deviation_filtering": false
        },
        "fit": "Parabolic",
        "fn": 571,
        "include_baseline_error": false,
        "n": 600,
        "outlier_excluded": [
            0,
            260,
            517,
            141,
            145,
            274,
            275,
            151,
            538,
            158,
            548,
            165,
            564,
            181,
            319,
            328,
            201,
            458,
            204,
            208,
            339,
            91,
            350,
            231,
            488,
            489,
            366,
            495,
            373
        ],
        "reviewed": true,
        "user_excluded": [],
        "value": 0.009992029574084325
    },
    "Ar37": {
        "error": 0.010454427625190832,
        "error_type": "SEM",
        "filter_outliers_dict": {
            "filter_outliers": true,
            "iterations": 1,
            "std_devs": 2,
            "use_standard_deviation_filtering": false
        },
        "fit": "Linear",
        "fn": 576,
        "include_baseline_error": false,
        "n": 600,
        "outlier_excluded": [
            515,
            133,
            9,
            523,
            295,
            296,
            172,
            300,
            176,
            52,
            319,
            320,
            579,
            454,
            75,
            333,
            462,
            593,
            597,
            95,
            483,
            359,
            365,
            506
        ],
        "reviewed": true,
        "user_excluded": [],
        "value": 0.027302358320908986
    },
    "Ar38": {
        "error": 0.014641443671794239,
        "error_type": "SEM",
        "filter_outliers_dict": {
            "filter_outliers": true,
            "iterations": 1,
            "std_devs": 2,
            "use_standard_deviation_filtering": false
        },
        "fit": "Linear",
        "fn": 582,
        "include_baseline_error": false,
        "n": 600,
        "outlier_excluded": [
            98,
            453,
            583,
            172,
            268,
            270,
            561,
            50,
            83,
            86,
            119,
            24,
            438,
            282,
            410,
            539,
            568,
            570
        ],
        "reviewed": true,
        "user_excluded": [],
        "value": 0.22525657718988218
    },
    "Ar39": {
        "error": 0.0074216450866934425,
        "error_type": "SEM",
        "filter_outliers_dict": {
            "filter_outliers": true,
            "iterations": 1,
            "std_devs": 2,
            "use_standard_deviation_filtering": false
        },
        "fit": "Parabolic",
        "fn": 564,
        "include_baseline_error": false,
        "n": 600,
        "outlier_excluded": [
            0,
            257,
            384,
            387,
            135,
            14,
            271,
            18,
            275,
            402,
            277,
            403,
            151,
            24,
            532,
            167,
            40,
            170,
            557,
            179,
            311,
            440,
            67,
            68,
            586,
            333,
            208,
            211,
            470,
            217,
            478,
            351,
            354,
            502,
            503,
            507
        ],
        "reviewed": true,
        "user_excluded": [],
        "value": 25.10984870989204
    },
    "Ar40": {
        "error": 0.015529628797150651,
        "error_type": "SEM",
        "filter_outliers_dict": {
            "filter_outliers": true,
            "iterations": 1,
            "std_devs": 2,
            "use_standard_deviation_filtering": false
        },
        "fit": "Parabolic",
        "fn": 573,
        "include_baseline_error": false,
        "n": 600,
        "outlier_excluded": [
            7,
            13,
            526,
            276,
            154,
            412,
            28,
            284,
            34,
            419,
            37,
            166,
            553,
            170,
            43,
            559,
            434,
            57,
            318,
            575,
            192,
            77,
            468,
            225,
            484,
            487,
            255
        ],
        "reviewed": true,
        "user_excluded": [],
        "value": 6.879994043332255
    },
    "Ar41": {
        "error": 0.011304267602930363,
        "error_type": "SEM",
        "filter_outliers_dict": {
            "filter_outliers": true,
            "iterations": 1,
            "std_devs": 2,
            "use_standard_deviation_filtering": false
        },
        "fit": "linear",
        "value": -0.0398025636811514
    }
}