{
    "Ar36": {
        "error": 0.00015996894455965204,
        "error_type": "SEM",
        "filter_outliers_dict": {
            "filter_outliers": true,
            "iterations": 1,
            "std_devs": 2,
            "use_standard_deviation_filtering": false
        },
        "fit": "Parabolic",
        "fn": 570,
        "include_baseline_error": false,
        "n": 600,
        "outlier_excluded": [
            133,
            520,
            139,
            145,
            415,
            552,
            297,
            556,
            45,
            175,
            431,
            433,
            434,
            439,
            312,
            574,
            451,
            327,
            455,
            461,
            463,
            591,
            87,
            217,
            91,
            356,
            242,
            504,
            505,
            255
        ],
        "reviewed": true,
        "user_excluded": [],
        "value": 0.009379175250382621
    },
    "Ar37": {
        "error": 0.010147414033873708,
        "error_type": "SEM",
        "filter_outliers_dict": {
            "filter_outliers": true,
            "iterations": 1,
            "std_devs": 2,
            "use_standard_deviation_filtering": false
        },
        "fit": "Linear",
        "fn": 577,
        "include_baseline_error": false,
        "n": 600,
        "outlier_excluded": [
            8,
            394,
            268,
            270,
            271,
            400,
            35,
            164,
            41,
            439,
            319,
            452,
            587,
            77,
            336,
            340,
            596,
            89,
            218,
            225,
            365,
            113,
            497
        ],
        "reviewed": true,
        "user_excluded": [],
        "value": 0.04904071764980024
    },
    "Ar38": {
        "error": 0.012575976021233743,
        "error_type": "SEM",
        "filter_outliers_dict": {
            "filter_outliers": true,
            "iterations": 1,
            "std_devs": 2,
            "use_standard_deviation_filtering": false
        },
        "fit": "Linear",
        "fn": 574,
        "include_baseline_error": false,
        "n": 600,
        "outlier_excluded": [
            386,
            269,
            399,
            273,
            277,
            536,
            409,
            28,
            546,
            420,
            550,
            39,
            40,
            553,
            565,
            323,
            68,
            197,
            459,
            354,
            102,
            108,
            239,
            495,
            497,
            248
        ],
        "reviewed": true,
        "user_excluded": [],
        "value": 0.03621695175677333
    },
    "Ar39": {
        "error": 0.007295609110263298,
        "error_type": "SEM",
        "filter_outliers_dict": {
            "filter_outliers": true,
            "iterations": 1,
            "std_devs": 2,
            "use_standard_deviation_filtering": false
        },
        "fit": "Parabolic",
        "fn": 573,
        "include_baseline_error": false,
        "n": 600,
        "outlier_excluded": [
            258,
            132,
            138,
            270,
            277,
            22,
            23,
            154,
            283,
            28,
            30,
            420,
            304,
            311,
            59,
            188,
            192,
            586,
            204,
            339,
            91,
            351,
            491,
            113,
            114,
            241,
            119
        ],
        "reviewed": true,
        "user_excluded": [],
        "value": 8.715137484935632
    },
    "Ar40": {
        "error": 0.014860028654487148,
        "error_type": "SEM",
        "filter_outliers_dict": {
            "filter_outliers": true,
            "iterations": 1,
            "std_devs": 2,
            "use_standard_deviation_filtering": false
        },
        "fit": "Parabolic",
        "fn": 573,
        "include_baseline_error": false,
        "n": 600,
        "outlier_excluded": [
            258,
            516,
            138,
            270,
            143,
            145,
            405,
            280,
            541,
            420,
            549,
            554,
            556,
            176,
            308,
            329,
            586,
            588,
            333,
            342,
            233,
            489,
            492,
            243,
            372,
            504,
            127
        ],
        "reviewed": true,
        "user_excluded": [],
        "value": 4.157997956770192
    },
    "Ar41": {
        "error": 0.010428453527694226,
        "error_type": "SEM",
        "filter_outliers_dict": {
            "filter_outliers": true,
            "iterations": 1,
            "std_devs": 2,
            "use_standard_deviation_filtering": false
        },
        "fit": "linear",
        "value": 0.27940001897612077
    }
}