{
    "Ar36": {
        "error": 0.00017329345214390186,
        "error_type": "SEM",
        "filter_outliers_dict": {
            "filter_outliers": true,
            "iterations": 1,
            "std_devs": 2,
            "use_standard_deviation_filtering": false
        },
        "fit": "Parabolic",
        "fn": 578,
        "include_baseline_error": false,
        "n": 600,
        "outlier_excluded": [
            519,
            395,
            400,
            530,
            411,
            412,
            546,
            556,
            315,
            329,
            461,
            82,
            473,
            477,
            226,
            492,
            494,
            113,
            242,
            116,
            504,
            252
        ],
        "reviewed": true,
        "user_excluded": [],
        "value": 0.010308531583926205
    },
    "Ar37": {
        "error": 0.009442909558665719,
        "error_type": "SEM",
        "filter_outliers_dict": {
            "filter_outliers": true,
            "iterations": 1,
            "std_devs": 2,
            "use_standard_deviation_filtering": false
        },
        "fit": "Linear",
        "fn": 568,
        "include_baseline_error": false,
        "n": 600,
        "outlier_excluded": [
            260,
            261,
            390,
            391,
            264,
            9,
            531,
            148,
            276,
            24,
            538,
            421,
            422,
            552,
            177,
            434,
            184,
            570,
            70,
            330,
            340,
            469,
            214,
            219,
            350,
            225,
            226,
            360,
            108,
            495,
            250,
            378
        ],
        "reviewed": true,
        "user_excluded": [],
        "value": 0.04378252754533357
    },
    "Ar38": {
        "error": 0.012673346953016217,
        "error_type": "SEM",
        "filter_outliers_dict": {
            "filter_outliers": true,
            "iterations": 1,
            "std_devs": 2,
            "use_standard_deviation_filtering": false
        },
        "fit": "Linear",
        "fn": 570,
        "include_baseline_error": false,
        "n": 600,
        "outlier_excluded": [
            140,
            144,
            400,
            531,
            20,
            535,
            41,
            178,
            309,
            184,
            190,
            450,
            197,
            453,
            581,
            328,
            74,
            202,
            78,
            334,
            336,
            337,
            338,
            339,
            592,
            220,
            362,
            499,
            377,
            255
        ],
        "reviewed": true,
        "user_excluded": [],
        "value": 0.06531667862958736
    },
    "Ar39": {
        "error": 0.007195739442463275,
        "error_type": "SEM",
        "filter_outliers_dict": {
            "filter_outliers": true,
            "iterations": 1,
            "std_devs": 2,
            "use_standard_deviation_filtering": false
        },
        "fit": "Parabolic",
        "fn": 565,
        "include_baseline_error": false,
        "n": 600,
        "outlier_excluded": [
            512,
            2,
            261,
            390,
            521,
            524,
            269,
            272,
            537,
            28,
            163,
            420,
            297,
            425,
            554,
            305,
            185,
            188,
            575,
            65,
            321,
            332,
            460,
            212,
            343,
            346,
            479,
            353,
            103,
            365,
            111,
            122,
            381,
            382,
            511
        ],
        "reviewed": true,
        "user_excluded": [],
        "value": 14.443826002053374
    },
    "Ar40": {
        "error": 0.016403078028356735,
        "error_type": "SEM",
        "filter_outliers_dict": {
            "filter_outliers": true,
            "iterations": 1,
            "std_devs": 2,
            "use_standard_deviation_filtering": false
        },
        "fit": "Parabolic",
        "fn": 577,
        "include_baseline_error": false,
        "n": 600,
        "outlier_excluded": [
            132,
            134,
            8,
            264,
            394,
            522,
            524,
            398,
            527,
            277,
            278,
            539,
            285,
            542,
            415,
            159,
            172,
            436,
            570,
            195,
            360,
            374,
            376
        ],
        "reviewed": true,
        "user_excluded": [],
        "value": 5.413153159728841
    },
    "Ar41": {
        "error": 0.010049211124877219,
        "error_type": "SEM",
        "filter_outliers_dict": {
            "filter_outliers": true,
            "iterations": 1,
            "std_devs": 2,
            "use_standard_deviation_filtering": false
        },
        "fit": "linear",
        "value": 0.2698846511329107
    }
}