{
    "Ar36": {
        "error": 0.00019817759328927116,
        "error_type": "SEM",
        "filter_outliers_dict": {
            "filter_outliers": true,
            "iterations": 1,
            "std_devs": 2,
            "use_standard_deviation_filtering": false
        },
        "fit": "Parabolic",
        "fn": 576,
        "include_baseline_error": false,
        "n": 600,
        "outlier_excluded": [
            389,
            518,
            391,
            394,
            144,
            534,
            285,
            541,
            161,
            309,
            61,
            192,
            323,
            202,
            203,
            333,
            465,
            214,
            87,
            349,
            240,
            502,
            508,
            382
        ],
        "reviewed": true,
        "user_excluded": [],
        "value": 0.01402856608333589
    },
    "Ar37": {
        "error": 0.009759172783031874,
        "error_type": "SEM",
        "filter_outliers_dict": {
            "filter_outliers": true,
            "iterations": 1,
            "std_devs": 2,
            "use_standard_deviation_filtering": false
        },
        "fit": "Linear",
        "fn": 572,
        "include_baseline_error": false,
        "n": 600,
        "outlier_excluded": [
            386,
            519,
            395,
            279,
            291,
            422,
            169,
            427,
            172,
            181,
            182,
            56,
            188,
            572,
            449,
            194,
            84,
            215,
            344,
            472,
            351,
            97,
            227,
            358,
            360,
            237,
            110,
            121
        ],
        "reviewed": true,
        "user_excluded": [],
        "value": 0.038969024594007855
    },
    "Ar38": {
        "error": 0.014295370077442644,
        "error_type": "SEM",
        "filter_outliers_dict": {
            "filter_outliers": true,
            "iterations": 1,
            "std_devs": 2,
            "use_standard_deviation_filtering": false
        },
        "fit": "Linear",
        "fn": 581,
        "include_baseline_error": false,
        "n": 600,
        "outlier_excluded": [
            161,
            226,
            387,
            580,
            137,
            11,
            523,
            365,
            400,
            145,
            20,
            52,
            500,
            151,
            472,
            57,
            532,
            29,
            349
        ],
        "reviewed": true,
        "user_excluded": [],
        "value": 0.2591914347698776
    },
    "Ar39": {
        "error": 0.008086213519398379,
        "error_type": "SEM",
        "filter_outliers_dict": {
            "filter_outliers": true,
            "iterations": 1,
            "std_devs": 2,
            "use_standard_deviation_filtering": false
        },
        "fit": "Parabolic",
        "fn": 575,
        "include_baseline_error": false,
        "n": 600,
        "outlier_excluded": [
            260,
            261,
            531,
            24,
            155,
            29,
            159,
            39,
            553,
            430,
            184,
            321,
            457,
            74,
            75,
            336,
            464,
            210,
            92,
            107,
            366,
            498,
            372,
            119,
            253
        ],
        "reviewed": true,
        "user_excluded": [],
        "value": 24.004785682320673
    },
    "Ar40": {
        "error": 0.015142320556676754,
        "error_type": "SEM",
        "filter_outliers_dict": {
            "filter_outliers": true,
            "iterations": 1,
            "std_devs": 2,
            "use_standard_deviation_filtering": false
        },
        "fit": "Parabolic",
        "fn": 574,
        "include_baseline_error": false,
        "n": 600,
        "outlier_excluded": [
            258,
            132,
            388,
            7,
            271,
            145,
            22,
            535,
            153,
            164,
            563,
            576,
            577,
            71,
            82,
            596,
            214,
            470,
            473,
            354,
            101,
            358,
            360,
            501,
            122,
            126
        ],
        "reviewed": true,
        "user_excluded": [],
        "value": 8.118891533659522
    },
    "Ar41": {
        "error": 0.010327485996273152,
        "error_type": "SEM",
        "filter_outliers_dict": {
            "filter_outliers": true,
            "iterations": 1,
            "std_devs": 2,
            "use_standard_deviation_filtering": false
        },
        "fit": "linear",
        "value": 0.23859020144347612
    }
}