{
    "Ar36": {
        "error": 0.00015545886975407234,
        "error_type": "SEM",
        "filter_outliers_dict": {
            "filter_outliers": true,
            "iterations": 1,
            "std_devs": 2,
            "use_standard_deviation_filtering": false
        },
        "fit": "Parabolic",
        "fn": 572,
        "include_baseline_error": false,
        "n": 600,
        "outlier_excluded": [
            513,
            520,
            530,
            534,
            541,
            294,
            551,
            429,
            179,
            317,
            448,
            450,
            68,
            453,
            331,
            85,
            217,
            475,
            348,
            478,
            360,
            361,
            237,
            495,
            368,
            242,
            244,
            246
        ],
        "reviewed": true,
        "user_excluded": [],
        "value": 0.008298715390033403
    },
    "Ar37": {
        "error": 0.010238208847177088,
        "error_type": "SEM",
        "filter_outliers_dict": {
            "filter_outliers": true,
            "iterations": 1,
            "std_devs": 2,
            "use_standard_deviation_filtering": false
        },
        "fit": "Linear",
        "fn": 570,
        "include_baseline_error": false,
        "n": 600,
        "outlier_excluded": [
            256,
            130,
            389,
            9,
            15,
            409,
            541,
            286,
            548,
            39,
            40,
            300,
            564,
            190,
            319,
            581,
            326,
            458,
            77,
            206,
            473,
            93,
            354,
            356,
            104,
            105,
            243,
            116,
            499,
            252
        ],
        "reviewed": true,
        "user_excluded": [],
        "value": 0.029159402172503388
    },
    "Ar38": {
        "error": 0.013830353389398992,
        "error_type": "SEM",
        "filter_outliers_dict": {
            "filter_outliers": true,
            "iterations": 1,
            "std_devs": 2,
            "use_standard_deviation_filtering": false
        },
        "fit": "Linear",
        "fn": 580,
        "include_baseline_error": false,
        "n": 600,
        "outlier_excluded": [
            0,
            320,
            577,
            35,
            137,
            138,
            107,
            265,
            299,
            394,
            458,
            521,
            242,
            374,
            472,
            58,
            122,
            285,
            158,
            479
        ],
        "reviewed": true,
        "user_excluded": [],
        "value": 0.12133422902951072
    },
    "Ar39": {
        "error": 0.007770794941454772,
        "error_type": "SEM",
        "filter_outliers_dict": {
            "filter_outliers": true,
            "iterations": 1,
            "std_devs": 2,
            "use_standard_deviation_filtering": false
        },
        "fit": "Parabolic",
        "fn": 571,
        "include_baseline_error": false,
        "n": 600,
        "outlier_excluded": [
            517,
            403,
            404,
            281,
            414,
            33,
            545,
            45,
            48,
            177,
            567,
            185,
            68,
            585,
            331,
            460,
            210,
            340,
            597,
            88,
            475,
            223,
            489,
            499,
            372,
            246,
            249,
            507,
            126
        ],
        "reviewed": true,
        "user_excluded": [],
        "value": 17.342285511488278
    },
    "Ar40": {
        "error": 0.01588660864106668,
        "error_type": "SEM",
        "filter_outliers_dict": {
            "filter_outliers": true,
            "iterations": 1,
            "std_devs": 2,
            "use_standard_deviation_filtering": false
        },
        "fit": "Parabolic",
        "fn": 574,
        "include_baseline_error": false,
        "n": 600,
        "outlier_excluded": [
            514,
            515,
            15,
            146,
            150,
            537,
            281,
            541,
            309,
            567,
            194,
            196,
            586,
            77,
            339,
            597,
            214,
            471,
            89,
            218,
            219,
            223,
            497,
            245,
            376,
            126
        ],
        "reviewed": true,
        "user_excluded": [],
        "value": 5.113760159873898
    },
    "Ar41": {
        "error": 0.009477475332190961,
        "error_type": "SEM",
        "filter_outliers_dict": {
            "filter_outliers": true,
            "iterations": 1,
            "std_devs": 2,
            "use_standard_deviation_filtering": false
        },
        "fit": "linear",
        "value": 0.25335065995608214
    }
}