{
    "Ar36": {
        "error": 0.00015646435165209203,
        "error_type": "SEM",
        "filter_outliers_dict": {
            "filter_outliers": true,
            "iterations": 1,
            "std_devs": 2,
            "use_standard_deviation_filtering": false
        },
        "fit": "Parabolic",
        "fn": 574,
        "include_baseline_error": false,
        "n": 600,
        "outlier_excluded": [
            385,
            139,
            414,
            418,
            549,
            173,
            53,
            566,
            185,
            316,
            575,
            580,
            200,
            203,
            588,
            465,
            346,
            477,
            479,
            480,
            351,
            232,
            366,
            368,
            370,
            373
        ],
        "reviewed": true,
        "user_excluded": [],
        "value": 0.00787360159093924
    },
    "Ar37": {
        "error": 0.010594321717491187,
        "error_type": "SEM",
        "filter_outliers_dict": {
            "filter_outliers": true,
            "iterations": 1,
            "std_devs": 2,
            "use_standard_deviation_filtering": false
        },
        "fit": "Linear",
        "fn": 577,
        "include_baseline_error": false,
        "n": 600,
        "outlier_excluded": [
            386,
            519,
            287,
            31,
            420,
            550,
            47,
            431,
            575,
            193,
            323,
            197,
            463,
            208,
            209,
            336,
            84,
            227,
            360,
            488,
            236,
            122,
            507
        ],
        "reviewed": true,
        "user_excluded": [],
        "value": 0.035662214286912144
    },
    "Ar38": {
        "error": 0.012524011056807489,
        "error_type": "SEM",
        "filter_outliers_dict": {
            "filter_outliers": true,
            "iterations": 1,
            "std_devs": 2,
            "use_standard_deviation_filtering": false
        },
        "fit": "Linear",
        "fn": 576,
        "include_baseline_error": false,
        "n": 600,
        "outlier_excluded": [
            131,
            16,
            18,
            407,
            152,
            153,
            45,
            565,
            187,
            62,
            581,
            456,
            334,
            593,
            339,
            341,
            475,
            94,
            95,
            236,
            114,
            119,
            504,
            123
        ],
        "reviewed": true,
        "user_excluded": [],
        "value": 0.11279163610551031
    },
    "Ar39": {
        "error": 0.00755131435196703,
        "error_type": "SEM",
        "filter_outliers_dict": {
            "filter_outliers": true,
            "iterations": 1,
            "std_devs": 2,
            "use_standard_deviation_filtering": false
        },
        "fit": "Parabolic",
        "fn": 575,
        "include_baseline_error": false,
        "n": 600,
        "outlier_excluded": [
            0,
            256,
            386,
            261,
            394,
            523,
            16,
            401,
            35,
            166,
            295,
            296,
            428,
            47,
            55,
            571,
            591,
            338,
            468,
            598,
            346,
            100,
            495,
            497,
            498
        ],
        "reviewed": true,
        "user_excluded": [],
        "value": 15.306007293237334
    },
    "Ar40": {
        "error": 0.0154988018164997,
        "error_type": "SEM",
        "filter_outliers_dict": {
            "filter_outliers": true,
            "iterations": 1,
            "std_devs": 2,
            "use_standard_deviation_filtering": false
        },
        "fit": "Parabolic",
        "fn": 573,
        "include_baseline_error": false,
        "n": 600,
        "outlier_excluded": [
            0,
            131,
            259,
            137,
            266,
            280,
            285,
            287,
            546,
            293,
            558,
            178,
            565,
            54,
            55,
            446,
            64,
            324,
            76,
            589,
            592,
            468,
            216,
            348,
            234,
            499,
            122
        ],
        "reviewed": true,
        "user_excluded": [],
        "value": 4.842775084492532
    },
    "Ar41": {
        "error": 0.010288935492283154,
        "error_type": "SEM",
        "filter_outliers_dict": {
            "filter_outliers": true,
            "iterations": 1,
            "std_devs": 2,
            "use_standard_deviation_filtering": false
        },
        "fit": "linear",
        "value": 0.24713050494751965
    }
}