{
    "Ar36": {
        "error": 0.00013798168279053103,
        "error_type": "SEM",
        "filter_outliers_dict": {
            "filter_outliers": true,
            "iterations": 1,
            "std_devs": 2,
            "use_standard_deviation_filtering": false
        },
        "fit": "Parabolic",
        "fn": 572,
        "include_baseline_error": false,
        "n": 600,
        "outlier_excluded": [
            0,
            389,
            518,
            268,
            396,
            271,
            16,
            399,
            279,
            535,
            421,
            555,
            300,
            179,
            569,
            443,
            574,
            195,
            590,
            465,
            339,
            213,
            86,
            218,
            476,
            362,
            506,
            381
        ],
        "reviewed": true,
        "user_excluded": [],
        "value": 0.005863374663579694
    },
    "Ar37": {
        "error": 0.010320820203387494,
        "error_type": "SEM",
        "filter_outliers_dict": {
            "filter_outliers": true,
            "iterations": 1,
            "std_devs": 2,
            "use_standard_deviation_filtering": false
        },
        "fit": "Linear",
        "fn": 576,
        "include_baseline_error": false,
        "n": 600,
        "outlier_excluded": [
            257,
            135,
            11,
            523,
            13,
            529,
            152,
            542,
            292,
            297,
            175,
            440,
            189,
            319,
            192,
            201,
            457,
            459,
            461,
            336,
            597,
            230,
            233,
            236
        ],
        "reviewed": true,
        "user_excluded": [],
        "value": 0.0429414015941417
    },
    "Ar38": {
        "error": 0.01315581391006285,
        "error_type": "SEM",
        "filter_outliers_dict": {
            "filter_outliers": true,
            "iterations": 1,
            "std_devs": 2,
            "use_standard_deviation_filtering": false
        },
        "fit": "Linear",
        "fn": 578,
        "include_baseline_error": false,
        "n": 600,
        "outlier_excluded": [
            5,
            525,
            15,
            17,
            401,
            534,
            154,
            538,
            158,
            161,
            38,
            167,
            40,
            551,
            311,
            87,
            481,
            228,
            231,
            488,
            111,
            127
        ],
        "reviewed": true,
        "user_excluded": [],
        "value": 0.023235466160847724
    },
    "Ar39": {
        "error": 0.0074863916739511035,
        "error_type": "SEM",
        "filter_outliers_dict": {
            "filter_outliers": true,
            "iterations": 1,
            "std_devs": 2,
            "use_standard_deviation_filtering": false
        },
        "fit": "Parabolic",
        "fn": 570,
        "include_baseline_error": false,
        "n": 600,
        "outlier_excluded": [
            128,
            3,
            388,
            389,
            523,
            141,
            270,
            144,
            409,
            282,
            283,
            286,
            160,
            162,
            177,
            574,
            192,
            66,
            457,
            208,
            595,
            468,
            476,
            352,
            353,
            104,
            489,
            245,
            246,
            252
        ],
        "reviewed": true,
        "user_excluded": [],
        "value": 8.068987044114579
    },
    "Ar40": {
        "error": 0.016013089223875905,
        "error_type": "SEM",
        "filter_outliers_dict": {
            "filter_outliers": true,
            "iterations": 1,
            "std_devs": 2,
            "use_standard_deviation_filtering": false
        },
        "fit": "Parabolic",
        "fn": 574,
        "include_baseline_error": false,
        "n": 600,
        "outlier_excluded": [
            256,
            15,
            16,
            400,
            148,
            282,
            163,
            554,
            44,
            440,
            578,
            69,
            198,
            455,
            200,
            330,
            595,
            345,
            220,
            483,
            228,
            361,
            491,
            365,
            114,
            116
        ],
        "reviewed": true,
        "user_excluded": [],
        "value": 3.0489753841888647
    },
    "Ar41": {
        "error": 0.009925770163035717,
        "error_type": "SEM",
        "filter_outliers_dict": {
            "filter_outliers": true,
            "iterations": 1,
            "std_devs": 2,
            "use_standard_deviation_filtering": false
        },
        "fit": "linear",
        "value": 0.25048315043242264
    }
}