{
    "Ar36": {
        "error": 0.00018179611891334688,
        "error_type": "SEM",
        "filter_outliers_dict": {
            "filter_outliers": true,
            "iterations": 1,
            "std_devs": 2,
            "use_standard_deviation_filtering": false
        },
        "fit": "Parabolic",
        "fn": 573,
        "include_baseline_error": false,
        "n": 600,
        "outlier_excluded": [
            132,
            519,
            139,
            524,
            269,
            399,
            21,
            536,
            286,
            33,
            161,
            297,
            567,
            572,
            195,
            459,
            86,
            345,
            223,
            98,
            229,
            358,
            487,
            488,
            106,
            362,
            243
        ],
        "reviewed": true,
        "user_excluded": [],
        "value": 0.011073447503965224
    },
    "Ar37": {
        "error": 0.010246023840945381,
        "error_type": "SEM",
        "filter_outliers_dict": {
            "filter_outliers": true,
            "iterations": 1,
            "std_devs": 2,
            "use_standard_deviation_filtering": false
        },
        "fit": "Linear",
        "fn": 570,
        "include_baseline_error": false,
        "n": 600,
        "outlier_excluded": [
            2,
            4,
            520,
            16,
            147,
            277,
            278,
            23,
            534,
            409,
            550,
            167,
            555,
            174,
            434,
            182,
            183,
            312,
            454,
            204,
            337,
            339,
            596,
            344,
            351,
            357,
            239,
            373,
            502,
            247
        ],
        "reviewed": true,
        "user_excluded": [],
        "value": 0.02595223311406783
    },
    "Ar38": {
        "error": 0.01402466931036457,
        "error_type": "SEM",
        "filter_outliers_dict": {
            "filter_outliers": true,
            "iterations": 1,
            "std_devs": 2,
            "use_standard_deviation_filtering": false
        },
        "fit": "Linear",
        "fn": 578,
        "include_baseline_error": false,
        "n": 600,
        "outlier_excluded": [
            260,
            520,
            143,
            277,
            25,
            413,
            289,
            304,
            432,
            564,
            195,
            457,
            460,
            594,
            220,
            351,
            101,
            487,
            364,
            249,
            253,
            254
        ],
        "reviewed": true,
        "user_excluded": [],
        "value": 0.16719099602487306
    },
    "Ar39": {
        "error": 0.008292519402988545,
        "error_type": "SEM",
        "filter_outliers_dict": {
            "filter_outliers": true,
            "iterations": 1,
            "std_devs": 2,
            "use_standard_deviation_filtering": false
        },
        "fit": "Parabolic",
        "fn": 575,
        "include_baseline_error": false,
        "n": 600,
        "outlier_excluded": [
            260,
            136,
            398,
            535,
            280,
            27,
            412,
            158,
            417,
            422,
            296,
            424,
            301,
            433,
            55,
            314,
            574,
            72,
            202,
            596,
            348,
            102,
            491,
            493,
            118
        ],
        "reviewed": true,
        "user_excluded": [],
        "value": 20.4124763009507
    },
    "Ar40": {
        "error": 0.015402577866250631,
        "error_type": "SEM",
        "filter_outliers_dict": {
            "filter_outliers": true,
            "iterations": 1,
            "std_devs": 2,
            "use_standard_deviation_filtering": false
        },
        "fit": "Parabolic",
        "fn": 573,
        "include_baseline_error": false,
        "n": 600,
        "outlier_excluded": [
            130,
            395,
            269,
            528,
            148,
            413,
            31,
            165,
            167,
            170,
            426,
            309,
            310,
            439,
            61,
            72,
            73,
            203,
            80,
            471,
            599,
            232,
            106,
            494,
            495,
            248,
            381
        ],
        "reviewed": true,
        "user_excluded": [],
        "value": 6.640568665650303
    },
    "Ar41": {
        "error": 0.010367154572702217,
        "error_type": "SEM",
        "filter_outliers_dict": {
            "filter_outliers": true,
            "iterations": 1,
            "std_devs": 2,
            "use_standard_deviation_filtering": false
        },
        "fit": "linear",
        "value": 0.2442877160843197
    }
}