{
    "Ar36": {
        "error": 0.00032600081955773196,
        "error_type": "SEM",
        "filter_outliers_dict": {
            "filter_outliers": true,
            "iterations": 1,
            "std_devs": 2,
            "use_standard_deviation_filtering": false
        },
        "fit": "Parabolic",
        "fn": 571,
        "include_baseline_error": false,
        "n": 600,
        "outlier_excluded": [
            256,
            2,
            259,
            14,
            278,
            283,
            548,
            296,
            41,
            555,
            44,
            558,
            438,
            187,
            60,
            572,
            453,
            202,
            336,
            592,
            84,
            218,
            351,
            485,
            107,
            497,
            116,
            118,
            505
        ],
        "reviewed": true,
        "user_excluded": [],
        "value": 0.04865467900893572
    },
    "Ar37": {
        "error": 0.009951556657994888,
        "error_type": "SEM",
        "filter_outliers_dict": {
            "filter_outliers": true,
            "iterations": 1,
            "std_devs": 2,
            "use_standard_deviation_filtering": false
        },
        "fit": "Linear",
        "fn": 575,
        "include_baseline_error": false,
        "n": 600,
        "outlier_excluded": [
            155,
            285,
            293,
            38,
            312,
            187,
            63,
            575,
            579,
            81,
            211,
            84,
            468,
            220,
            352,
            225,
            100,
            102,
            233,
            371,
            500,
            373,
            374,
            248,
            125
        ],
        "reviewed": true,
        "user_excluded": [],
        "value": 0.007331041765112621
    },
    "Ar38": {
        "error": 0.013212199185323913,
        "error_type": "SEM",
        "filter_outliers_dict": {
            "filter_outliers": true,
            "iterations": 1,
            "std_devs": 2,
            "use_standard_deviation_filtering": false
        },
        "fit": "Linear",
        "fn": 574,
        "include_baseline_error": false,
        "n": 600,
        "outlier_excluded": [
            128,
            390,
            7,
            521,
            269,
            525,
            146,
            149,
            159,
            287,
            36,
            292,
            40,
            176,
            447,
            206,
            79,
            212,
            95,
            101,
            361,
            114,
            119,
            379,
            508,
            383
        ],
        "reviewed": true,
        "user_excluded": [],
        "value": 0.15233180475898409
    },
    "Ar39": {
        "error": 0.007936796956964712,
        "error_type": "SEM",
        "filter_outliers_dict": {
            "filter_outliers": true,
            "iterations": 1,
            "std_devs": 2,
            "use_standard_deviation_filtering": false
        },
        "fit": "Parabolic",
        "fn": 573,
        "include_baseline_error": false,
        "n": 600,
        "outlier_excluded": [
            388,
            394,
            522,
            542,
            558,
            437,
            565,
            311,
            317,
            446,
            574,
            448,
            67,
            451,
            454,
            591,
            337,
            340,
            342,
            218,
            92,
            221,
            104,
            234,
            506,
            379,
            254
        ],
        "reviewed": true,
        "user_excluded": [],
        "value": 18.38910274213325
    },
    "Ar40": {
        "error": 0.016578944996692463,
        "error_type": "SEM",
        "filter_outliers_dict": {
            "filter_outliers": true,
            "iterations": 1,
            "std_devs": 2,
            "use_standard_deviation_filtering": false
        },
        "fit": "Parabolic",
        "fn": 572,
        "include_baseline_error": false,
        "n": 600,
        "outlier_excluded": [
            268,
            271,
            527,
            532,
            409,
            284,
            158,
            33,
            553,
            563,
            309,
            55,
            570,
            65,
            195,
            584,
            460,
            206,
            590,
            340,
            86,
            91,
            355,
            242,
            505,
            506,
            510,
            255
        ],
        "reviewed": true,
        "user_excluded": [],
        "value": 19.556719751162927
    },
    "Ar41": {
        "error": 0.010480169896488051,
        "error_type": "SEM",
        "filter_outliers_dict": {
            "filter_outliers": true,
            "iterations": 1,
            "std_devs": 2,
            "use_standard_deviation_filtering": false
        },
        "fit": "linear",
        "value": 0.2527301222543107
    }
}