{
    "Ar36": {
        "error": 0.00016798572759390326,
        "error_type": "SEM",
        "filter_outliers_dict": {
            "filter_outliers": true,
            "iterations": 1,
            "std_devs": 2,
            "use_standard_deviation_filtering": false
        },
        "fit": "Parabolic",
        "fn": 570,
        "include_baseline_error": false,
        "n": 600,
        "outlier_excluded": [
            256,
            386,
            5,
            264,
            265,
            524,
            526,
            146,
            280,
            168,
            297,
            553,
            567,
            441,
            314,
            442,
            449,
            582,
            71,
            75,
            460,
            466,
            475,
            356,
            484,
            241,
            370,
            244,
            506,
            383
        ],
        "reviewed": true,
        "user_excluded": [],
        "value": 0.009348973013358287
    },
    "Ar37": {
        "error": 0.010738296364056208,
        "error_type": "SEM",
        "filter_outliers_dict": {
            "filter_outliers": true,
            "iterations": 1,
            "std_devs": 2,
            "use_standard_deviation_filtering": false
        },
        "fit": "Linear",
        "fn": 580,
        "include_baseline_error": false,
        "n": 600,
        "outlier_excluded": [
            512,
            2,
            3,
            132,
            197,
            70,
            292,
            584,
            74,
            235,
            298,
            299,
            144,
            432,
            83,
            85,
            120,
            189,
            221,
            349
        ],
        "reviewed": true,
        "user_excluded": [],
        "value": 0.0035529944747922926
    },
    "Ar38": {
        "error": 0.01333324487800419,
        "error_type": "SEM",
        "filter_outliers_dict": {
            "filter_outliers": true,
            "iterations": 1,
            "std_devs": 2,
            "use_standard_deviation_filtering": false
        },
        "fit": "Linear",
        "fn": 576,
        "include_baseline_error": false,
        "n": 600,
        "outlier_excluded": [
            257,
            3,
            260,
            268,
            527,
            26,
            282,
            545,
            290,
            418,
            551,
            306,
            182,
            311,
            571,
            325,
            331,
            462,
            596,
            218,
            366,
            370,
            502,
            511
        ],
        "reviewed": true,
        "user_excluded": [],
        "value": 0.1493879719305612
    },
    "Ar39": {
        "error": 0.008214313211834228,
        "error_type": "SEM",
        "filter_outliers_dict": {
            "filter_outliers": true,
            "iterations": 1,
            "std_devs": 2,
            "use_standard_deviation_filtering": false
        },
        "fit": "Parabolic",
        "fn": 578,
        "include_baseline_error": false,
        "n": 600,
        "outlier_excluded": [
            280,
            286,
            31,
            293,
            556,
            557,
            438,
            60,
            189,
            204,
            591,
            598,
            95,
            353,
            360,
            107,
            108,
            237,
            242,
            119,
            375,
            509
        ],
        "reviewed": true,
        "user_excluded": [],
        "value": 18.27202905084791
    },
    "Ar40": {
        "error": 0.01569827956265736,
        "error_type": "SEM",
        "filter_outliers_dict": {
            "filter_outliers": true,
            "iterations": 1,
            "std_devs": 2,
            "use_standard_deviation_filtering": false
        },
        "fit": "Parabolic",
        "fn": 578,
        "include_baseline_error": false,
        "n": 600,
        "outlier_excluded": [
            1,
            257,
            266,
            144,
            150,
            409,
            27,
            416,
            422,
            552,
            41,
            45,
            177,
            562,
            563,
            313,
            454,
            597,
            598,
            349,
            479,
            101
        ],
        "reviewed": true,
        "user_excluded": [],
        "value": 5.552020339582219
    },
    "Ar41": {
        "error": 0.010596816416838321,
        "error_type": "SEM",
        "filter_outliers_dict": {
            "filter_outliers": true,
            "iterations": 1,
            "std_devs": 2,
            "use_standard_deviation_filtering": false
        },
        "fit": "linear",
        "value": 0.26509868033746614
    }
}