{
    "Ar36": {
        "error": 0.0002160960309838089,
        "error_type": "SEM",
        "filter_outliers_dict": {
            "filter_outliers": true,
            "iterations": 1,
            "std_devs": 2,
            "use_standard_deviation_filtering": false
        },
        "fit": "Parabolic",
        "fn": 579,
        "include_baseline_error": false,
        "n": 600,
        "outlier_excluded": [
            65,
            290,
            419,
            325,
            167,
            360,
            265,
            170,
            110,
            15,
            398,
            400,
            401,
            561,
            470,
            57,
            153,
            569,
            124,
            380,
            319
        ],
        "reviewed": true,
        "user_excluded": [],
        "value": 0.018314835375551796
    },
    "Ar37": {
        "error": 0.010915020001766296,
        "error_type": "SEM",
        "filter_outliers_dict": {
            "filter_outliers": true,
            "iterations": 1,
            "std_devs": 2,
            "use_standard_deviation_filtering": false
        },
        "fit": "Linear",
        "fn": 574,
        "include_baseline_error": false,
        "n": 600,
        "outlier_excluded": [
            129,
            396,
            18,
            277,
            290,
            295,
            171,
            46,
            303,
            565,
            438,
            58,
            577,
            69,
            72,
            77,
            346,
            351,
            97,
            353,
            357,
            107,
            239,
            114,
            498,
            248
        ],
        "reviewed": true,
        "user_excluded": [],
        "value": 0.047217380981018055
    },
    "Ar38": {
        "error": 0.013481723700083149,
        "error_type": "SEM",
        "filter_outliers_dict": {
            "filter_outliers": true,
            "iterations": 1,
            "std_devs": 2,
            "use_standard_deviation_filtering": false
        },
        "fit": "Linear",
        "fn": 571,
        "include_baseline_error": false,
        "n": 600,
        "outlier_excluded": [
            518,
            520,
            523,
            269,
            276,
            24,
            282,
            32,
            166,
            39,
            168,
            296,
            46,
            562,
            51,
            321,
            195,
            329,
            585,
            590,
            594,
            342,
            473,
            220,
            479,
            481,
            105,
            239,
            125
        ],
        "reviewed": true,
        "user_excluded": [],
        "value": 0.17292337778357614
    },
    "Ar39": {
        "error": 0.007885840755831278,
        "error_type": "SEM",
        "filter_outliers_dict": {
            "filter_outliers": true,
            "iterations": 1,
            "std_devs": 2,
            "use_standard_deviation_filtering": false
        },
        "fit": "Parabolic",
        "fn": 568,
        "include_baseline_error": false,
        "n": 600,
        "outlier_excluded": [
            129,
            516,
            5,
            390,
            523,
            396,
            399,
            401,
            275,
            152,
            541,
            289,
            163,
            422,
            170,
            554,
            428,
            177,
            562,
            55,
            441,
            189,
            321,
            322,
            199,
            200,
            81,
            209,
            338,
            342,
            234,
            115
        ],
        "reviewed": true,
        "user_excluded": [],
        "value": 21.424952292315787
    },
    "Ar40": {
        "error": 0.015691300633741603,
        "error_type": "SEM",
        "filter_outliers_dict": {
            "filter_outliers": true,
            "iterations": 1,
            "std_devs": 2,
            "use_standard_deviation_filtering": false
        },
        "fit": "Parabolic",
        "fn": 574,
        "include_baseline_error": false,
        "n": 600,
        "outlier_excluded": [
            516,
            524,
            14,
            146,
            157,
            288,
            546,
            291,
            547,
            56,
            64,
            198,
            204,
            78,
            592,
            82,
            85,
            220,
            225,
            226,
            359,
            495,
            114,
            373,
            505,
            509
        ],
        "reviewed": true,
        "user_excluded": [],
        "value": 8.683469502676505
    },
    "Ar41": {
        "error": 0.010291133262526772,
        "error_type": "SEM",
        "filter_outliers_dict": {
            "filter_outliers": true,
            "iterations": 1,
            "std_devs": 2,
            "use_standard_deviation_filtering": false
        },
        "fit": "linear",
        "value": 0.2816406571164539
    }
}