{
    "Ar36": {
        "error": 0.00015033758035090482,
        "error_type": "SEM",
        "filter_outliers_dict": {
            "filter_outliers": true,
            "iterations": 1,
            "std_devs": 2,
            "use_standard_deviation_filtering": false
        },
        "fit": "Parabolic",
        "fn": 572,
        "include_baseline_error": false,
        "n": 600,
        "outlier_excluded": [
            258,
            387,
            516,
            518,
            270,
            526,
            279,
            412,
            426,
            428,
            175,
            304,
            310,
            570,
            187,
            60,
            578,
            327,
            588,
            210,
            594,
            220,
            96,
            482,
            491,
            499,
            376,
            250
        ],
        "reviewed": true,
        "user_excluded": [],
        "value": 0.0053972750078511746
    },
    "Ar37": {
        "error": 0.010444293968228187,
        "error_type": "SEM",
        "filter_outliers_dict": {
            "filter_outliers": true,
            "iterations": 1,
            "std_devs": 2,
            "use_standard_deviation_filtering": false
        },
        "fit": "Linear",
        "fn": 574,
        "include_baseline_error": false,
        "n": 600,
        "outlier_excluded": [
            3,
            5,
            154,
            417,
            553,
            428,
            185,
            571,
            445,
            578,
            67,
            581,
            201,
            331,
            79,
            223,
            224,
            97,
            101,
            229,
            103,
            244,
            117,
            374,
            375,
            506
        ],
        "reviewed": true,
        "user_excluded": [],
        "value": 0.07207148949739361
    },
    "Ar38": {
        "error": 0.011855480569679862,
        "error_type": "SEM",
        "filter_outliers_dict": {
            "filter_outliers": true,
            "iterations": 1,
            "std_devs": 2,
            "use_standard_deviation_filtering": false
        },
        "fit": "Linear",
        "fn": 575,
        "include_baseline_error": false,
        "n": 600,
        "outlier_excluded": [
            130,
            133,
            397,
            402,
            531,
            151,
            298,
            427,
            173,
            47,
            566,
            567,
            187,
            188,
            574,
            581,
            457,
            205,
            83,
            86,
            480,
            367,
            247,
            126,
            511
        ],
        "reviewed": true,
        "user_excluded": [],
        "value": 0.7986887574719328
    },
    "Ar39": {
        "error": 0.02380677001596052,
        "error_type": "SEM",
        "filter_outliers_dict": {
            "filter_outliers": true,
            "iterations": 1,
            "std_devs": 2,
            "use_standard_deviation_filtering": false
        },
        "fit": "Parabolic",
        "fn": 576,
        "include_baseline_error": false,
        "n": 600,
        "outlier_excluded": [
            0,
            525,
            151,
            280,
            281,
            157,
            541,
            287,
            543,
            424,
            169,
            171,
            176,
            52,
            437,
            72,
            74,
            78,
            334,
            217,
            347,
            97,
            235,
            236
        ],
        "reviewed": true,
        "user_excluded": [],
        "value": 75.36649068649962
    },
    "Ar40": {
        "error": 0.017458931582984595,
        "error_type": "SEM",
        "filter_outliers_dict": {
            "filter_outliers": true,
            "iterations": 1,
            "std_devs": 2,
            "use_standard_deviation_filtering": false
        },
        "fit": "Parabolic",
        "fn": 572,
        "include_baseline_error": false,
        "n": 600,
        "outlier_excluded": [
            512,
            389,
            521,
            398,
            147,
            148,
            161,
            292,
            43,
            44,
            173,
            301,
            47,
            60,
            197,
            202,
            595,
            215,
            473,
            90,
            94,
            101,
            110,
            112,
            240,
            117,
            245,
            501
        ],
        "reviewed": true,
        "user_excluded": [],
        "value": 27.41380043786099
    },
    "Ar41": {
        "error": 0.0044642224139119484,
        "error_type": "SEM",
        "filter_outliers_dict": {
            "filter_outliers": true,
            "iterations": 1,
            "std_devs": 2,
            "use_standard_deviation_filtering": false
        },
        "fit": "average",
        "value": 0.2037960796313009
    }
}