{
    "Ar36": {
        "error": 0.00013545017140266017,
        "error_type": "SEM",
        "filter_outliers_dict": {
            "filter_outliers": true,
            "iterations": 1,
            "std_devs": 2,
            "use_standard_deviation_filtering": false
        },
        "fit": "Parabolic",
        "fn": 569,
        "include_baseline_error": false,
        "n": 600,
        "outlier_excluded": [
            390,
            525,
            527,
            273,
            538,
            541,
            416,
            417,
            291,
            426,
            431,
            180,
            312,
            442,
            571,
            572,
            446,
            323,
            581,
            327,
            583,
            584,
            458,
            587,
            332,
            488,
            362,
            236,
            369,
            504,
            510
        ],
        "reviewed": true,
        "user_excluded": [],
        "value": 0.004420940412660272
    },
    "Ar37": {
        "error": 0.009846709594749765,
        "error_type": "SEM",
        "filter_outliers_dict": {
            "filter_outliers": true,
            "iterations": 1,
            "std_devs": 2,
            "use_standard_deviation_filtering": false
        },
        "fit": "Linear",
        "fn": 576,
        "include_baseline_error": false,
        "n": 600,
        "outlier_excluded": [
            11,
            15,
            543,
            416,
            545,
            424,
            48,
            305,
            179,
            572,
            318,
            199,
            204,
            588,
            80,
            83,
            343,
            224,
            353,
            354,
            356,
            237,
            113,
            245
        ],
        "reviewed": true,
        "user_excluded": [],
        "value": 0.0613625751019193
    },
    "Ar38": {
        "error": 0.011988505877468742,
        "error_type": "SEM",
        "filter_outliers_dict": {
            "filter_outliers": true,
            "iterations": 1,
            "std_devs": 2,
            "use_standard_deviation_filtering": false
        },
        "fit": "Linear",
        "fn": 569,
        "include_baseline_error": false,
        "n": 600,
        "outlier_excluded": [
            258,
            14,
            528,
            19,
            535,
            285,
            544,
            294,
            422,
            299,
            172,
            564,
            565,
            184,
            318,
            319,
            574,
            462,
            338,
            468,
            597,
            474,
            222,
            353,
            98,
            358,
            490,
            491,
            367,
            121,
            509
        ],
        "reviewed": true,
        "user_excluded": [],
        "value": 0.4469273529807239
    },
    "Ar39": {
        "error": 0.0198544925866331,
        "error_type": "SEM",
        "filter_outliers_dict": {
            "filter_outliers": true,
            "iterations": 1,
            "std_devs": 2,
            "use_standard_deviation_filtering": false
        },
        "fit": "Parabolic",
        "fn": 575,
        "include_baseline_error": false,
        "n": 600,
        "outlier_excluded": [
            385,
            137,
            393,
            524,
            13,
            402,
            154,
            172,
            303,
            176,
            569,
            62,
            69,
            464,
            594,
            469,
            216,
            99,
            227,
            362,
            365,
            367,
            242,
            121,
            123
        ],
        "reviewed": true,
        "user_excluded": [],
        "value": 48.23550744315871
    },
    "Ar40": {
        "error": 0.017374985651721617,
        "error_type": "SEM",
        "filter_outliers_dict": {
            "filter_outliers": true,
            "iterations": 1,
            "std_devs": 2,
            "use_standard_deviation_filtering": false
        },
        "fit": "Parabolic",
        "fn": 576,
        "include_baseline_error": false,
        "n": 600,
        "outlier_excluded": [
            130,
            261,
            390,
            393,
            140,
            273,
            20,
            158,
            548,
            549,
            40,
            311,
            568,
            191,
            577,
            340,
            476,
            480,
            364,
            365,
            494,
            111,
            250,
            252
        ],
        "reviewed": true,
        "user_excluded": [],
        "value": 17.935495236431542
    },
    "Ar41": {
        "error": 0.004563012648409606,
        "error_type": "SEM",
        "filter_outliers_dict": {
            "filter_outliers": true,
            "iterations": 1,
            "std_devs": 2,
            "use_standard_deviation_filtering": false
        },
        "fit": "average",
        "value": 0.20827551503671424
    }
}