{
    "Ar36": {
        "error": 0.00013772523466260917,
        "error_type": "SEM",
        "filter_outliers_dict": {
            "filter_outliers": true,
            "iterations": 1,
            "std_devs": 2,
            "use_standard_deviation_filtering": false
        },
        "fit": "Parabolic",
        "fn": 570,
        "include_baseline_error": false,
        "n": 600,
        "outlier_excluded": [
            384,
            259,
            393,
            521,
            139,
            142,
            398,
            275,
            532,
            534,
            548,
            552,
            559,
            567,
            569,
            447,
            191,
            455,
            458,
            460,
            466,
            595,
            223,
            491,
            236,
            374,
            120,
            123,
            507,
            126
        ],
        "reviewed": true,
        "user_excluded": [],
        "value": 0.004700662809868994
    },
    "Ar37": {
        "error": 0.010224534643347664,
        "error_type": "SEM",
        "filter_outliers_dict": {
            "filter_outliers": true,
            "iterations": 1,
            "std_devs": 2,
            "use_standard_deviation_filtering": false
        },
        "fit": "Linear",
        "fn": 571,
        "include_baseline_error": false,
        "n": 600,
        "outlier_excluded": [
            514,
            13,
            270,
            276,
            405,
            22,
            151,
            537,
            33,
            422,
            298,
            304,
            443,
            318,
            325,
            327,
            72,
            328,
            585,
            459,
            334,
            207,
            336,
            90,
            352,
            232,
            370,
            250,
            510
        ],
        "reviewed": true,
        "user_excluded": [],
        "value": 0.04398808124766552
    },
    "Ar38": {
        "error": 0.01292057476802013,
        "error_type": "SEM",
        "filter_outliers_dict": {
            "filter_outliers": true,
            "iterations": 1,
            "std_devs": 2,
            "use_standard_deviation_filtering": false
        },
        "fit": "Linear",
        "fn": 572,
        "include_baseline_error": false,
        "n": 600,
        "outlier_excluded": [
            130,
            387,
            517,
            262,
            138,
            143,
            399,
            407,
            26,
            547,
            39,
            562,
            437,
            55,
            318,
            322,
            72,
            201,
            332,
            214,
            470,
            598,
            93,
            486,
            490,
            369,
            246,
            503
        ],
        "reviewed": true,
        "user_excluded": [],
        "value": 0.39675299842572376
    },
    "Ar39": {
        "error": 0.018853426522287685,
        "error_type": "SEM",
        "filter_outliers_dict": {
            "filter_outliers": true,
            "iterations": 1,
            "std_devs": 2,
            "use_standard_deviation_filtering": false
        },
        "fit": "Parabolic",
        "fn": 572,
        "include_baseline_error": false,
        "n": 600,
        "outlier_excluded": [
            256,
            384,
            385,
            387,
            388,
            390,
            391,
            272,
            152,
            540,
            31,
            39,
            558,
            309,
            189,
            447,
            450,
            196,
            331,
            332,
            81,
            84,
            90,
            229,
            490,
            113,
            499,
            126
        ],
        "reviewed": true,
        "user_excluded": [],
        "value": 42.894982852784125
    },
    "Ar40": {
        "error": 0.016150748518335506,
        "error_type": "SEM",
        "filter_outliers_dict": {
            "filter_outliers": true,
            "iterations": 1,
            "std_devs": 2,
            "use_standard_deviation_filtering": false
        },
        "fit": "Parabolic",
        "fn": 570,
        "include_baseline_error": false,
        "n": 600,
        "outlier_excluded": [
            257,
            259,
            13,
            272,
            17,
            152,
            34,
            162,
            36,
            421,
            424,
            44,
            567,
            318,
            448,
            578,
            451,
            68,
            452,
            199,
            584,
            329,
            335,
            212,
            214,
            215,
            223,
            367,
            506,
            508
        ],
        "reviewed": true,
        "user_excluded": [],
        "value": 15.987024024168322
    },
    "Ar41": {
        "error": 0.004834571856933306,
        "error_type": "SEM",
        "filter_outliers_dict": {
            "filter_outliers": true,
            "iterations": 1,
            "std_devs": 2,
            "use_standard_deviation_filtering": false
        },
        "fit": "average",
        "value": 0.20992368964579605
    }
}