{
    "Ar36": {
        "error": 0.0001765234228507093,
        "error_type": "SEM",
        "filter_outliers_dict": {
            "filter_outliers": true,
            "iterations": 1,
            "std_devs": 2,
            "use_standard_deviation_filtering": false
        },
        "fit": "Parabolic",
        "fn": 572,
        "include_baseline_error": false,
        "n": 600,
        "outlier_excluded": [
            0,
            257,
            2,
            395,
            13,
            142,
            399,
            273,
            407,
            547,
            37,
            549,
            424,
            429,
            177,
            443,
            446,
            72,
            75,
            87,
            477,
            486,
            103,
            111,
            496,
            248,
            121,
            382
        ],
        "reviewed": true,
        "user_excluded": [],
        "value": 0.010164728614429373
    },
    "Ar37": {
        "error": 0.009758634467863108,
        "error_type": "SEM",
        "filter_outliers_dict": {
            "filter_outliers": true,
            "iterations": 1,
            "std_devs": 2,
            "use_standard_deviation_filtering": false
        },
        "fit": "Linear",
        "fn": 570,
        "include_baseline_error": false,
        "n": 600,
        "outlier_excluded": [
            256,
            2,
            517,
            518,
            135,
            10,
            142,
            531,
            413,
            288,
            166,
            41,
            302,
            577,
            458,
            587,
            333,
            209,
            468,
            86,
            599,
            216,
            223,
            353,
            354,
            364,
            493,
            494,
            121,
            380
        ],
        "reviewed": true,
        "user_excluded": [],
        "value": 0.10980613779166246
    },
    "Ar38": {
        "error": 0.01038184779982283,
        "error_type": "SEM",
        "filter_outliers_dict": {
            "filter_outliers": true,
            "iterations": 1,
            "std_devs": 2,
            "use_standard_deviation_filtering": false
        },
        "fit": "Linear",
        "fn": 569,
        "include_baseline_error": false,
        "n": 600,
        "outlier_excluded": [
            392,
            266,
            522,
            270,
            147,
            148,
            150,
            28,
            414,
            420,
            550,
            432,
            177,
            433,
            308,
            331,
            79,
            210,
            467,
            597,
            92,
            93,
            220,
            98,
            227,
            484,
            358,
            105,
            365,
            241,
            383
        ],
        "reviewed": true,
        "user_excluded": [],
        "value": 1.4106703328705406
    },
    "Ar39": {
        "error": 0.027230227466936915,
        "error_type": "SEM",
        "filter_outliers_dict": {
            "filter_outliers": true,
            "iterations": 1,
            "std_devs": 2,
            "use_standard_deviation_filtering": false
        },
        "fit": "Parabolic",
        "fn": 574,
        "include_baseline_error": false,
        "n": 600,
        "outlier_excluded": [
            264,
            138,
            27,
            155,
            156,
            35,
            40,
            41,
            170,
            171,
            46,
            303,
            438,
            445,
            447,
            452,
            458,
            467,
            473,
            90,
            221,
            358,
            371,
            245,
            248,
            255
        ],
        "reviewed": true,
        "user_excluded": [],
        "value": 125.19593694990778
    },
    "Ar40": {
        "error": 0.01806952249848374,
        "error_type": "SEM",
        "filter_outliers_dict": {
            "filter_outliers": true,
            "iterations": 1,
            "std_devs": 2,
            "use_standard_deviation_filtering": false
        },
        "fit": "Parabolic",
        "fn": 575,
        "include_baseline_error": false,
        "n": 600,
        "outlier_excluded": [
            257,
            513,
            267,
            12,
            396,
            150,
            281,
            289,
            557,
            302,
            310,
            56,
            443,
            316,
            191,
            72,
            73,
            596,
            480,
            97,
            357,
            233,
            362,
            109,
            237
        ],
        "reviewed": true,
        "user_excluded": [],
        "value": 46.58388905142935
    },
    "Ar41": {
        "error": 0.0046339107557175655,
        "error_type": "SEM",
        "filter_outliers_dict": {
            "filter_outliers": true,
            "iterations": 1,
            "std_devs": 2,
            "use_standard_deviation_filtering": false
        },
        "fit": "average",
        "value": 0.21092019577792792
    }
}