{
    "Ar36": {
        "error": 0.00013789126108921452,
        "error_type": "SEM",
        "filter_outliers_dict": {
            "filter_outliers": true,
            "iterations": 1,
            "std_devs": 2,
            "use_standard_deviation_filtering": false
        },
        "fit": "Parabolic",
        "fn": 569,
        "include_baseline_error": false,
        "n": 600,
        "outlier_excluded": [
            517,
            525,
            148,
            425,
            427,
            428,
            437,
            568,
            313,
            570,
            444,
            574,
            447,
            195,
            581,
            586,
            589,
            80,
            81,
            208,
            211,
            466,
            469,
            592,
            479,
            353,
            488,
            237,
            496,
            375,
            503
        ],
        "reviewed": true,
        "user_excluded": [],
        "value": 0.004577755386320149
    },
    "Ar37": {
        "error": 0.010634812782397406,
        "error_type": "SEM",
        "filter_outliers_dict": {
            "filter_outliers": true,
            "iterations": 1,
            "std_devs": 2,
            "use_standard_deviation_filtering": false
        },
        "fit": "Linear",
        "fn": 575,
        "include_baseline_error": false,
        "n": 600,
        "outlier_excluded": [
            259,
            388,
            270,
            274,
            150,
            534,
            413,
            39,
            554,
            305,
            447,
            450,
            586,
            75,
            337,
            593,
            472,
            217,
            95,
            480,
            361,
            112,
            243,
            116,
            511
        ],
        "reviewed": true,
        "user_excluded": [],
        "value": 0.05946396448553862
    },
    "Ar38": {
        "error": 0.01147340108882408,
        "error_type": "SEM",
        "filter_outliers_dict": {
            "filter_outliers": true,
            "iterations": 1,
            "std_devs": 2,
            "use_standard_deviation_filtering": false
        },
        "fit": "Linear",
        "fn": 573,
        "include_baseline_error": false,
        "n": 600,
        "outlier_excluded": [
            386,
            392,
            534,
            152,
            408,
            282,
            285,
            36,
            295,
            561,
            53,
            311,
            440,
            313,
            445,
            447,
            329,
            461,
            590,
            211,
            477,
            228,
            229,
            487,
            360,
            240,
            247
        ],
        "reviewed": true,
        "user_excluded": [],
        "value": 0.6828801471657837
    },
    "Ar39": {
        "error": 0.022356387104730695,
        "error_type": "SEM",
        "filter_outliers_dict": {
            "filter_outliers": true,
            "iterations": 1,
            "std_devs": 2,
            "use_standard_deviation_filtering": false
        },
        "fit": "Parabolic",
        "fn": 574,
        "include_baseline_error": false,
        "n": 600,
        "outlier_excluded": [
            139,
            13,
            20,
            276,
            281,
            410,
            161,
            295,
            552,
            569,
            186,
            61,
            573,
            63,
            64,
            65,
            68,
            197,
            202,
            467,
            341,
            86,
            471,
            363,
            372,
            505
        ],
        "reviewed": true,
        "user_excluded": [],
        "value": 67.30633631312301
    },
    "Ar40": {
        "error": 0.01676536143885418,
        "error_type": "SEM",
        "filter_outliers_dict": {
            "filter_outliers": true,
            "iterations": 1,
            "std_devs": 2,
            "use_standard_deviation_filtering": false
        },
        "fit": "Parabolic",
        "fn": 572,
        "include_baseline_error": false,
        "n": 600,
        "outlier_excluded": [
            1,
            260,
            516,
            391,
            394,
            269,
            21,
            536,
            282,
            288,
            294,
            424,
            428,
            306,
            311,
            188,
            449,
            577,
            582,
            341,
            349,
            480,
            229,
            102,
            488,
            242,
            376,
            125
        ],
        "reviewed": true,
        "user_excluded": [],
        "value": 24.438767984706885
    },
    "Ar41": {
        "error": 0.004578969945758977,
        "error_type": "SEM",
        "filter_outliers_dict": {
            "filter_outliers": true,
            "iterations": 1,
            "std_devs": 2,
            "use_standard_deviation_filtering": false
        },
        "fit": "average",
        "value": 0.22193518339536017
    }
}