{
    "Ar36": {
        "error": 0.00017309918367630191,
        "error_type": "SEM",
        "filter_outliers_dict": {
            "filter_outliers": true,
            "iterations": 1,
            "std_devs": 2,
            "use_standard_deviation_filtering": false
        },
        "fit": "Parabolic",
        "fn": 576,
        "include_baseline_error": false,
        "n": 600,
        "outlier_excluded": [
            263,
            141,
            526,
            530,
            538,
            419,
            427,
            570,
            316,
            574,
            449,
            581,
            454,
            585,
            204,
            77,
            460,
            345,
            480,
            99,
            361,
            373,
            376,
            377
        ],
        "reviewed": true,
        "user_excluded": [],
        "value": 0.007017221102235649
    },
    "Ar37": {
        "error": 0.009544229065034864,
        "error_type": "SEM",
        "filter_outliers_dict": {
            "filter_outliers": true,
            "iterations": 1,
            "std_devs": 2,
            "use_standard_deviation_filtering": false
        },
        "fit": "Linear",
        "fn": 573,
        "include_baseline_error": false,
        "n": 600,
        "outlier_excluded": [
            517,
            518,
            135,
            17,
            406,
            279,
            536,
            540,
            413,
            287,
            160,
            561,
            324,
            581,
            203,
            76,
            459,
            461,
            344,
            488,
            109,
            110,
            365,
            117,
            502,
            375,
            120
        ],
        "reviewed": true,
        "user_excluded": [],
        "value": 0.05031794931048854
    },
    "Ar38": {
        "error": 0.013548667636826613,
        "error_type": "SEM",
        "filter_outliers_dict": {
            "filter_outliers": true,
            "iterations": 1,
            "std_devs": 2,
            "use_standard_deviation_filtering": false
        },
        "fit": "Linear",
        "fn": 584,
        "include_baseline_error": false,
        "n": 600,
        "outlier_excluded": [
            96,
            97,
            224,
            135,
            167,
            169,
            269,
            493,
            146,
            51,
            405,
            407,
            25,
            219,
            188,
            283
        ],
        "reviewed": true,
        "user_excluded": [],
        "value": 0.13481292570320713
    },
    "Ar39": {
        "error": 0.017084415660141544,
        "error_type": "SEM",
        "filter_outliers_dict": {
            "filter_outliers": true,
            "iterations": 1,
            "std_devs": 2,
            "use_standard_deviation_filtering": false
        },
        "fit": "Parabolic",
        "fn": 572,
        "include_baseline_error": false,
        "n": 600,
        "outlier_excluded": [
            514,
            144,
            153,
            283,
            413,
            414,
            289,
            428,
            556,
            314,
            324,
            454,
            455,
            458,
            80,
            208,
            83,
            84,
            467,
            86,
            353,
            486,
            107,
            235,
            113,
            116,
            245,
            506
        ],
        "reviewed": true,
        "user_excluded": [],
        "value": 26.470541223345478
    },
    "Ar40": {
        "error": 0.018783175439685947,
        "error_type": "SEM",
        "filter_outliers_dict": {
            "filter_outliers": true,
            "iterations": 1,
            "std_devs": 2,
            "use_standard_deviation_filtering": false
        },
        "fit": "Parabolic",
        "fn": 568,
        "include_baseline_error": false,
        "n": 600,
        "outlier_excluded": [
            0,
            6,
            264,
            521,
            11,
            399,
            400,
            19,
            150,
            24,
            152,
            156,
            543,
            429,
            46,
            558,
            559,
            177,
            183,
            63,
            199,
            74,
            461,
            598,
            349,
            231,
            107,
            114,
            242,
            244,
            374,
            380
        ],
        "reviewed": true,
        "user_excluded": [],
        "value": 11.224212273812988
    },
    "Ar41": {
        "error": 0.0049875470593533314,
        "error_type": "SEM",
        "filter_outliers_dict": {
            "filter_outliers": true,
            "iterations": 1,
            "std_devs": 2,
            "use_standard_deviation_filtering": false
        },
        "fit": "average",
        "value": 0.21170596112966045
    }
}