{
    "Ar36": {
        "error": 0.0001316370066578538,
        "error_type": "SEM",
        "filter_outliers_dict": {
            "filter_outliers": true,
            "iterations": 1,
            "std_devs": 2,
            "use_standard_deviation_filtering": false
        },
        "fit": "Parabolic",
        "fn": 568,
        "include_baseline_error": false,
        "n": 600,
        "outlier_excluded": [
            0,
            514,
            519,
            522,
            525,
            276,
            407,
            415,
            429,
            559,
            560,
            307,
            311,
            568,
            441,
            443,
            191,
            320,
            578,
            453,
            455,
            585,
            77,
            465,
            466,
            215,
            473,
            223,
            224,
            229,
            234,
            495
        ],
        "reviewed": true,
        "user_excluded": [],
        "value": 0.0038090517502010466
    },
    "Ar37": {
        "error": 0.009865902016602578,
        "error_type": "SEM",
        "filter_outliers_dict": {
            "filter_outliers": true,
            "iterations": 1,
            "std_devs": 2,
            "use_standard_deviation_filtering": false
        },
        "fit": "Linear",
        "fn": 569,
        "include_baseline_error": false,
        "n": 600,
        "outlier_excluded": [
            1,
            258,
            5,
            265,
            148,
            539,
            542,
            295,
            551,
            426,
            172,
            305,
            184,
            446,
            62,
            64,
            318,
            200,
            584,
            586,
            459,
            587,
            205,
            589,
            465,
            214,
            473,
            219,
            97,
            492,
            109
        ],
        "reviewed": true,
        "user_excluded": [],
        "value": 0.05535910970490066
    },
    "Ar38": {
        "error": 0.013122426975422284,
        "error_type": "SEM",
        "filter_outliers_dict": {
            "filter_outliers": true,
            "iterations": 1,
            "std_devs": 2,
            "use_standard_deviation_filtering": false
        },
        "fit": "Linear",
        "fn": 579,
        "include_baseline_error": false,
        "n": 600,
        "outlier_excluded": [
            128,
            67,
            4,
            37,
            583,
            297,
            266,
            393,
            493,
            175,
            367,
            180,
            85,
            404,
            468,
            535,
            409,
            564,
            284,
            444,
            95
        ],
        "reviewed": true,
        "user_excluded": [],
        "value": 0.12591909503390397
    },
    "Ar39": {
        "error": 0.017030111141300496,
        "error_type": "SEM",
        "filter_outliers_dict": {
            "filter_outliers": true,
            "iterations": 1,
            "std_devs": 2,
            "use_standard_deviation_filtering": false
        },
        "fit": "Parabolic",
        "fn": 574,
        "include_baseline_error": false,
        "n": 600,
        "outlier_excluded": [
            396,
            274,
            407,
            280,
            164,
            171,
            174,
            430,
            439,
            186,
            192,
            448,
            579,
            326,
            584,
            459,
            587,
            333,
            592,
            219,
            95,
            232,
            492,
            115,
            243,
            511
        ],
        "reviewed": true,
        "user_excluded": [],
        "value": 24.648801276695387
    },
    "Ar40": {
        "error": 0.01637677833207591,
        "error_type": "SEM",
        "filter_outliers_dict": {
            "filter_outliers": true,
            "iterations": 1,
            "std_devs": 2,
            "use_standard_deviation_filtering": false
        },
        "fit": "Parabolic",
        "fn": 575,
        "include_baseline_error": false,
        "n": 600,
        "outlier_excluded": [
            128,
            398,
            272,
            530,
            532,
            282,
            413,
            415,
            548,
            38,
            426,
            57,
            445,
            62,
            588,
            205,
            80,
            336,
            222,
            483,
            485,
            230,
            358,
            365,
            366
        ],
        "reviewed": true,
        "user_excluded": [],
        "value": 9.569096923305723
    },
    "Ar41": {
        "error": 0.0049151979935467115,
        "error_type": "SEM",
        "filter_outliers_dict": {
            "filter_outliers": true,
            "iterations": 1,
            "std_devs": 2,
            "use_standard_deviation_filtering": false
        },
        "fit": "average",
        "value": 0.21944418337706625
    }
}