{
    "Ar36": {
        "error": 0.00015046438943323577,
        "error_type": "SEM",
        "filter_outliers_dict": {
            "filter_outliers": true,
            "iterations": 1,
            "std_devs": 2,
            "use_standard_deviation_filtering": false
        },
        "fit": "Parabolic",
        "fn": 574,
        "include_baseline_error": false,
        "n": 600,
        "outlier_excluded": [
            524,
            525,
            271,
            530,
            406,
            152,
            282,
            285,
            544,
            34,
            558,
            184,
            314,
            443,
            444,
            456,
            208,
            338,
            468,
            469,
            85,
            86,
            368,
            373,
            508,
            381
        ],
        "reviewed": true,
        "user_excluded": [],
        "value": 0.005750519118458693
    },
    "Ar37": {
        "error": 0.010157072741408302,
        "error_type": "SEM",
        "filter_outliers_dict": {
            "filter_outliers": true,
            "iterations": 1,
            "std_devs": 2,
            "use_standard_deviation_filtering": false
        },
        "fit": "Linear",
        "fn": 576,
        "include_baseline_error": false,
        "n": 600,
        "outlier_excluded": [
            272,
            401,
            405,
            23,
            537,
            160,
            161,
            419,
            40,
            430,
            186,
            319,
            203,
            335,
            210,
            215,
            472,
            218,
            98,
            484,
            241,
            251,
            124,
            509
        ],
        "reviewed": true,
        "user_excluded": [],
        "value": 0.058854040221568225
    },
    "Ar38": {
        "error": 0.012202159060035588,
        "error_type": "SEM",
        "filter_outliers_dict": {
            "filter_outliers": true,
            "iterations": 1,
            "std_devs": 2,
            "use_standard_deviation_filtering": false
        },
        "fit": "Linear",
        "fn": 574,
        "include_baseline_error": false,
        "n": 600,
        "outlier_excluded": [
            129,
            514,
            527,
            19,
            285,
            42,
            442,
            59,
            573,
            326,
            456,
            460,
            594,
            86,
            342,
            216,
            217,
            344,
            350,
            227,
            101,
            102,
            490,
            241,
            509,
            255
        ],
        "reviewed": true,
        "user_excluded": [],
        "value": 0.43378867823808875
    },
    "Ar39": {
        "error": 0.02027762941489997,
        "error_type": "SEM",
        "filter_outliers_dict": {
            "filter_outliers": true,
            "iterations": 1,
            "std_devs": 2,
            "use_standard_deviation_filtering": false
        },
        "fit": "Parabolic",
        "fn": 574,
        "include_baseline_error": false,
        "n": 600,
        "outlier_excluded": [
            7,
            136,
            265,
            529,
            279,
            415,
            416,
            424,
            427,
            428,
            173,
            177,
            561,
            567,
            452,
            199,
            208,
            596,
            342,
            347,
            475,
            106,
            501,
            507,
            126,
            383
        ],
        "reviewed": true,
        "user_excluded": [],
        "value": 48.48677820204156
    },
    "Ar40": {
        "error": 0.016660865458415237,
        "error_type": "SEM",
        "filter_outliers_dict": {
            "filter_outliers": true,
            "iterations": 1,
            "std_devs": 2,
            "use_standard_deviation_filtering": false
        },
        "fit": "Parabolic",
        "fn": 573,
        "include_baseline_error": false,
        "n": 600,
        "outlier_excluded": [
            129,
            257,
            4,
            408,
            31,
            290,
            36,
            420,
            39,
            426,
            427,
            177,
            433,
            307,
            183,
            187,
            459,
            461,
            334,
            467,
            469,
            86,
            223,
            354,
            489,
            238,
            120
        ],
        "reviewed": true,
        "user_excluded": [],
        "value": 18.331490510468853
    },
    "Ar41": {
        "error": 0.004971394224167532,
        "error_type": "SEM",
        "filter_outliers_dict": {
            "filter_outliers": true,
            "iterations": 1,
            "std_devs": 2,
            "use_standard_deviation_filtering": false
        },
        "fit": "average",
        "value": 0.2167566703513528
    }
}