{
    "Ar36": {
        "error": 0.00015418301971207023,
        "error_type": "SEM",
        "filter_outliers_dict": {
            "filter_outliers": true,
            "iterations": 1,
            "std_devs": 2,
            "use_standard_deviation_filtering": false
        },
        "fit": "Parabolic",
        "fn": 572,
        "include_baseline_error": false,
        "n": 600,
        "outlier_excluded": [
            259,
            4,
            515,
            393,
            139,
            144,
            537,
            539,
            284,
            161,
            294,
            425,
            42,
            561,
            564,
            313,
            571,
            447,
            330,
            586,
            460,
            588,
            483,
            366,
            370,
            117,
            504,
            127
        ],
        "reviewed": true,
        "user_excluded": [],
        "value": 0.006025318085939691
    },
    "Ar37": {
        "error": 0.010796612243595922,
        "error_type": "SEM",
        "filter_outliers_dict": {
            "filter_outliers": true,
            "iterations": 1,
            "std_devs": 2,
            "use_standard_deviation_filtering": false
        },
        "fit": "Linear",
        "fn": 579,
        "include_baseline_error": false,
        "n": 600,
        "outlier_excluded": [
            128,
            544,
            36,
            37,
            68,
            7,
            70,
            134,
            10,
            233,
            484,
            16,
            113,
            274,
            307,
            595,
            377,
            250,
            346,
            349,
            542
        ],
        "reviewed": true,
        "user_excluded": [],
        "value": 0.06710162735262612
    },
    "Ar38": {
        "error": 0.011334292158859187,
        "error_type": "SEM",
        "filter_outliers_dict": {
            "filter_outliers": true,
            "iterations": 1,
            "std_devs": 2,
            "use_standard_deviation_filtering": false
        },
        "fit": "Linear",
        "fn": 573,
        "include_baseline_error": false,
        "n": 600,
        "outlier_excluded": [
            257,
            265,
            10,
            266,
            523,
            274,
            27,
            157,
            290,
            163,
            553,
            426,
            181,
            190,
            574,
            71,
            76,
            84,
            95,
            493,
            112,
            496,
            497,
            371,
            372,
            122,
            254
        ],
        "reviewed": true,
        "user_excluded": [],
        "value": 0.8387940127531472
    },
    "Ar39": {
        "error": 0.021736128054969023,
        "error_type": "SEM",
        "filter_outliers_dict": {
            "filter_outliers": true,
            "iterations": 1,
            "std_devs": 2,
            "use_standard_deviation_filtering": false
        },
        "fit": "Parabolic",
        "fn": 570,
        "include_baseline_error": false,
        "n": 600,
        "outlier_excluded": [
            258,
            133,
            523,
            140,
            525,
            535,
            421,
            549,
            423,
            297,
            298,
            555,
            556,
            46,
            47,
            567,
            568,
            190,
            589,
            590,
            85,
            94,
            225,
            354,
            110,
            115,
            247,
            251,
            509,
            510
        ],
        "reviewed": true,
        "user_excluded": [],
        "value": 77.64804705071205
    },
    "Ar40": {
        "error": 0.018078979700108747,
        "error_type": "SEM",
        "filter_outliers_dict": {
            "filter_outliers": true,
            "iterations": 1,
            "std_devs": 2,
            "use_standard_deviation_filtering": false
        },
        "fit": "Parabolic",
        "fn": 573,
        "include_baseline_error": false,
        "n": 600,
        "outlier_excluded": [
            258,
            3,
            132,
            16,
            19,
            531,
            153,
            36,
            164,
            423,
            563,
            569,
            315,
            448,
            195,
            196,
            199,
            79,
            210,
            84,
            226,
            490,
            109,
            493,
            242,
            374,
            379
        ],
        "reviewed": true,
        "user_excluded": [],
        "value": 28.59855849444978
    },
    "Ar41": {
        "error": 0.0047276300970919135,
        "error_type": "SEM",
        "filter_outliers_dict": {
            "filter_outliers": true,
            "iterations": 1,
            "std_devs": 2,
            "use_standard_deviation_filtering": false
        },
        "fit": "average",
        "value": 0.21722952699375986
    }
}