{
    "Ar36": {
        "error": 0.00021656725480826157,
        "error_type": "SEM",
        "filter_outliers_dict": {
            "filter_outliers": true,
            "iterations": 1,
            "std_devs": 2,
            "use_standard_deviation_filtering": false
        },
        "fit": "Parabolic",
        "fn": 579,
        "include_baseline_error": false,
        "n": 600,
        "outlier_excluded": [
            225,
            130,
            194,
            513,
            493,
            270,
            303,
            49,
            306,
            595,
            148,
            373,
            436,
            375,
            566,
            596,
            154,
            347,
            156,
            317,
            222
        ],
        "reviewed": true,
        "user_excluded": [],
        "value": 0.01656417266078494
    },
    "Ar37": {
        "error": 0.00987468517350596,
        "error_type": "SEM",
        "filter_outliers_dict": {
            "filter_outliers": true,
            "iterations": 1,
            "std_devs": 2,
            "use_standard_deviation_filtering": false
        },
        "fit": "Linear",
        "fn": 569,
        "include_baseline_error": false,
        "n": 600,
        "outlier_excluded": [
            132,
            135,
            136,
            264,
            270,
            278,
            279,
            534,
            155,
            29,
            416,
            36,
            41,
            171,
            174,
            302,
            55,
            63,
            321,
            449,
            71,
            586,
            589,
            591,
            467,
            351,
            483,
            102,
            107,
            235,
            498
        ],
        "reviewed": true,
        "user_excluded": [],
        "value": 0.16147995221274847
    },
    "Ar38": {
        "error": 0.011490141223058145,
        "error_type": "SEM",
        "filter_outliers_dict": {
            "filter_outliers": true,
            "iterations": 1,
            "std_devs": 2,
            "use_standard_deviation_filtering": false
        },
        "fit": "Linear",
        "fn": 580,
        "include_baseline_error": false,
        "n": 600,
        "outlier_excluded": [
            417,
            226,
            324,
            168,
            457,
            298,
            362,
            273,
            305,
            51,
            116,
            277,
            373,
            55,
            434,
            561,
            122,
            60,
            252,
            415
        ],
        "reviewed": true,
        "user_excluded": [],
        "value": 0.07519480174967774
    },
    "Ar39": {
        "error": 0.017771424925222074,
        "error_type": "SEM",
        "filter_outliers_dict": {
            "filter_outliers": true,
            "iterations": 1,
            "std_devs": 2,
            "use_standard_deviation_filtering": false
        },
        "fit": "Parabolic",
        "fn": 568,
        "include_baseline_error": false,
        "n": 600,
        "outlier_excluded": [
            257,
            7,
            392,
            520,
            138,
            528,
            412,
            541,
            542,
            292,
            293,
            549,
            550,
            40,
            551,
            554,
            49,
            56,
            69,
            70,
            197,
            199,
            335,
            469,
            478,
            104,
            493,
            113,
            114,
            241,
            373,
            375
        ],
        "reviewed": true,
        "user_excluded": [],
        "value": 23.730574097108864
    },
    "Ar40": {
        "error": 0.016308650615553855,
        "error_type": "SEM",
        "filter_outliers_dict": {
            "filter_outliers": true,
            "iterations": 1,
            "std_devs": 2,
            "use_standard_deviation_filtering": false
        },
        "fit": "Parabolic",
        "fn": 567,
        "include_baseline_error": false,
        "n": 600,
        "outlier_excluded": [
            129,
            516,
            6,
            7,
            135,
            136,
            12,
            151,
            155,
            545,
            554,
            172,
            301,
            304,
            432,
            560,
            436,
            182,
            58,
            570,
            319,
            324,
            454,
            582,
            332,
            340,
            470,
            223,
            224,
            101,
            365,
            120,
            126
        ],
        "reviewed": true,
        "user_excluded": [],
        "value": 13.308562917948741
    },
    "Ar41": {
        "error": 0.004546479871304885,
        "error_type": "SEM",
        "filter_outliers_dict": {
            "filter_outliers": true,
            "iterations": 1,
            "std_devs": 2,
            "use_standard_deviation_filtering": false
        },
        "fit": "average",
        "value": 0.2091818842552508
    }
}