{
    "Ar36": {
        "error": 0.00018791906033818244,
        "error_type": "SEM",
        "filter_outliers_dict": {
            "filter_outliers": true,
            "iterations": 1,
            "std_devs": 2,
            "use_standard_deviation_filtering": false
        },
        "fit": "Parabolic",
        "fn": 567,
        "include_baseline_error": false,
        "n": 600,
        "outlier_excluded": [
            512,
            259,
            134,
            521,
            269,
            278,
            410,
            283,
            542,
            164,
            548,
            549,
            167,
            169,
            305,
            434,
            56,
            58,
            444,
            201,
            587,
            81,
            344,
            474,
            225,
            485,
            492,
            370,
            498,
            505,
            506,
            508,
            254
        ],
        "reviewed": true,
        "user_excluded": [],
        "value": 0.011821669239020288
    },
    "Ar37": {
        "error": 0.010490857259848715,
        "error_type": "SEM",
        "filter_outliers_dict": {
            "filter_outliers": true,
            "iterations": 1,
            "std_devs": 2,
            "use_standard_deviation_filtering": false
        },
        "fit": "Linear",
        "fn": 572,
        "include_baseline_error": false,
        "n": 600,
        "outlier_excluded": [
            2,
            517,
            263,
            8,
            140,
            401,
            403,
            154,
            155,
            538,
            540,
            165,
            167,
            298,
            43,
            427,
            191,
            63,
            65,
            579,
            460,
            346,
            219,
            354,
            99,
            357,
            491,
            366
        ],
        "reviewed": true,
        "user_excluded": [],
        "value": 0.16097303857100073
    },
    "Ar38": {
        "error": 0.011928799237801194,
        "error_type": "SEM",
        "filter_outliers_dict": {
            "filter_outliers": true,
            "iterations": 1,
            "std_devs": 2,
            "use_standard_deviation_filtering": false
        },
        "fit": "Linear",
        "fn": 580,
        "include_baseline_error": false,
        "n": 600,
        "outlier_excluded": [
            574,
            449,
            166,
            202,
            299,
            108,
            331,
            430,
            522,
            112,
            49,
            145,
            20,
            56,
            314,
            315,
            442,
            93,
            507,
            510
        ],
        "reviewed": true,
        "user_excluded": [],
        "value": 0.34531266907680314
    },
    "Ar39": {
        "error": 0.01822286324484343,
        "error_type": "SEM",
        "filter_outliers_dict": {
            "filter_outliers": true,
            "iterations": 1,
            "std_devs": 2,
            "use_standard_deviation_filtering": false
        },
        "fit": "Parabolic",
        "fn": 572,
        "include_baseline_error": false,
        "n": 600,
        "outlier_excluded": [
            511,
            514,
            7,
            149,
            281,
            154,
            155,
            424,
            425,
            440,
            313,
            312,
            195,
            458,
            75,
            334,
            466,
            87,
            88,
            474,
            349,
            482,
            231,
            238,
            251,
            253,
            510,
            255
        ],
        "reviewed": true,
        "user_excluded": [],
        "value": 40.92659077738286
    },
    "Ar40": {
        "error": 0.019383216233516524,
        "error_type": "SEM",
        "filter_outliers_dict": {
            "filter_outliers": true,
            "iterations": 1,
            "std_devs": 2,
            "use_standard_deviation_filtering": false
        },
        "fit": "Parabolic",
        "fn": 573,
        "include_baseline_error": false,
        "n": 600,
        "outlier_excluded": [
            0,
            1,
            129,
            3,
            386,
            5,
            519,
            141,
            145,
            18,
            426,
            554,
            172,
            430,
            47,
            564,
            182,
            438,
            184,
            570,
            571,
            580,
            457,
            208,
            344,
            486,
            382
        ],
        "reviewed": true,
        "user_excluded": [],
        "value": 17.730088103509033
    },
    "Ar41": {
        "error": 0.004874865854895121,
        "error_type": "SEM",
        "filter_outliers_dict": {
            "filter_outliers": true,
            "iterations": 1,
            "std_devs": 2,
            "use_standard_deviation_filtering": false
        },
        "fit": "average",
        "value": 0.20741822193441734
    }
}