{
    "Ar36": {
        "error": 0.00016069396919935933,
        "error_type": "SEM",
        "filter_outliers_dict": {
            "filter_outliers": true,
            "iterations": 1,
            "std_devs": 2,
            "use_standard_deviation_filtering": false
        },
        "fit": "Parabolic",
        "fn": 576,
        "include_baseline_error": false,
        "n": 600,
        "outlier_excluded": [
            384,
            385,
            386,
            265,
            534,
            154,
            34,
            165,
            549,
            167,
            558,
            435,
            314,
            318,
            446,
            68,
            337,
            484,
            488,
            237,
            239,
            377,
            378,
            251
        ],
        "reviewed": true,
        "user_excluded": [],
        "value": 0.006948495951300083
    },
    "Ar37": {
        "error": 0.010871680769088836,
        "error_type": "SEM",
        "filter_outliers_dict": {
            "filter_outliers": true,
            "iterations": 1,
            "std_devs": 2,
            "use_standard_deviation_filtering": false
        },
        "fit": "Linear",
        "fn": 580,
        "include_baseline_error": false,
        "n": 600,
        "outlier_excluded": [
            96,
            65,
            385,
            512,
            293,
            459,
            333,
            334,
            239,
            497,
            498,
            500,
            86,
            151,
            184,
            379,
            411,
            412,
            286,
            445
        ],
        "reviewed": true,
        "user_excluded": [],
        "value": 0.12831354258930872
    },
    "Ar38": {
        "error": 0.012428651828100476,
        "error_type": "SEM",
        "filter_outliers_dict": {
            "filter_outliers": true,
            "iterations": 1,
            "std_devs": 2,
            "use_standard_deviation_filtering": false
        },
        "fit": "Linear",
        "fn": 582,
        "include_baseline_error": false,
        "n": 600,
        "outlier_excluded": [
            291,
            196,
            548,
            166,
            332,
            45,
            14,
            367,
            525,
            467,
            213,
            470,
            408,
            314,
            60,
            573,
            574,
            575
        ],
        "reviewed": true,
        "user_excluded": [],
        "value": 0.18652343025233797
    },
    "Ar39": {
        "error": 0.018388956123142956,
        "error_type": "SEM",
        "filter_outliers_dict": {
            "filter_outliers": true,
            "iterations": 1,
            "std_devs": 2,
            "use_standard_deviation_filtering": false
        },
        "fit": "Parabolic",
        "fn": 574,
        "include_baseline_error": false,
        "n": 600,
        "outlier_excluded": [
            133,
            393,
            396,
            272,
            276,
            280,
            281,
            284,
            285,
            288,
            162,
            166,
            294,
            168,
            296,
            186,
            62,
            455,
            459,
            587,
            205,
            336,
            100,
            369,
            375,
            121
        ],
        "reviewed": true,
        "user_excluded": [],
        "value": 30.153960254884026
    },
    "Ar40": {
        "error": 0.01861308243671849,
        "error_type": "SEM",
        "filter_outliers_dict": {
            "filter_outliers": true,
            "iterations": 1,
            "std_devs": 2,
            "use_standard_deviation_filtering": false
        },
        "fit": "Parabolic",
        "fn": 570,
        "include_baseline_error": false,
        "n": 600,
        "outlier_excluded": [
            1,
            5,
            6,
            7,
            135,
            267,
            268,
            273,
            18,
            402,
            531,
            532,
            541,
            32,
            33,
            546,
            165,
            171,
            310,
            573,
            574,
            575,
            474,
            100,
            357,
            110,
            241,
            115,
            118,
            376
        ],
        "reviewed": true,
        "user_excluded": [],
        "value": 12.533574108745722
    },
    "Ar41": {
        "error": 0.004961636897472991,
        "error_type": "SEM",
        "filter_outliers_dict": {
            "filter_outliers": true,
            "iterations": 1,
            "std_devs": 2,
            "use_standard_deviation_filtering": false
        },
        "fit": "average",
        "value": 0.1974642558256164
    }
}