{
    "Ar36": {
        "error": 0.00018593245618926646,
        "error_type": "SEM",
        "filter_outliers_dict": {
            "filter_outliers": true,
            "iterations": 1,
            "std_devs": 2,
            "use_standard_deviation_filtering": false
        },
        "fit": "Parabolic",
        "fn": 569,
        "include_baseline_error": false,
        "n": 600,
        "outlier_excluded": [
            0,
            257,
            387,
            138,
            394,
            150,
            536,
            412,
            287,
            39,
            427,
            172,
            432,
            564,
            439,
            313,
            65,
            450,
            70,
            331,
            587,
            463,
            468,
            353,
            111,
            242,
            246,
            249,
            250,
            505,
            380
        ],
        "reviewed": true,
        "user_excluded": [],
        "value": 0.014171876995778768
    },
    "Ar37": {
        "error": 0.010292814663152246,
        "error_type": "SEM",
        "filter_outliers_dict": {
            "filter_outliers": true,
            "iterations": 1,
            "std_devs": 2,
            "use_standard_deviation_filtering": false
        },
        "fit": "Linear",
        "fn": 573,
        "include_baseline_error": false,
        "n": 600,
        "outlier_excluded": [
            1,
            386,
            131,
            132,
            515,
            150,
            432,
            305,
            560,
            568,
            195,
            323,
            452,
            458,
            76,
            334,
            463,
            83,
            343,
            92,
            93,
            491,
            492,
            366,
            239,
            371,
            126
        ],
        "reviewed": true,
        "user_excluded": [],
        "value": 0.15637490646072286
    },
    "Ar38": {
        "error": 0.011966565936872241,
        "error_type": "SEM",
        "filter_outliers_dict": {
            "filter_outliers": true,
            "iterations": 1,
            "std_devs": 2,
            "use_standard_deviation_filtering": false
        },
        "fit": "Linear",
        "fn": 575,
        "include_baseline_error": false,
        "n": 600,
        "outlier_excluded": [
            257,
            133,
            147,
            20,
            276,
            538,
            156,
            419,
            164,
            41,
            300,
            435,
            452,
            329,
            203,
            467,
            476,
            487,
            363,
            495,
            372,
            249,
            250,
            505,
            254
        ],
        "reviewed": true,
        "user_excluded": [],
        "value": 0.14392484766932118
    },
    "Ar39": {
        "error": 0.018612812619842843,
        "error_type": "SEM",
        "filter_outliers_dict": {
            "filter_outliers": true,
            "iterations": 1,
            "std_devs": 2,
            "use_standard_deviation_filtering": false
        },
        "fit": "Parabolic",
        "fn": 572,
        "include_baseline_error": false,
        "n": 600,
        "outlier_excluded": [
            511,
            387,
            13,
            278,
            24,
            287,
            36,
            434,
            308,
            309,
            55,
            56,
            322,
            325,
            328,
            80,
            592,
            82,
            341,
            88,
            93,
            478,
            225,
            232,
            236,
            503,
            254,
            255
        ],
        "reviewed": true,
        "user_excluded": [],
        "value": 26.190142380585346
    },
    "Ar40": {
        "error": 0.01608904495054112,
        "error_type": "SEM",
        "filter_outliers_dict": {
            "filter_outliers": true,
            "iterations": 1,
            "std_devs": 2,
            "use_standard_deviation_filtering": false
        },
        "fit": "Parabolic",
        "fn": 565,
        "include_baseline_error": false,
        "n": 600,
        "outlier_excluded": [
            130,
            261,
            139,
            12,
            523,
            142,
            527,
            17,
            145,
            275,
            543,
            32,
            417,
            550,
            423,
            297,
            565,
            570,
            64,
            578,
            579,
            454,
            327,
            590,
            464,
            337,
            338,
            472,
            473,
            91,
            223,
            355,
            372,
            501,
            502
        ],
        "reviewed": true,
        "user_excluded": [],
        "value": 13.570131686045263
    },
    "Ar41": {
        "error": 0.005047920551075953,
        "error_type": "SEM",
        "filter_outliers_dict": {
            "filter_outliers": true,
            "iterations": 1,
            "std_devs": 2,
            "use_standard_deviation_filtering": false
        },
        "fit": "average",
        "value": 0.20606212916477332
    }
}