{
    "Ar36": {
        "error": 0.00017537563495378616,
        "error_type": "SEM",
        "filter_outliers_dict": {
            "filter_outliers": true,
            "iterations": 1,
            "std_devs": 2,
            "use_standard_deviation_filtering": false
        },
        "fit": "Parabolic",
        "fn": 570,
        "include_baseline_error": false,
        "n": 600,
        "outlier_excluded": [
            0,
            515,
            134,
            264,
            265,
            405,
            280,
            26,
            539,
            540,
            415,
            572,
            445,
            446,
            448,
            578,
            69,
            326,
            327,
            466,
            594,
            212,
            598,
            221,
            101,
            102,
            107,
            377,
            507,
            253
        ],
        "reviewed": true,
        "user_excluded": [],
        "value": 0.01025006035183308
    },
    "Ar37": {
        "error": 0.009385221619629493,
        "error_type": "SEM",
        "filter_outliers_dict": {
            "filter_outliers": true,
            "iterations": 1,
            "std_devs": 2,
            "use_standard_deviation_filtering": false
        },
        "fit": "Linear",
        "fn": 571,
        "include_baseline_error": false,
        "n": 600,
        "outlier_excluded": [
            514,
            262,
            520,
            271,
            274,
            27,
            156,
            30,
            288,
            289,
            306,
            179,
            308,
            445,
            574,
            455,
            201,
            585,
            78,
            81,
            83,
            341,
            219,
            223,
            361,
            237,
            247,
            509,
            383
        ],
        "reviewed": true,
        "user_excluded": [],
        "value": 0.16173932489543588
    },
    "Ar38": {
        "error": 0.012217521410275937,
        "error_type": "SEM",
        "filter_outliers_dict": {
            "filter_outliers": true,
            "iterations": 1,
            "std_devs": 2,
            "use_standard_deviation_filtering": false
        },
        "fit": "Linear",
        "fn": 582,
        "include_baseline_error": false,
        "n": 600,
        "outlier_excluded": [
            33,
            100,
            196,
            134,
            230,
            359,
            105,
            489,
            363,
            493,
            366,
            79,
            80,
            437,
            408,
            409,
            254,
            255
        ],
        "reviewed": true,
        "user_excluded": [],
        "value": 0.30312220640672527
    },
    "Ar39": {
        "error": 0.018480938270496995,
        "error_type": "SEM",
        "filter_outliers_dict": {
            "filter_outliers": true,
            "iterations": 1,
            "std_devs": 2,
            "use_standard_deviation_filtering": false
        },
        "fit": "Parabolic",
        "fn": 564,
        "include_baseline_error": false,
        "n": 600,
        "outlier_excluded": [
            2,
            130,
            131,
            263,
            137,
            396,
            524,
            528,
            533,
            408,
            281,
            409,
            155,
            411,
            285,
            159,
            549,
            39,
            441,
            322,
            329,
            330,
            333,
            466,
            83,
            84,
            219,
            223,
            227,
            359,
            104,
            362,
            236,
            371,
            247,
            127
        ],
        "reviewed": true,
        "user_excluded": [],
        "value": 36.728562989656474
    },
    "Ar40": {
        "error": 0.017731461237864503,
        "error_type": "SEM",
        "filter_outliers_dict": {
            "filter_outliers": true,
            "iterations": 1,
            "std_devs": 2,
            "use_standard_deviation_filtering": false
        },
        "fit": "Parabolic",
        "fn": 568,
        "include_baseline_error": false,
        "n": 600,
        "outlier_excluded": [
            1,
            142,
            16,
            23,
            411,
            33,
            161,
            425,
            173,
            557,
            50,
            566,
            55,
            567,
            185,
            441,
            187,
            317,
            575,
            65,
            579,
            218,
            219,
            95,
            480,
            225,
            101,
            102,
            360,
            361,
            492,
            239
        ],
        "reviewed": true,
        "user_excluded": [],
        "value": 15.73200625792483
    },
    "Ar41": {
        "error": 0.005042484721118251,
        "error_type": "SEM",
        "filter_outliers_dict": {
            "filter_outliers": true,
            "iterations": 1,
            "std_devs": 2,
            "use_standard_deviation_filtering": false
        },
        "fit": "average",
        "value": 0.20258945788085733
    }
}