{
    "Ar36": {
        "error": 0.00016219609672476004,
        "error_type": "SEM",
        "filter_outliers_dict": {
            "filter_outliers": true,
            "iterations": 1,
            "std_devs": 2,
            "use_standard_deviation_filtering": false
        },
        "fit": "Parabolic",
        "fn": 572,
        "include_baseline_error": false,
        "n": 600,
        "outlier_excluded": [
            516,
            391,
            519,
            522,
            400,
            146,
            538,
            283,
            541,
            288,
            289,
            36,
            552,
            553,
            561,
            307,
            564,
            59,
            316,
            574,
            575,
            588,
            589,
            592,
            351,
            228,
            364,
            368
        ],
        "reviewed": true,
        "user_excluded": [],
        "value": 0.009071122457664334
    },
    "Ar37": {
        "error": 0.010018471224970094,
        "error_type": "SEM",
        "filter_outliers_dict": {
            "filter_outliers": true,
            "iterations": 1,
            "std_devs": 2,
            "use_standard_deviation_filtering": false
        },
        "fit": "Linear",
        "fn": 568,
        "include_baseline_error": false,
        "n": 600,
        "outlier_excluded": [
            132,
            263,
            396,
            403,
            405,
            150,
            155,
            413,
            31,
            161,
            36,
            39,
            551,
            297,
            435,
            181,
            565,
            442,
            443,
            192,
            329,
            586,
            209,
            210,
            595,
            212,
            350,
            224,
            352,
            229,
            500,
            248
        ],
        "reviewed": true,
        "user_excluded": [],
        "value": 0.14674742303589366
    },
    "Ar38": {
        "error": 0.00990641318034566,
        "error_type": "SEM",
        "filter_outliers_dict": {
            "filter_outliers": true,
            "iterations": 1,
            "std_devs": 2,
            "use_standard_deviation_filtering": false
        },
        "fit": "Linear",
        "fn": 572,
        "include_baseline_error": false,
        "n": 600,
        "outlier_excluded": [
            530,
            531,
            404,
            283,
            30,
            288,
            289,
            163,
            422,
            551,
            425,
            427,
            187,
            446,
            192,
            456,
            593,
            345,
            92,
            360,
            234,
            491,
            112,
            113,
            241,
            369,
            510,
            127
        ],
        "reviewed": true,
        "user_excluded": [],
        "value": 0.49823387087542315
    },
    "Ar39": {
        "error": 0.020925892382435397,
        "error_type": "SEM",
        "filter_outliers_dict": {
            "filter_outliers": true,
            "iterations": 1,
            "std_devs": 2,
            "use_standard_deviation_filtering": false
        },
        "fit": "Parabolic",
        "fn": 574,
        "include_baseline_error": false,
        "n": 600,
        "outlier_excluded": [
            512,
            6,
            7,
            14,
            15,
            526,
            529,
            533,
            155,
            30,
            42,
            48,
            49,
            315,
            195,
            77,
            78,
            80,
            595,
            93,
            95,
            96,
            225,
            105,
            117,
            374
        ],
        "reviewed": true,
        "user_excluded": [],
        "value": 54.14358043900676
    },
    "Ar40": {
        "error": 0.017013692249773355,
        "error_type": "SEM",
        "filter_outliers_dict": {
            "filter_outliers": true,
            "iterations": 1,
            "std_devs": 2,
            "use_standard_deviation_filtering": false
        },
        "fit": "Parabolic",
        "fn": 574,
        "include_baseline_error": false,
        "n": 600,
        "outlier_excluded": [
            259,
            393,
            394,
            277,
            405,
            26,
            418,
            548,
            299,
            305,
            564,
            565,
            439,
            186,
            197,
            457,
            74,
            590,
            593,
            82,
            85,
            91,
            92,
            222,
            494,
            111
        ],
        "reviewed": true,
        "user_excluded": [],
        "value": 21.537526569733046
    },
    "Ar41": {
        "error": 0.004585758701404856,
        "error_type": "SEM",
        "filter_outliers_dict": {
            "filter_outliers": true,
            "iterations": 1,
            "std_devs": 2,
            "use_standard_deviation_filtering": false
        },
        "fit": "average",
        "value": 0.20726853979442794
    }
}