{
    "Ar36": {
        "error": 0.00018095971606086825,
        "error_type": "SEM",
        "filter_outliers_dict": {
            "filter_outliers": true,
            "iterations": 1,
            "std_devs": 2,
            "use_standard_deviation_filtering": false
        },
        "fit": "Parabolic",
        "fn": 571,
        "include_baseline_error": false,
        "n": 600,
        "outlier_excluded": [
            0,
            518,
            521,
            522,
            14,
            270,
            410,
            283,
            539,
            295,
            171,
            172,
            431,
            440,
            569,
            455,
            72,
            456,
            589,
            597,
            477,
            478,
            225,
            367,
            497,
            375,
            505,
            379,
            253
        ],
        "reviewed": true,
        "user_excluded": [],
        "value": 0.010496440057263225
    },
    "Ar37": {
        "error": 0.010488536696171245,
        "error_type": "SEM",
        "filter_outliers_dict": {
            "filter_outliers": true,
            "iterations": 1,
            "std_devs": 2,
            "use_standard_deviation_filtering": false
        },
        "fit": "Linear",
        "fn": 571,
        "include_baseline_error": false,
        "n": 600,
        "outlier_excluded": [
            3,
            5,
            389,
            26,
            410,
            538,
            419,
            292,
            423,
            554,
            299,
            300,
            174,
            53,
            55,
            313,
            441,
            316,
            320,
            201,
            79,
            339,
            469,
            474,
            95,
            488,
            110,
            366,
            503
        ],
        "reviewed": true,
        "user_excluded": [],
        "value": 0.16639989312038617
    },
    "Ar38": {
        "error": 0.010213655410038068,
        "error_type": "SEM",
        "filter_outliers_dict": {
            "filter_outliers": true,
            "iterations": 1,
            "std_devs": 2,
            "use_standard_deviation_filtering": false
        },
        "fit": "Linear",
        "fn": 575,
        "include_baseline_error": false,
        "n": 600,
        "outlier_excluded": [
            515,
            5,
            521,
            522,
            268,
            13,
            546,
            38,
            562,
            53,
            317,
            66,
            199,
            202,
            332,
            77,
            333,
            94,
            231,
            492,
            496,
            245,
            503,
            254,
            383
        ],
        "reviewed": true,
        "user_excluded": [],
        "value": 0.5518471381776717
    },
    "Ar39": {
        "error": 0.02084322948725632,
        "error_type": "SEM",
        "filter_outliers_dict": {
            "filter_outliers": true,
            "iterations": 1,
            "std_devs": 2,
            "use_standard_deviation_filtering": false
        },
        "fit": "Parabolic",
        "fn": 580,
        "include_baseline_error": false,
        "n": 600,
        "outlier_excluded": [
            257,
            482,
            131,
            229,
            453,
            519,
            73,
            523,
            49,
            529,
            180,
            501,
            565,
            566,
            408,
            536,
            90,
            250,
            251,
            125
        ],
        "reviewed": true,
        "user_excluded": [],
        "value": 56.26071038973815
    },
    "Ar40": {
        "error": 0.017954732732529337,
        "error_type": "SEM",
        "filter_outliers_dict": {
            "filter_outliers": true,
            "iterations": 1,
            "std_devs": 2,
            "use_standard_deviation_filtering": false
        },
        "fit": "Parabolic",
        "fn": 571,
        "include_baseline_error": false,
        "n": 600,
        "outlier_excluded": [
            1,
            2,
            395,
            396,
            528,
            17,
            18,
            147,
            530,
            152,
            420,
            166,
            552,
            297,
            425,
            432,
            442,
            447,
            579,
            580,
            75,
            209,
            337,
            595,
            98,
            499,
            500,
            246,
            507
        ],
        "reviewed": true,
        "user_excluded": [],
        "value": 22.95114592392371
    },
    "Ar41": {
        "error": 0.0049413957820810366,
        "error_type": "SEM",
        "filter_outliers_dict": {
            "filter_outliers": true,
            "iterations": 1,
            "std_devs": 2,
            "use_standard_deviation_filtering": false
        },
        "fit": "average",
        "value": 0.20095188783149914
    }
}