{
    "Ar36": {
        "error": 0.00017249134462441376,
        "error_type": "SEM",
        "filter_outliers_dict": {
            "filter_outliers": true,
            "iterations": 1,
            "std_devs": 2,
            "use_standard_deviation_filtering": false
        },
        "fit": "Parabolic",
        "fn": 572,
        "include_baseline_error": false,
        "n": 600,
        "outlier_excluded": [
            512,
            7,
            19,
            410,
            28,
            287,
            169,
            553,
            173,
            303,
            304,
            305,
            447,
            196,
            453,
            201,
            593,
            210,
            594,
            344,
            220,
            476,
            99,
            367,
            243,
            372,
            508,
            509
        ],
        "reviewed": true,
        "user_excluded": [],
        "value": 0.00987930042235194
    },
    "Ar37": {
        "error": 0.010146775909885586,
        "error_type": "SEM",
        "filter_outliers_dict": {
            "filter_outliers": true,
            "iterations": 1,
            "std_devs": 2,
            "use_standard_deviation_filtering": false
        },
        "fit": "Linear",
        "fn": 571,
        "include_baseline_error": false,
        "n": 600,
        "outlier_excluded": [
            521,
            11,
            399,
            148,
            281,
            282,
            284,
            33,
            290,
            549,
            298,
            48,
            432,
            178,
            561,
            54,
            184,
            574,
            65,
            460,
            206,
            209,
            210,
            215,
            216,
            217,
            218,
            240,
            371
        ],
        "reviewed": true,
        "user_excluded": [],
        "value": 0.16370397054342647
    },
    "Ar38": {
        "error": 0.01176289007384265,
        "error_type": "SEM",
        "filter_outliers_dict": {
            "filter_outliers": true,
            "iterations": 1,
            "std_devs": 2,
            "use_standard_deviation_filtering": false
        },
        "fit": "Linear",
        "fn": 577,
        "include_baseline_error": false,
        "n": 600,
        "outlier_excluded": [
            0,
            257,
            6,
            520,
            527,
            27,
            556,
            563,
            437,
            567,
            442,
            447,
            453,
            201,
            74,
            332,
            210,
            474,
            103,
            359,
            367,
            241,
            376
        ],
        "reviewed": true,
        "user_excluded": [],
        "value": 0.3180062645173279
    },
    "Ar39": {
        "error": 0.016741112558462216,
        "error_type": "SEM",
        "filter_outliers_dict": {
            "filter_outliers": true,
            "iterations": 1,
            "std_devs": 2,
            "use_standard_deviation_filtering": false
        },
        "fit": "Parabolic",
        "fn": 570,
        "include_baseline_error": false,
        "n": 600,
        "outlier_excluded": [
            259,
            4,
            260,
            261,
            146,
            403,
            530,
            531,
            153,
            26,
            154,
            283,
            421,
            44,
            428,
            305,
            50,
            570,
            315,
            445,
            447,
            459,
            77,
            335,
            337,
            478,
            479,
            122,
            250,
            253
        ],
        "reviewed": true,
        "user_excluded": [],
        "value": 39.38531000578486
    },
    "Ar40": {
        "error": 0.01873824274909945,
        "error_type": "SEM",
        "filter_outliers_dict": {
            "filter_outliers": true,
            "iterations": 1,
            "std_devs": 2,
            "use_standard_deviation_filtering": false
        },
        "fit": "Parabolic",
        "fn": 580,
        "include_baseline_error": false,
        "n": 600,
        "outlier_excluded": [
            33,
            4,
            422,
            137,
            12,
            334,
            79,
            16,
            464,
            498,
            403,
            118,
            87,
            406,
            472,
            90,
            506,
            569,
            509,
            598
        ],
        "reviewed": true,
        "user_excluded": [],
        "value": 16.631418570500337
    },
    "Ar41": {
        "error": 0.0046471805042241675,
        "error_type": "SEM",
        "filter_outliers_dict": {
            "filter_outliers": true,
            "iterations": 1,
            "std_devs": 2,
            "use_standard_deviation_filtering": false
        },
        "fit": "average",
        "value": 0.2084617960607091
    }
}