{
    "Ar36": {
        "error": 0.0001690815478753068,
        "error_type": "SEM",
        "filter_outliers_dict": {
            "filter_outliers": true,
            "iterations": 1,
            "std_devs": 2,
            "use_standard_deviation_filtering": false
        },
        "fit": "Parabolic",
        "fn": 573,
        "include_baseline_error": false,
        "n": 600,
        "outlier_excluded": [
            0,
            514,
            135,
            392,
            267,
            395,
            397,
            404,
            536,
            281,
            553,
            45,
            431,
            432,
            565,
            442,
            581,
            207,
            591,
            472,
            357,
            104,
            233,
            490,
            493,
            378,
            381
        ],
        "reviewed": true,
        "user_excluded": [],
        "value": 0.00845356314048892
    },
    "Ar37": {
        "error": 0.009860857274866715,
        "error_type": "SEM",
        "filter_outliers_dict": {
            "filter_outliers": true,
            "iterations": 1,
            "std_devs": 2,
            "use_standard_deviation_filtering": false
        },
        "fit": "Linear",
        "fn": 575,
        "include_baseline_error": false,
        "n": 600,
        "outlier_excluded": [
            385,
            401,
            274,
            404,
            26,
            288,
            38,
            298,
            299,
            567,
            184,
            57,
            313,
            449,
            325,
            456,
            334,
            472,
            94,
            222,
            352,
            98,
            228,
            230,
            509
        ],
        "reviewed": true,
        "user_excluded": [],
        "value": 0.16009117734331169
    },
    "Ar38": {
        "error": 0.01077093314074467,
        "error_type": "SEM",
        "filter_outliers_dict": {
            "filter_outliers": true,
            "iterations": 1,
            "std_devs": 2,
            "use_standard_deviation_filtering": false
        },
        "fit": "Linear",
        "fn": 571,
        "include_baseline_error": false,
        "n": 600,
        "outlier_excluded": [
            6,
            7,
            8,
            523,
            400,
            534,
            279,
            536,
            281,
            545,
            296,
            41,
            303,
            306,
            436,
            54,
            197,
            199,
            334,
            216,
            347,
            224,
            481,
            100,
            368,
            241,
            246,
            248,
            254
        ],
        "reviewed": true,
        "user_excluded": [],
        "value": 0.3958222899396118
    },
    "Ar39": {
        "error": 0.020024422176551857,
        "error_type": "SEM",
        "filter_outliers_dict": {
            "filter_outliers": true,
            "iterations": 1,
            "std_devs": 2,
            "use_standard_deviation_filtering": false
        },
        "fit": "Parabolic",
        "fn": 578,
        "include_baseline_error": false,
        "n": 600,
        "outlier_excluded": [
            258,
            516,
            139,
            140,
            528,
            146,
            279,
            415,
            51,
            566,
            567,
            443,
            332,
            335,
            208,
            228,
            102,
            103,
            104,
            231,
            115,
            127
        ],
        "reviewed": true,
        "user_excluded": [],
        "value": 44.023535938850046
    },
    "Ar40": {
        "error": 0.01817325367573486,
        "error_type": "SEM",
        "filter_outliers_dict": {
            "filter_outliers": true,
            "iterations": 1,
            "std_devs": 2,
            "use_standard_deviation_filtering": false
        },
        "fit": "Parabolic",
        "fn": 571,
        "include_baseline_error": false,
        "n": 600,
        "outlier_excluded": [
            267,
            12,
            141,
            526,
            272,
            17,
            152,
            27,
            29,
            160,
            425,
            431,
            432,
            560,
            439,
            189,
            62,
            462,
            593,
            85,
            474,
            354,
            360,
            105,
            108,
            118,
            374,
            379,
            383
        ],
        "reviewed": true,
        "user_excluded": [],
        "value": 17.752844676356958
    },
    "Ar41": {
        "error": 0.00490521577717861,
        "error_type": "SEM",
        "filter_outliers_dict": {
            "filter_outliers": true,
            "iterations": 1,
            "std_devs": 2,
            "use_standard_deviation_filtering": false
        },
        "fit": "average",
        "value": 0.2068985351265511
    }
}