{
    "Ar36": {
        "error": 0.00016487394358019874,
        "error_type": "SEM",
        "filter_outliers_dict": {
            "filter_outliers": true,
            "iterations": 1,
            "std_devs": 2,
            "use_standard_deviation_filtering": false
        },
        "fit": "Parabolic",
        "fn": 576,
        "include_baseline_error": false,
        "n": 600,
        "outlier_excluded": [
            129,
            272,
            531,
            152,
            282,
            284,
            540,
            416,
            417,
            421,
            552,
            301,
            177,
            311,
            186,
            453,
            334,
            469,
            471,
            94,
            480,
            486,
            370,
            504
        ],
        "reviewed": true,
        "user_excluded": [],
        "value": 0.009406095727397019
    },
    "Ar37": {
        "error": 0.010419910637155758,
        "error_type": "SEM",
        "filter_outliers_dict": {
            "filter_outliers": true,
            "iterations": 1,
            "std_devs": 2,
            "use_standard_deviation_filtering": false
        },
        "fit": "Linear",
        "fn": 570,
        "include_baseline_error": false,
        "n": 600,
        "outlier_excluded": [
            527,
            20,
            29,
            288,
            33,
            34,
            419,
            41,
            47,
            303,
            559,
            52,
            53,
            437,
            57,
            451,
            452,
            579,
            460,
            205,
            341,
            342,
            217,
            107,
            494,
            240,
            244,
            121,
            122,
            250
        ],
        "reviewed": true,
        "user_excluded": [],
        "value": 0.16721434002353594
    },
    "Ar38": {
        "error": 0.010213371411199528,
        "error_type": "SEM",
        "filter_outliers_dict": {
            "filter_outliers": true,
            "iterations": 1,
            "std_devs": 2,
            "use_standard_deviation_filtering": false
        },
        "fit": "Linear",
        "fn": 574,
        "include_baseline_error": false,
        "n": 600,
        "outlier_excluded": [
            131,
            265,
            148,
            28,
            414,
            35,
            551,
            168,
            425,
            170,
            43,
            44,
            173,
            303,
            442,
            63,
            322,
            333,
            464,
            468,
            360,
            491,
            112,
            241,
            252,
            511
        ],
        "reviewed": true,
        "user_excluded": [],
        "value": 0.5010069951210185
    },
    "Ar39": {
        "error": 0.019303222279962277,
        "error_type": "SEM",
        "filter_outliers_dict": {
            "filter_outliers": true,
            "iterations": 1,
            "std_devs": 2,
            "use_standard_deviation_filtering": false
        },
        "fit": "Parabolic",
        "fn": 574,
        "include_baseline_error": false,
        "n": 600,
        "outlier_excluded": [
            515,
            18,
            277,
            24,
            30,
            546,
            40,
            554,
            44,
            556,
            312,
            443,
            192,
            449,
            324,
            76,
            464,
            596,
            597,
            91,
            108,
            365,
            111,
            240,
            116,
            250
        ],
        "reviewed": true,
        "user_excluded": [],
        "value": 53.127948242045306
    },
    "Ar40": {
        "error": 0.01865976970716809,
        "error_type": "SEM",
        "filter_outliers_dict": {
            "filter_outliers": true,
            "iterations": 1,
            "std_devs": 2,
            "use_standard_deviation_filtering": false
        },
        "fit": "Parabolic",
        "fn": 572,
        "include_baseline_error": false,
        "n": 600,
        "outlier_excluded": [
            2,
            130,
            259,
            8,
            406,
            407,
            290,
            164,
            293,
            554,
            427,
            558,
            304,
            186,
            574,
            70,
            584,
            76,
            465,
            87,
            343,
            217,
            475,
            476,
            94,
            228,
            370,
            252
        ],
        "reviewed": true,
        "user_excluded": [],
        "value": 21.248962732161644
    },
    "Ar41": {
        "error": 0.004747732692612292,
        "error_type": "SEM",
        "filter_outliers_dict": {
            "filter_outliers": true,
            "iterations": 1,
            "std_devs": 2,
            "use_standard_deviation_filtering": false
        },
        "fit": "average",
        "value": 0.2099434661616913
    }
}