{
    "Ar36": {
        "error": 0.0001609182891788507,
        "error_type": "SEM",
        "filter_outliers_dict": {
            "filter_outliers": true,
            "iterations": 1,
            "std_devs": 2,
            "use_standard_deviation_filtering": false
        },
        "fit": "Parabolic",
        "fn": 571,
        "include_baseline_error": false,
        "n": 600,
        "outlier_excluded": [
            130,
            131,
            264,
            139,
            531,
            541,
            414,
            288,
            551,
            42,
            43,
            562,
            564,
            568,
            316,
            320,
            584,
            201,
            459,
            460,
            587,
            468,
            598,
            599,
            358,
            364,
            366,
            497,
            511
        ],
        "reviewed": true,
        "user_excluded": [],
        "value": 0.007861693299457946
    },
    "Ar37": {
        "error": 0.010243281766057611,
        "error_type": "SEM",
        "filter_outliers_dict": {
            "filter_outliers": true,
            "iterations": 1,
            "std_devs": 2,
            "use_standard_deviation_filtering": false
        },
        "fit": "Linear",
        "fn": 578,
        "include_baseline_error": false,
        "n": 600,
        "outlier_excluded": [
            136,
            392,
            527,
            528,
            401,
            403,
            174,
            175,
            176,
            54,
            325,
            459,
            460,
            589,
            207,
            81,
            94,
            484,
            363,
            496,
            122,
            123
        ],
        "reviewed": true,
        "user_excluded": [],
        "value": 0.1637211432709481
    },
    "Ar38": {
        "error": 0.010651592848443598,
        "error_type": "SEM",
        "filter_outliers_dict": {
            "filter_outliers": true,
            "iterations": 1,
            "std_devs": 2,
            "use_standard_deviation_filtering": false
        },
        "fit": "Linear",
        "fn": 570,
        "include_baseline_error": false,
        "n": 600,
        "outlier_excluded": [
            389,
            136,
            137,
            13,
            141,
            399,
            273,
            147,
            148,
            532,
            535,
            414,
            426,
            48,
            322,
            580,
            583,
            587,
            590,
            80,
            594,
            595,
            217,
            224,
            480,
            357,
            115,
            116,
            249,
            378
        ],
        "reviewed": true,
        "user_excluded": [],
        "value": 0.4919133640245593
    },
    "Ar39": {
        "error": 0.021074327419929192,
        "error_type": "SEM",
        "filter_outliers_dict": {
            "filter_outliers": true,
            "iterations": 1,
            "std_devs": 2,
            "use_standard_deviation_filtering": false
        },
        "fit": "Parabolic",
        "fn": 577,
        "include_baseline_error": false,
        "n": 600,
        "outlier_excluded": [
            136,
            399,
            415,
            416,
            34,
            422,
            299,
            309,
            311,
            184,
            60,
            188,
            576,
            209,
            210,
            92,
            103,
            107,
            364,
            493,
            374,
            249,
            507
        ],
        "reviewed": true,
        "user_excluded": [],
        "value": 50.847116989878785
    },
    "Ar40": {
        "error": 0.019460556203739845,
        "error_type": "SEM",
        "filter_outliers_dict": {
            "filter_outliers": true,
            "iterations": 1,
            "std_devs": 2,
            "use_standard_deviation_filtering": false
        },
        "fit": "Parabolic",
        "fn": 574,
        "include_baseline_error": false,
        "n": 600,
        "outlier_excluded": [
            0,
            388,
            5,
            134,
            517,
            156,
            415,
            416,
            546,
            552,
            312,
            445,
            447,
            575,
            66,
            451,
            579,
            331,
            461,
            82,
            224,
            358,
            105,
            361,
            239,
            380
        ],
        "reviewed": true,
        "user_excluded": [],
        "value": 20.015971659212624
    },
    "Ar41": {
        "error": 0.005032504655778596,
        "error_type": "SEM",
        "filter_outliers_dict": {
            "filter_outliers": true,
            "iterations": 1,
            "std_devs": 2,
            "use_standard_deviation_filtering": false
        },
        "fit": "average",
        "value": 0.2100499936054508
    }
}