{
    "Ar36": {
        "error": 0.0001954699682383727,
        "error_type": "SEM",
        "filter_outliers_dict": {
            "filter_outliers": true,
            "iterations": 1,
            "std_devs": 2,
            "use_standard_deviation_filtering": false
        },
        "fit": "Parabolic",
        "fn": 570,
        "include_baseline_error": false,
        "n": 600,
        "outlier_excluded": [
            515,
            132,
            521,
            527,
            406,
            414,
            544,
            418,
            422,
            426,
            555,
            557,
            47,
            305,
            561,
            567,
            185,
            316,
            572,
            321,
            322,
            195,
            455,
            589,
            218,
            359,
            242,
            507,
            380,
            126
        ],
        "reviewed": true,
        "user_excluded": [],
        "value": 0.012264702647218535
    },
    "Ar37": {
        "error": 0.009549755665165686,
        "error_type": "SEM",
        "filter_outliers_dict": {
            "filter_outliers": true,
            "iterations": 1,
            "std_devs": 2,
            "use_standard_deviation_filtering": false
        },
        "fit": "Linear",
        "fn": 566,
        "include_baseline_error": false,
        "n": 600,
        "outlier_excluded": [
            0,
            384,
            525,
            142,
            277,
            150,
            278,
            534,
            536,
            540,
            293,
            41,
            559,
            176,
            181,
            62,
            202,
            205,
            82,
            343,
            344,
            351,
            488,
            364,
            110,
            241,
            114,
            115,
            244,
            371,
            498,
            249,
            378,
            125
        ],
        "reviewed": true,
        "user_excluded": [],
        "value": 0.17395183071519452
    },
    "Ar38": {
        "error": 0.010347252975369215,
        "error_type": "SEM",
        "filter_outliers_dict": {
            "filter_outliers": true,
            "iterations": 1,
            "std_devs": 2,
            "use_standard_deviation_filtering": false
        },
        "fit": "Linear",
        "fn": 566,
        "include_baseline_error": false,
        "n": 600,
        "outlier_excluded": [
            390,
            400,
            273,
            26,
            541,
            542,
            34,
            47,
            566,
            440,
            63,
            64,
            69,
            200,
            460,
            338,
            83,
            342,
            89,
            94,
            351,
            97,
            225,
            354,
            100,
            360,
            367,
            113,
            370,
            498,
            117,
            246,
            374,
            506
        ],
        "reviewed": true,
        "user_excluded": [],
        "value": 0.40049865223605313
    },
    "Ar39": {
        "error": 0.021764260616244608,
        "error_type": "SEM",
        "filter_outliers_dict": {
            "filter_outliers": true,
            "iterations": 1,
            "std_devs": 2,
            "use_standard_deviation_filtering": false
        },
        "fit": "Parabolic",
        "fn": 580,
        "include_baseline_error": false,
        "n": 600,
        "outlier_excluded": [
            287,
            320,
            194,
            415,
            201,
            490,
            395,
            172,
            268,
            494,
            524,
            51,
            436,
            376,
            281,
            283,
            284,
            157,
            414,
            159
        ],
        "reviewed": true,
        "user_excluded": [],
        "value": 45.19963165733125
    },
    "Ar40": {
        "error": 0.01875054787459647,
        "error_type": "SEM",
        "filter_outliers_dict": {
            "filter_outliers": true,
            "iterations": 1,
            "std_devs": 2,
            "use_standard_deviation_filtering": false
        },
        "fit": "Parabolic",
        "fn": 576,
        "include_baseline_error": false,
        "n": 600,
        "outlier_excluded": [
            2,
            130,
            133,
            7,
            21,
            408,
            163,
            175,
            434,
            565,
            56,
            315,
            571,
            575,
            448,
            576,
            69,
            587,
            463,
            469,
            230,
            369,
            118,
            374
        ],
        "reviewed": true,
        "user_excluded": [],
        "value": 19.493572744034047
    },
    "Ar41": {
        "error": 0.005057643329225906,
        "error_type": "SEM",
        "filter_outliers_dict": {
            "filter_outliers": true,
            "iterations": 1,
            "std_devs": 2,
            "use_standard_deviation_filtering": false
        },
        "fit": "average",
        "value": 0.2086057975274982
    }
}