{
    "Ar36": {
        "error": 0.0001979412056345401,
        "error_type": "SEM",
        "filter_outliers_dict": {
            "filter_outliers": true,
            "iterations": 1,
            "std_devs": 2,
            "use_standard_deviation_filtering": false
        },
        "fit": "Parabolic",
        "fn": 571,
        "include_baseline_error": false,
        "n": 600,
        "outlier_excluded": [
            135,
            22,
            150,
            280,
            415,
            37,
            294,
            425,
            171,
            431,
            176,
            305,
            310,
            184,
            186,
            315,
            570,
            447,
            449,
            203,
            204,
            349,
            99,
            484,
            490,
            496,
            115,
            116,
            383
        ],
        "reviewed": true,
        "user_excluded": [],
        "value": 0.011294323463849901
    },
    "Ar37": {
        "error": 0.010248026519303123,
        "error_type": "SEM",
        "filter_outliers_dict": {
            "filter_outliers": true,
            "iterations": 1,
            "std_devs": 2,
            "use_standard_deviation_filtering": false
        },
        "fit": "Linear",
        "fn": 575,
        "include_baseline_error": false,
        "n": 600,
        "outlier_excluded": [
            256,
            1,
            386,
            512,
            516,
            8,
            12,
            288,
            291,
            292,
            297,
            303,
            434,
            436,
            185,
            317,
            576,
            577,
            210,
            90,
            218,
            354,
            484,
            120,
            121
        ],
        "reviewed": true,
        "user_excluded": [],
        "value": 0.1673973445683128
    },
    "Ar38": {
        "error": 0.01057632122423554,
        "error_type": "SEM",
        "filter_outliers_dict": {
            "filter_outliers": true,
            "iterations": 1,
            "std_devs": 2,
            "use_standard_deviation_filtering": false
        },
        "fit": "Linear",
        "fn": 569,
        "include_baseline_error": false,
        "n": 600,
        "outlier_excluded": [
            3,
            9,
            140,
            268,
            143,
            401,
            402,
            19,
            538,
            411,
            427,
            46,
            181,
            182,
            567,
            313,
            314,
            570,
            66,
            325,
            75,
            332,
            591,
            344,
            348,
            477,
            483,
            495,
            368,
            244,
            375
        ],
        "reviewed": true,
        "user_excluded": [],
        "value": 0.36677691183518735
    },
    "Ar39": {
        "error": 0.019585091040974608,
        "error_type": "SEM",
        "filter_outliers_dict": {
            "filter_outliers": true,
            "iterations": 1,
            "std_devs": 2,
            "use_standard_deviation_filtering": false
        },
        "fit": "Parabolic",
        "fn": 568,
        "include_baseline_error": false,
        "n": 600,
        "outlier_excluded": [
            387,
            137,
            138,
            11,
            139,
            394,
            14,
            149,
            152,
            46,
            568,
            571,
            572,
            573,
            192,
            65,
            576,
            577,
            455,
            589,
            78,
            79,
            590,
            592,
            593,
            88,
            355,
            233,
            363,
            501,
            124,
            126
        ],
        "reviewed": true,
        "user_excluded": [],
        "value": 42.27484325643542
    },
    "Ar40": {
        "error": 0.019390600385865354,
        "error_type": "SEM",
        "filter_outliers_dict": {
            "filter_outliers": true,
            "iterations": 1,
            "std_devs": 2,
            "use_standard_deviation_filtering": false
        },
        "fit": "Parabolic",
        "fn": 575,
        "include_baseline_error": false,
        "n": 600,
        "outlier_excluded": [
            129,
            3,
            4,
            5,
            6,
            10,
            522,
            18,
            163,
            427,
            176,
            443,
            190,
            192,
            576,
            577,
            71,
            72,
            587,
            593,
            83,
            211,
            343,
            99,
            500
        ],
        "reviewed": true,
        "user_excluded": [],
        "value": 18.463627605644987
    },
    "Ar41": {
        "error": 0.005294232557909635,
        "error_type": "SEM",
        "filter_outliers_dict": {
            "filter_outliers": true,
            "iterations": 1,
            "std_devs": 2,
            "use_standard_deviation_filtering": false
        },
        "fit": "average",
        "value": 0.211439892594654
    }
}