{
    "Ar36": {
        "error": 0.00016756076478064303,
        "error_type": "SEM",
        "filter_outliers_dict": {
            "filter_outliers": true,
            "iterations": 1,
            "std_devs": 2,
            "use_standard_deviation_filtering": false
        },
        "fit": "Parabolic",
        "fn": 384,
        "include_baseline_error": false,
        "n": 400,
        "outlier_excluded": [
            225,
            257,
            290,
            70,
            296,
            201,
            267,
            237,
            174,
            238,
            145,
            337,
            307,
            276,
            344,
            282
        ],
        "reviewed": true,
        "user_excluded": [],
        "value": 0.004219641163579339
    },
    "Ar37": {
        "error": 0.01280264619810878,
        "error_type": "SEM",
        "filter_outliers_dict": {
            "filter_outliers": true,
            "iterations": 1,
            "std_devs": 2,
            "use_standard_deviation_filtering": false
        },
        "fit": "Linear",
        "fn": 380,
        "include_baseline_error": false,
        "n": 400,
        "outlier_excluded": [
            352,
            353,
            355,
            229,
            327,
            72,
            391,
            365,
            206,
            176,
            145,
            208,
            148,
            308,
            54,
            311,
            372,
            26,
            61,
            125
        ],
        "reviewed": true,
        "user_excluded": [],
        "value": 0.0067392435133903535
    },
    "Ar38": {
        "error": 0.015959048631005533,
        "error_type": "SEM",
        "filter_outliers_dict": {
            "filter_outliers": true,
            "iterations": 1,
            "std_devs": 2,
            "use_standard_deviation_filtering": false
        },
        "fit": "Linear",
        "fn": 383,
        "include_baseline_error": false,
        "n": 400,
        "outlier_excluded": [
            96,
            33,
            68,
            165,
            360,
            76,
            172,
            206,
            111,
            112,
            270,
            114,
            275,
            304,
            277,
            399,
            159
        ],
        "reviewed": true,
        "user_excluded": [],
        "value": 0.6856527317695218
    },
    "Ar39": {
        "error": 0.02846738578229161,
        "error_type": "SEM",
        "filter_outliers_dict": {
            "filter_outliers": true,
            "iterations": 1,
            "std_devs": 2,
            "use_standard_deviation_filtering": false
        },
        "fit": "Parabolic",
        "fn": 385,
        "include_baseline_error": false,
        "n": 400,
        "outlier_excluded": [
            162,
            99,
            295,
            136,
            327,
            329,
            302,
            19,
            243,
            55,
            280,
            375,
            316,
            189,
            31
        ],
        "reviewed": true,
        "user_excluded": [],
        "value": 67.4599633297569
    },
    "Ar40": {
        "error": 0.022614040736747203,
        "error_type": "SEM",
        "filter_outliers_dict": {
            "filter_outliers": true,
            "iterations": 1,
            "std_devs": 2,
            "use_standard_deviation_filtering": false
        },
        "fit": "Parabolic",
        "fn": 385,
        "include_baseline_error": false,
        "n": 400,
        "outlier_excluded": [
            32,
            99,
            132,
            293,
            388,
            73,
            267,
            176,
            149,
            248,
            153,
            59,
            187,
            285,
            31
        ],
        "reviewed": true,
        "user_excluded": [],
        "value": 11.481615128275386
    },
    "Ar41": {
        "error": 0.005867959257905071,
        "error_type": "SEM",
        "filter_outliers_dict": {
            "filter_outliers": true,
            "iterations": 1,
            "std_devs": 2,
            "use_standard_deviation_filtering": false
        },
        "fit": "average",
        "value": 0.21165844145674667
    }
}