{
    "Ar36": {
        "error": 0.0002008002023917206,
        "error_type": "SEM",
        "filter_outliers_dict": {
            "filter_outliers": true,
            "iterations": 1,
            "std_devs": 2,
            "use_standard_deviation_filtering": false
        },
        "fit": "Parabolic",
        "fn": 381,
        "include_baseline_error": false,
        "n": 400,
        "outlier_excluded": [
            1,
            66,
            98,
            356,
            231,
            234,
            206,
            111,
            112,
            399,
            274,
            339,
            310,
            87,
            216,
            25,
            342,
            221,
            351
        ],
        "reviewed": true,
        "user_excluded": [],
        "value": 0.00752814418723363
    },
    "Ar37": {
        "error": 0.012760131375559909,
        "error_type": "SEM",
        "filter_outliers_dict": {
            "filter_outliers": true,
            "iterations": 1,
            "std_devs": 2,
            "use_standard_deviation_filtering": false
        },
        "fit": "Linear",
        "fn": 382,
        "include_baseline_error": false,
        "n": 400,
        "outlier_excluded": [
            384,
            289,
            3,
            323,
            167,
            332,
            15,
            145,
            274,
            116,
            23,
            88,
            121,
            185,
            186,
            215,
            348,
            383
        ],
        "reviewed": true,
        "user_excluded": [],
        "value": 0.03281144946376839
    },
    "Ar38": {
        "error": 0.012895968559694706,
        "error_type": "SEM",
        "filter_outliers_dict": {
            "filter_outliers": true,
            "iterations": 1,
            "std_devs": 2,
            "use_standard_deviation_filtering": false
        },
        "fit": "Linear",
        "fn": 380,
        "include_baseline_error": false,
        "n": 400,
        "outlier_excluded": [
            385,
            67,
            228,
            355,
            7,
            72,
            297,
            327,
            235,
            362,
            237,
            392,
            47,
            207,
            396,
            274,
            372,
            341,
            346,
            349
        ],
        "reviewed": true,
        "user_excluded": [],
        "value": 1.7020748002113857
    },
    "Ar39": {
        "error": 0.03952542271034283,
        "error_type": "SEM",
        "filter_outliers_dict": {
            "filter_outliers": true,
            "iterations": 1,
            "std_devs": 2,
            "use_standard_deviation_filtering": false
        },
        "fit": "Parabolic",
        "fn": 383,
        "include_baseline_error": false,
        "n": 400,
        "outlier_excluded": [
            0,
            65,
            160,
            290,
            201,
            170,
            394,
            174,
            116,
            22,
            23,
            217,
            218,
            283,
            221,
            30,
            286
        ],
        "reviewed": true,
        "user_excluded": [],
        "value": 147.0311338996767
    },
    "Ar40": {
        "error": 0.021090673763474743,
        "error_type": "SEM",
        "filter_outliers_dict": {
            "filter_outliers": true,
            "iterations": 1,
            "std_devs": 2,
            "use_standard_deviation_filtering": false
        },
        "fit": "Parabolic",
        "fn": 380,
        "include_baseline_error": false,
        "n": 400,
        "outlier_excluded": [
            352,
            381,
            382,
            195,
            355,
            5,
            102,
            385,
            296,
            329,
            331,
            172,
            77,
            280,
            250,
            59,
            60,
            285,
            316,
            380
        ],
        "reviewed": true,
        "user_excluded": [],
        "value": 25.448442266250254
    },
    "Ar41": {
        "error": 0.005633480767653719,
        "error_type": "SEM",
        "filter_outliers_dict": {
            "filter_outliers": true,
            "iterations": 1,
            "std_devs": 2,
            "use_standard_deviation_filtering": false
        },
        "fit": "average",
        "value": 0.22008847414533114
    }
}