{
    "Ar36": {
        "error": 0.00018880667147888836,
        "error_type": "SEM",
        "filter_outliers_dict": {
            "filter_outliers": true,
            "iterations": 1,
            "std_devs": 2,
            "use_standard_deviation_filtering": false
        },
        "fit": "Parabolic",
        "fn": 382,
        "include_baseline_error": false,
        "n": 400,
        "outlier_excluded": [
            34,
            98,
            36,
            323,
            326,
            296,
            328,
            110,
            271,
            304,
            335,
            243,
            307,
            309,
            371,
            377,
            318,
            350
        ],
        "reviewed": true,
        "user_excluded": [],
        "value": 0.006370785786951024
    },
    "Ar37": {
        "error": 0.012869192295884678,
        "error_type": "SEM",
        "filter_outliers_dict": {
            "filter_outliers": true,
            "iterations": 1,
            "std_devs": 2,
            "use_standard_deviation_filtering": false
        },
        "fit": "Linear",
        "fn": 379,
        "include_baseline_error": false,
        "n": 400,
        "outlier_excluded": [
            63,
            286,
            350,
            351,
            324,
            197,
            102,
            354,
            296,
            169,
            355,
            139,
            357,
            20,
            116,
            213,
            343,
            374,
            157,
            158,
            95
        ],
        "reviewed": true,
        "user_excluded": [],
        "value": 0.016562978568719106
    },
    "Ar38": {
        "error": 0.016742184095591115,
        "error_type": "SEM",
        "filter_outliers_dict": {
            "filter_outliers": true,
            "iterations": 1,
            "std_devs": 2,
            "use_standard_deviation_filtering": false
        },
        "fit": "Linear",
        "fn": 387,
        "include_baseline_error": false,
        "n": 400,
        "outlier_excluded": [
            7,
            74,
            75,
            236,
            396,
            142,
            206,
            272,
            49,
            273,
            122,
            218,
            220
        ],
        "reviewed": true,
        "user_excluded": [],
        "value": 0.28982808032091184
    },
    "Ar39": {
        "error": 0.025617603845989382,
        "error_type": "SEM",
        "filter_outliers_dict": {
            "filter_outliers": true,
            "iterations": 1,
            "std_devs": 2,
            "use_standard_deviation_filtering": false
        },
        "fit": "Parabolic",
        "fn": 384,
        "include_baseline_error": false,
        "n": 400,
        "outlier_excluded": [
            161,
            387,
            330,
            108,
            77,
            332,
            364,
            337,
            83,
            179,
            341,
            118,
            58,
            346,
            220,
            381
        ],
        "reviewed": true,
        "user_excluded": [],
        "value": 39.17829385699061
    },
    "Ar40": {
        "error": 0.020606273869853486,
        "error_type": "SEM",
        "filter_outliers_dict": {
            "filter_outliers": true,
            "iterations": 1,
            "std_devs": 2,
            "use_standard_deviation_filtering": false
        },
        "fit": "Parabolic",
        "fn": 386,
        "include_baseline_error": false,
        "n": 400,
        "outlier_excluded": [
            289,
            162,
            99,
            5,
            197,
            108,
            365,
            399,
            336,
            145,
            82,
            338,
            151,
            348
        ],
        "reviewed": true,
        "user_excluded": [],
        "value": 7.789056837599471
    },
    "Ar41": {
        "error": 0.005736955429390756,
        "error_type": "SEM",
        "filter_outliers_dict": {
            "filter_outliers": true,
            "iterations": 1,
            "std_devs": 2,
            "use_standard_deviation_filtering": false
        },
        "fit": "average",
        "value": 0.20934927234611916
    }
}