{
    "Ar36": {
        "error": 0.00029720834426846647,
        "error_type": "SD",
        "filter_outliers_dict": {
            "filter_outliers": true,
            "iterations": 1,
            "std_devs": 2,
            "use_standard_deviation_filtering": false
        },
        "fit": "Parabolic",
        "fn": 572,
        "include_baseline_error": false,
        "n": 600,
        "outlier_excluded": [
            131,
            132,
            391,
            265,
            16,
            18,
            146,
            532,
            24,
            27,
            289,
            38,
            554,
            48,
            435,
            566,
            312,
            186,
            322,
            452,
            463,
            86,
            598,
            599,
            473,
            480,
            238,
            374
        ],
        "reviewed": true,
        "user_excluded": [],
        "value": 0.03919746249753739
    },
    "Ar37": {
        "error": 0.010581078795540972,
        "error_type": "SD",
        "filter_outliers_dict": {
            "filter_outliers": true,
            "iterations": 1,
            "std_devs": 2,
            "use_standard_deviation_filtering": false
        },
        "fit": "Linear",
        "fn": 573,
        "include_baseline_error": false,
        "n": 600,
        "outlier_excluded": [
            130,
            134,
            135,
            141,
            526,
            527,
            23,
            283,
            155,
            413,
            29,
            159,
            547,
            426,
            557,
            50,
            439,
            441,
            61,
            576,
            324,
            202,
            206,
            83,
            357,
            494,
            251
        ],
        "reviewed": true,
        "user_excluded": [],
        "value": 0.037516896152060705
    },
    "Ar38": {
        "error": 0.011371705813426891,
        "error_type": "SD",
        "filter_outliers_dict": {
            "filter_outliers": true,
            "iterations": 1,
            "std_devs": 2,
            "use_standard_deviation_filtering": false
        },
        "fit": "Linear",
        "fn": 570,
        "include_baseline_error": false,
        "n": 600,
        "outlier_excluded": [
            0,
            388,
            8,
            264,
            276,
            22,
            23,
            26,
            540,
            286,
            544,
            34,
            37,
            295,
            296,
            52,
            311,
            577,
            199,
            455,
            457,
            79,
            338,
            340,
            343,
            221,
            363,
            365,
            115,
            509
        ],
        "reviewed": true,
        "user_excluded": [],
        "value": 0.0005303792312318263
    },
    "Ar39": {
        "error": 0.006926591674950576,
        "error_type": "SD",
        "filter_outliers_dict": {
            "filter_outliers": true,
            "iterations": 1,
            "std_devs": 2,
            "use_standard_deviation_filtering": false
        },
        "fit": "Parabolic",
        "fn": 569,
        "include_baseline_error": false,
        "n": 600,
        "outlier_excluded": [
            3,
            388,
            10,
            138,
            399,
            401,
            402,
            530,
            277,
            424,
            170,
            173,
            433,
            434,
            309,
            63,
            447,
            67,
            593,
            219,
            349,
            222,
            351,
            97,
            225,
            483,
            359,
            108,
            115,
            123,
            510
        ],
        "reviewed": true,
        "user_excluded": [],
        "value": 4.849426511447588
    },
    "Ar40": {
        "error": 0.015927889164027466,
        "error_type": "SD",
        "filter_outliers_dict": {
            "filter_outliers": true,
            "iterations": 1,
            "std_devs": 2,
            "use_standard_deviation_filtering": false
        },
        "fit": "Parabolic",
        "fn": 582,
        "include_baseline_error": false,
        "n": 600,
        "outlier_excluded": [
            33,
            37,
            230,
            327,
            390,
            453,
            517,
            139,
            520,
            550,
            526,
            554,
            557,
            529,
            436,
            155,
            348,
            190
        ],
        "reviewed": true,
        "user_excluded": [],
        "value": 12.628239486822796
    },
    "Ar41": {
        "error": 0.13736656530229993,
        "error_type": "SD",
        "filter_outliers_dict": {
            "filter_outliers": false,
            "iterations": 1,
            "std_devs": 1,
            "use_standard_deviation_filtering": false
        },
        "fit": "average_SEM",
        "value": 0.0053721059249558795
    }
}