{
    "Ar36": {
        "error": 0.00020386490498507304,
        "error_type": "SD",
        "filter_outliers_dict": {
            "filter_outliers": true,
            "iterations": 1,
            "std_devs": 2,
            "use_standard_deviation_filtering": false
        },
        "fit": "Parabolic",
        "fn": 379,
        "include_baseline_error": false,
        "n": 400,
        "outlier_excluded": [
            128,
            225,
            322,
            357,
            102,
            265,
            396,
            173,
            110,
            79,
            237,
            272,
            338,
            84,
            278,
            24,
            154,
            314,
            380,
            349,
            255
        ],
        "reviewed": true,
        "user_excluded": [],
        "value": 0.008060179846676736
    },
    "Ar37": {
        "error": 0.012673518702036648,
        "error_type": "SD",
        "filter_outliers_dict": {
            "filter_outliers": true,
            "iterations": 1,
            "std_devs": 2,
            "use_standard_deviation_filtering": false
        },
        "fit": "Linear",
        "fn": 380,
        "include_baseline_error": false,
        "n": 400,
        "outlier_excluded": [
            287,
            1,
            130,
            354,
            292,
            101,
            230,
            386,
            329,
            46,
            270,
            368,
            211,
            116,
            248,
            154,
            282,
            220,
            221,
            223
        ],
        "reviewed": true,
        "user_excluded": [],
        "value": 0.01595877208696112
    },
    "Ar38": {
        "error": 0.012855322298548005,
        "error_type": "SD",
        "filter_outliers_dict": {
            "filter_outliers": true,
            "iterations": 1,
            "std_devs": 2,
            "use_standard_deviation_filtering": false
        },
        "fit": "Linear",
        "fn": 369,
        "include_baseline_error": false,
        "n": 400,
        "outlier_excluded": [
            129,
            5,
            139,
            268,
            395,
            18,
            275,
            148,
            152,
            281,
            285,
            158,
            160,
            289,
            38,
            40,
            308,
            310,
            56,
            194,
            67,
            79,
            82,
            210,
            343,
            88,
            352,
            100,
            370,
            116,
            373
        ],
        "reviewed": true,
        "user_excluded": [],
        "value": 0.054961376397774625
    },
    "Ar39": {
        "error": 0.010757319680816814,
        "error_type": "SD",
        "filter_outliers_dict": {
            "filter_outliers": true,
            "iterations": 1,
            "std_devs": 2,
            "use_standard_deviation_filtering": false
        },
        "fit": "Parabolic",
        "fn": 387,
        "include_baseline_error": false,
        "n": 400,
        "outlier_excluded": [
            0,
            7,
            73,
            169,
            11,
            236,
            399,
            369,
            371,
            88,
            348,
            158,
            191
        ],
        "reviewed": true,
        "user_excluded": [],
        "value": 11.604911434750129
    },
    "Ar40": {
        "error": 0.02193985670579464,
        "error_type": "SD",
        "filter_outliers_dict": {
            "filter_outliers": true,
            "iterations": 1,
            "std_devs": 2,
            "use_standard_deviation_filtering": false
        },
        "fit": "Parabolic",
        "fn": 386,
        "include_baseline_error": false,
        "n": 400,
        "outlier_excluded": [
            35,
            103,
            8,
            40,
            136,
            140,
            77,
            270,
            143,
            278,
            122,
            124,
            381,
            63
        ],
        "reviewed": true,
        "user_excluded": [],
        "value": 4.149145964663553
    },
    "Ar41": {
        "error": 0.12365097129700964,
        "error_type": "SD",
        "filter_outliers_dict": {
            "filter_outliers": false,
            "iterations": 1,
            "std_devs": 1,
            "use_standard_deviation_filtering": false
        },
        "fit": "average_SEM",
        "value": 0.008878514314242239
    }
}