{
    "Ar36": {
        "error": 0.00020321551166792274,
        "error_type": "SD",
        "filter_outliers_dict": {
            "filter_outliers": true,
            "iterations": 1,
            "std_devs": 2,
            "use_standard_deviation_filtering": false
        },
        "fit": "Parabolic",
        "fn": 382,
        "include_baseline_error": false,
        "n": 400,
        "outlier_excluded": [
            384,
            66,
            323,
            354,
            136,
            233,
            202,
            139,
            334,
            371,
            246,
            343,
            216,
            313,
            375,
            27,
            315,
            381
        ],
        "reviewed": true,
        "user_excluded": [],
        "value": 0.007032898975874523
    },
    "Ar37": {
        "error": 0.01274205876827021,
        "error_type": "SD",
        "filter_outliers_dict": {
            "filter_outliers": true,
            "iterations": 1,
            "std_devs": 2,
            "use_standard_deviation_filtering": false
        },
        "fit": "Linear",
        "fn": 379,
        "include_baseline_error": false,
        "n": 400,
        "outlier_excluded": [
            98,
            226,
            4,
            355,
            230,
            103,
            232,
            327,
            203,
            396,
            270,
            48,
            337,
            370,
            84,
            277,
            182,
            183,
            88,
            26,
            123
        ],
        "reviewed": true,
        "user_excluded": [],
        "value": 0.03168891356664733
    },
    "Ar38": {
        "error": 0.015277870098011233,
        "error_type": "SD",
        "filter_outliers_dict": {
            "filter_outliers": true,
            "iterations": 1,
            "std_devs": 2,
            "use_standard_deviation_filtering": false
        },
        "fit": "Linear",
        "fn": 376,
        "include_baseline_error": false,
        "n": 400,
        "outlier_excluded": [
            132,
            134,
            135,
            10,
            142,
            398,
            148,
            155,
            156,
            297,
            306,
            185,
            313,
            315,
            197,
            202,
            88,
            346,
            348,
            92,
            98,
            234,
            362,
            363
        ],
        "reviewed": true,
        "user_excluded": [],
        "value": 0.09695327026465125
    },
    "Ar39": {
        "error": 0.010357988318254482,
        "error_type": "SD",
        "filter_outliers_dict": {
            "filter_outliers": true,
            "iterations": 1,
            "std_devs": 2,
            "use_standard_deviation_filtering": false
        },
        "fit": "Parabolic",
        "fn": 379,
        "include_baseline_error": false,
        "n": 400,
        "outlier_excluded": [
            384,
            34,
            194,
            258,
            229,
            291,
            322,
            72,
            41,
            354,
            109,
            397,
            368,
            51,
            212,
            309,
            278,
            183,
            89,
            188,
            158
        ],
        "reviewed": true,
        "user_excluded": [],
        "value": 13.386910874711402
    },
    "Ar40": {
        "error": 0.02213385068832172,
        "error_type": "SD",
        "filter_outliers_dict": {
            "filter_outliers": true,
            "iterations": 1,
            "std_devs": 2,
            "use_standard_deviation_filtering": false
        },
        "fit": "Parabolic",
        "fn": 383,
        "include_baseline_error": false,
        "n": 400,
        "outlier_excluded": [
            323,
            166,
            102,
            136,
            139,
            268,
            237,
            333,
            303,
            208,
            395,
            82,
            23,
            281,
            314,
            187,
            190
        ],
        "reviewed": true,
        "user_excluded": [],
        "value": 4.232376367027138
    },
    "Ar41": {
        "error": 0.12919499312988197,
        "error_type": "SD",
        "filter_outliers_dict": {
            "filter_outliers": false,
            "iterations": 1,
            "std_devs": 1,
            "use_standard_deviation_filtering": false
        },
        "fit": "average_SEM",
        "value": -0.02343149014701339
    }
}