{
    "Ar36": {
        "error": 0.00021516365608900378,
        "error_type": "SD",
        "filter_outliers_dict": {
            "filter_outliers": true,
            "iterations": 1,
            "std_devs": 2,
            "use_standard_deviation_filtering": false
        },
        "fit": "Parabolic",
        "fn": 383,
        "include_baseline_error": false,
        "n": 400,
        "outlier_excluded": [
            386,
            131,
            197,
            101,
            237,
            301,
            334,
            176,
            366,
            183,
            281,
            314,
            251,
            283,
            189,
            318,
            351
        ],
        "reviewed": true,
        "user_excluded": [],
        "value": 0.008328115050715849
    },
    "Ar37": {
        "error": 0.012986481697339031,
        "error_type": "SD",
        "filter_outliers_dict": {
            "filter_outliers": true,
            "iterations": 1,
            "std_devs": 2,
            "use_standard_deviation_filtering": false
        },
        "fit": "Linear",
        "fn": 382,
        "include_baseline_error": false,
        "n": 400,
        "outlier_excluded": [
            128,
            287,
            196,
            261,
            134,
            262,
            362,
            335,
            337,
            243,
            53,
            54,
            182,
            247,
            25,
            283,
            190,
            95
        ],
        "reviewed": true,
        "user_excluded": [],
        "value": 0.027952556144095943
    },
    "Ar38": {
        "error": 0.012507393424727778,
        "error_type": "SD",
        "filter_outliers_dict": {
            "filter_outliers": true,
            "iterations": 1,
            "std_devs": 2,
            "use_standard_deviation_filtering": false
        },
        "fit": "Linear",
        "fn": 371,
        "include_baseline_error": false,
        "n": 400,
        "outlier_excluded": [
            3,
            4,
            264,
            266,
            395,
            15,
            145,
            273,
            41,
            314,
            60,
            316,
            190,
            191,
            65,
            78,
            217,
            220,
            92,
            222,
            229,
            357,
            231,
            234,
            240,
            368,
            369,
            254,
            383
        ],
        "reviewed": true,
        "user_excluded": [],
        "value": 0.04040296699712086
    },
    "Ar39": {
        "error": 0.009260555912509145,
        "error_type": "SD",
        "filter_outliers_dict": {
            "filter_outliers": true,
            "iterations": 1,
            "std_devs": 2,
            "use_standard_deviation_filtering": false
        },
        "fit": "Parabolic",
        "fn": 381,
        "include_baseline_error": false,
        "n": 400,
        "outlier_excluded": [
            384,
            97,
            98,
            132,
            260,
            6,
            200,
            297,
            74,
            109,
            112,
            177,
            50,
            117,
            181,
            342,
            343,
            154,
            379
        ],
        "reviewed": true,
        "user_excluded": [],
        "value": 6.452286013858709
    },
    "Ar40": {
        "error": 0.022042770749467522,
        "error_type": "SD",
        "filter_outliers_dict": {
            "filter_outliers": true,
            "iterations": 1,
            "std_devs": 2,
            "use_standard_deviation_filtering": false
        },
        "fit": "Parabolic",
        "fn": 383,
        "include_baseline_error": false,
        "n": 400,
        "outlier_excluded": [
            387,
            5,
            6,
            102,
            394,
            11,
            204,
            396,
            207,
            16,
            306,
            115,
            117,
            341,
            152,
            25,
            159
        ],
        "reviewed": true,
        "user_excluded": [],
        "value": 3.525970815597443
    },
    "Ar41": {
        "error": 0.12113924116861406,
        "error_type": "SD",
        "filter_outliers_dict": {
            "filter_outliers": false,
            "iterations": 1,
            "std_devs": 1,
            "use_standard_deviation_filtering": false
        },
        "fit": "average_SEM",
        "value": -0.00947623897387075
    }
}