{
    "Ar36": {
        "error": 0.00013318094975581398,
        "error_type": "SEM",
        "filter_outliers_dict": {
            "filter_outliers": true,
            "iterations": 1,
            "std_devs": 2,
            "use_standard_deviation_filtering": false
        },
        "fit": "Parabolic",
        "fn": 565,
        "include_baseline_error": false,
        "n": 600,
        "outlier_excluded": [
            385,
            134,
            394,
            531,
            404,
            23,
            537,
            284,
            420,
            168,
            558,
            310,
            439,
            566,
            315,
            317,
            573,
            450,
            451,
            578,
            585,
            203,
            76,
            460,
            334,
            461,
            463,
            588,
            470,
            480,
            487,
            369,
            244,
            377,
            382
        ],
        "reviewed": true,
        "user_excluded": [],
        "value": 0.005147167259065803
    },
    "Ar37": {
        "error": 0.01036946821713895,
        "error_type": "SEM",
        "filter_outliers_dict": {
            "filter_outliers": true,
            "iterations": 1,
            "std_devs": 2,
            "use_standard_deviation_filtering": false
        },
        "fit": "Linear",
        "fn": 572,
        "include_baseline_error": false,
        "n": 600,
        "outlier_excluded": [
            258,
            388,
            391,
            136,
            142,
            529,
            23,
            283,
            157,
            419,
            548,
            176,
            313,
            443,
            199,
            76,
            77,
            463,
            465,
            594,
            83,
            211,
            96,
            107,
            239,
            367,
            498,
            245
        ],
        "reviewed": true,
        "user_excluded": [],
        "value": 0.030677471878844956
    },
    "Ar38": {
        "error": 0.013678046947715851,
        "error_type": "SEM",
        "filter_outliers_dict": {
            "filter_outliers": true,
            "iterations": 1,
            "std_devs": 2,
            "use_standard_deviation_filtering": false
        },
        "fit": "Linear",
        "fn": 577,
        "include_baseline_error": false,
        "n": 600,
        "outlier_excluded": [
            512,
            518,
            264,
            138,
            145,
            21,
            153,
            537,
            415,
            545,
            422,
            423,
            45,
            48,
            202,
            587,
            222,
            356,
            113,
            115,
            500,
            507,
            254
        ],
        "reviewed": true,
        "user_excluded": [],
        "value": 0.35460568164086603
    },
    "Ar39": {
        "error": 0.019713414993552718,
        "error_type": "SEM",
        "filter_outliers_dict": {
            "filter_outliers": true,
            "iterations": 1,
            "std_devs": 2,
            "use_standard_deviation_filtering": false
        },
        "fit": "Parabolic",
        "fn": 567,
        "include_baseline_error": false,
        "n": 600,
        "outlier_excluded": [
            520,
            275,
            532,
            536,
            155,
            412,
            157,
            283,
            284,
            541,
            556,
            429,
            304,
            433,
            311,
            579,
            453,
            581,
            584,
            587,
            76,
            77,
            79,
            80,
            82,
            346,
            218,
            482,
            101,
            102,
            489,
            120,
            122
        ],
        "reviewed": true,
        "user_excluded": [],
        "value": 43.271044384503355
    },
    "Ar40": {
        "error": 0.015593050043588201,
        "error_type": "SEM",
        "filter_outliers_dict": {
            "filter_outliers": true,
            "iterations": 1,
            "std_devs": 2,
            "use_standard_deviation_filtering": false
        },
        "fit": "Parabolic",
        "fn": 568,
        "include_baseline_error": false,
        "n": 600,
        "outlier_excluded": [
            1,
            395,
            141,
            142,
            145,
            279,
            409,
            26,
            157,
            32,
            420,
            174,
            302,
            176,
            436,
            55,
            311,
            312,
            313,
            568,
            317,
            318,
            320,
            448,
            322,
            579,
            212,
            471,
            358,
            234,
            368,
            249
        ],
        "reviewed": true,
        "user_excluded": [],
        "value": 8.127443040202282
    },
    "Ar41": {
        "error": 0.004403503868869136,
        "error_type": "SEM",
        "filter_outliers_dict": {
            "filter_outliers": true,
            "iterations": 1,
            "std_devs": 2,
            "use_standard_deviation_filtering": false
        },
        "fit": "average",
        "value": -0.05598066698538524
    }
}