{
    "Ar36": {
        "error": 0.0001456710079969661,
        "error_type": "SD",
        "filter_outliers_dict": {
            "filter_outliers": true,
            "iterations": 1,
            "std_devs": 2,
            "use_standard_deviation_filtering": false
        },
        "fit": "Parabolic",
        "fn": 573,
        "include_baseline_error": false,
        "n": 600,
        "outlier_excluded": [
            513,
            389,
            6,
            266,
            522,
            526,
            157,
            542,
            179,
            307,
            308,
            182,
            569,
            570,
            192,
            448,
            324,
            458,
            335,
            466,
            90,
            478,
            480,
            235,
            365,
            239,
            112
        ],
        "reviewed": true,
        "user_excluded": [],
        "value": 0.005399706365044182
    },
    "Ar37": {
        "error": 0.01048722493505095,
        "error_type": "SD",
        "filter_outliers_dict": {
            "filter_outliers": true,
            "iterations": 1,
            "std_devs": 2,
            "use_standard_deviation_filtering": false
        },
        "fit": "Linear",
        "fn": 574,
        "include_baseline_error": false,
        "n": 600,
        "outlier_excluded": [
            384,
            529,
            534,
            158,
            63,
            577,
            450,
            69,
            581,
            462,
            466,
            596,
            470,
            220,
            476,
            96,
            482,
            100,
            486,
            103,
            367,
            243,
            116,
            246,
            506,
            507
        ],
        "reviewed": true,
        "user_excluded": [],
        "value": 0.0330355537296807
    },
    "Ar38": {
        "error": 0.013573497515453286,
        "error_type": "SD",
        "filter_outliers_dict": {
            "filter_outliers": true,
            "iterations": 1,
            "std_devs": 2,
            "use_standard_deviation_filtering": false
        },
        "fit": "Linear",
        "fn": 584,
        "include_baseline_error": false,
        "n": 600,
        "outlier_excluded": [
            451,
            325,
            39,
            76,
            236,
            111,
            592,
            337,
            338,
            593,
            276,
            309,
            406,
            594,
            217,
            253
        ],
        "reviewed": true,
        "user_excluded": [],
        "value": 0.32405291727955066
    },
    "Ar39": {
        "error": 0.008240671966624718,
        "error_type": "SD",
        "filter_outliers_dict": {
            "filter_outliers": true,
            "iterations": 1,
            "std_devs": 2,
            "use_standard_deviation_filtering": false
        },
        "fit": "Parabolic",
        "fn": 575,
        "include_baseline_error": false,
        "n": 600,
        "outlier_excluded": [
            264,
            526,
            147,
            278,
            157,
            31,
            287,
            163,
            299,
            177,
            322,
            323,
            452,
            70,
            455,
            76,
            340,
            478,
            95,
            102,
            358,
            363,
            498,
            500,
            507
        ],
        "reviewed": true,
        "user_excluded": [],
        "value": 31.023680055998184
    },
    "Ar40": {
        "error": 0.014497584024623197,
        "error_type": "SD",
        "filter_outliers_dict": {
            "filter_outliers": true,
            "iterations": 1,
            "std_devs": 2,
            "use_standard_deviation_filtering": false
        },
        "fit": "Parabolic",
        "fn": 571,
        "include_baseline_error": false,
        "n": 600,
        "outlier_excluded": [
            519,
            268,
            399,
            401,
            275,
            404,
            150,
            25,
            539,
            421,
            173,
            431,
            307,
            52,
            438,
            185,
            313,
            582,
            583,
            584,
            585,
            588,
            589,
            338,
            213,
            483,
            360,
            490,
            250
        ],
        "reviewed": true,
        "user_excluded": [],
        "value": 6.396611556026944
    },
    "Ar41": {
        "error": 0.13943057388048707,
        "error_type": "SD",
        "filter_outliers_dict": {
            "filter_outliers": false,
            "iterations": 1,
            "std_devs": 1,
            "use_standard_deviation_filtering": false
        },
        "fit": "average_SEM",
        "value": 0.005374249038965597
    }
}