{
    "Ar36": {
        "error": 0.00020984165168601678,
        "error_type": "SD",
        "filter_outliers_dict": {
            "filter_outliers": true,
            "iterations": 1,
            "std_devs": 2,
            "use_standard_deviation_filtering": false
        },
        "fit": "Parabolic",
        "fn": 384,
        "include_baseline_error": false,
        "n": 400,
        "outlier_excluded": [
            256,
            195,
            387,
            37,
            388,
            300,
            368,
            114,
            275,
            307,
            371,
            118,
            152,
            153,
            248,
            377
        ],
        "reviewed": true,
        "user_excluded": [],
        "value": 0.007936098061117211
    },
    "Ar37": {
        "error": 0.012146758478337266,
        "error_type": "SD",
        "filter_outliers_dict": {
            "filter_outliers": true,
            "iterations": 1,
            "std_devs": 2,
            "use_standard_deviation_filtering": false
        },
        "fit": "Linear",
        "fn": 382,
        "include_baseline_error": false,
        "n": 400,
        "outlier_excluded": [
            160,
            1,
            385,
            386,
            135,
            72,
            167,
            13,
            142,
            112,
            274,
            311,
            248,
            313,
            380,
            221,
            350,
            223
        ],
        "reviewed": true,
        "user_excluded": [],
        "value": 0.02803204461815389
    },
    "Ar38": {
        "error": 0.015167032459681545,
        "error_type": "SD",
        "filter_outliers_dict": {
            "filter_outliers": true,
            "iterations": 1,
            "std_devs": 2,
            "use_standard_deviation_filtering": false
        },
        "fit": "Linear",
        "fn": 379,
        "include_baseline_error": false,
        "n": 400,
        "outlier_excluded": [
            0,
            258,
            386,
            134,
            72,
            361,
            170,
            267,
            172,
            332,
            78,
            238,
            334,
            370,
            243,
            339,
            85,
            245,
            341,
            375,
            382
        ],
        "reviewed": true,
        "user_excluded": [],
        "value": 0.15216839930325948
    },
    "Ar39": {
        "error": 0.010628434967227391,
        "error_type": "SD",
        "filter_outliers_dict": {
            "filter_outliers": true,
            "iterations": 1,
            "std_devs": 2,
            "use_standard_deviation_filtering": false
        },
        "fit": "Parabolic",
        "fn": 383,
        "include_baseline_error": false,
        "n": 400,
        "outlier_excluded": [
            385,
            357,
            231,
            360,
            76,
            172,
            14,
            15,
            80,
            272,
            51,
            243,
            245,
            22,
            86,
            186,
            126
        ],
        "reviewed": true,
        "user_excluded": [],
        "value": 15.465700295648737
    },
    "Ar40": {
        "error": 0.025090990729387287,
        "error_type": "SD",
        "filter_outliers_dict": {
            "filter_outliers": true,
            "iterations": 1,
            "std_devs": 2,
            "use_standard_deviation_filtering": false
        },
        "fit": "Parabolic",
        "fn": 388,
        "include_baseline_error": false,
        "n": 400,
        "outlier_excluded": [
            2,
            132,
            7,
            393,
            11,
            82,
            84,
            149,
            24,
            122,
            379,
            255
        ],
        "reviewed": true,
        "user_excluded": [],
        "value": 5.045007559610122
    },
    "Ar41": {
        "error": 0.1312491073715859,
        "error_type": "SD",
        "filter_outliers_dict": {
            "filter_outliers": false,
            "iterations": 1,
            "std_devs": 1,
            "use_standard_deviation_filtering": false
        },
        "fit": "average_SEM",
        "value": -0.0012501085364056053
    }
}