{
    "Ar36": {
        "error": 0.00022643133102901337,
        "error_type": "SD",
        "filter_outliers_dict": {
            "filter_outliers": true,
            "iterations": 1,
            "std_devs": 2,
            "use_standard_deviation_filtering": false
        },
        "fit": "Parabolic",
        "fn": 380,
        "include_baseline_error": false,
        "n": 400,
        "outlier_excluded": [
            163,
            291,
            37,
            355,
            75,
            269,
            270,
            111,
            333,
            81,
            177,
            147,
            244,
            367,
            248,
            153,
            185,
            250,
            124,
            282
        ],
        "reviewed": true,
        "user_excluded": [],
        "value": 0.011567351412273282
    },
    "Ar37": {
        "error": 0.01315232525487678,
        "error_type": "SD",
        "filter_outliers_dict": {
            "filter_outliers": true,
            "iterations": 1,
            "std_devs": 2,
            "use_standard_deviation_filtering": false
        },
        "fit": "Linear",
        "fn": 383,
        "include_baseline_error": false,
        "n": 400,
        "outlier_excluded": [
            0,
            257,
            259,
            388,
            197,
            390,
            108,
            204,
            300,
            332,
            16,
            272,
            369,
            19,
            212,
            246,
            247
        ],
        "reviewed": true,
        "user_excluded": [],
        "value": 0.04851641770644019
    },
    "Ar38": {
        "error": 0.015150527979039775,
        "error_type": "SD",
        "filter_outliers_dict": {
            "filter_outliers": true,
            "iterations": 1,
            "std_devs": 2,
            "use_standard_deviation_filtering": false
        },
        "fit": "Linear",
        "fn": 384,
        "include_baseline_error": false,
        "n": 400,
        "outlier_excluded": [
            96,
            321,
            384,
            227,
            197,
            390,
            108,
            13,
            302,
            364,
            276,
            54,
            118,
            89,
            61,
            255
        ],
        "reviewed": true,
        "user_excluded": [],
        "value": 1.0361953166941549
    },
    "Ar39": {
        "error": 0.014598704798073152,
        "error_type": "SD",
        "filter_outliers_dict": {
            "filter_outliers": true,
            "iterations": 1,
            "std_devs": 2,
            "use_standard_deviation_filtering": false
        },
        "fit": "Parabolic",
        "fn": 381,
        "include_baseline_error": false,
        "n": 400,
        "outlier_excluded": [
            226,
            68,
            133,
            166,
            261,
            357,
            105,
            299,
            331,
            206,
            207,
            81,
            369,
            370,
            53,
            342,
            379,
            61,
            254
        ],
        "reviewed": true,
        "user_excluded": [],
        "value": 87.26583159381642
    },
    "Ar40": {
        "error": 0.02306656591861697,
        "error_type": "SD",
        "filter_outliers_dict": {
            "filter_outliers": true,
            "iterations": 1,
            "std_devs": 2,
            "use_standard_deviation_filtering": false
        },
        "fit": "Parabolic",
        "fn": 380,
        "include_baseline_error": false,
        "n": 400,
        "outlier_excluded": [
            0,
            160,
            258,
            196,
            7,
            327,
            203,
            206,
            334,
            240,
            306,
            20,
            182,
            87,
            376,
            313,
            90,
            91,
            252,
            158
        ],
        "reviewed": true,
        "user_excluded": [],
        "value": 18.105953487318722
    },
    "Ar41": {
        "error": 0.12967216149224345,
        "error_type": "SD",
        "filter_outliers_dict": {
            "filter_outliers": false,
            "iterations": 1,
            "std_devs": 1,
            "use_standard_deviation_filtering": false
        },
        "fit": "average_SEM",
        "value": -0.007206759492692072
    }
}