{
    "Ar36": {
        "error": 0.00021948562033820352,
        "error_type": "SD",
        "filter_outliers_dict": {
            "filter_outliers": true,
            "iterations": 1,
            "std_devs": 2,
            "use_standard_deviation_filtering": false
        },
        "fit": "Parabolic",
        "fn": 375,
        "include_baseline_error": false,
        "n": 400,
        "outlier_excluded": [
            256,
            399,
            277,
            278,
            155,
            287,
            290,
            291,
            293,
            294,
            173,
            49,
            183,
            321,
            330,
            77,
            334,
            90,
            228,
            363,
            364,
            245,
            246,
            254,
            382
        ],
        "reviewed": true,
        "user_excluded": [],
        "value": 0.008771497934313588
    },
    "Ar37": {
        "error": 0.012648590876089242,
        "error_type": "SD",
        "filter_outliers_dict": {
            "filter_outliers": true,
            "iterations": 1,
            "std_devs": 2,
            "use_standard_deviation_filtering": false
        },
        "fit": "Linear",
        "fn": 384,
        "include_baseline_error": false,
        "n": 400,
        "outlier_excluded": [
            2,
            231,
            330,
            299,
            108,
            268,
            301,
            49,
            275,
            148,
            54,
            184,
            59,
            189,
            126,
            127
        ],
        "reviewed": true,
        "user_excluded": [],
        "value": 0.04789734111077971
    },
    "Ar38": {
        "error": 0.011505578806927545,
        "error_type": "SD",
        "filter_outliers_dict": {
            "filter_outliers": true,
            "iterations": 1,
            "std_devs": 2,
            "use_standard_deviation_filtering": false
        },
        "fit": "Linear",
        "fn": 376,
        "include_baseline_error": false,
        "n": 400,
        "outlier_excluded": [
            260,
            391,
            264,
            398,
            143,
            277,
            32,
            56,
            189,
            319,
            63,
            76,
            340,
            88,
            93,
            355,
            100,
            230,
            362,
            107,
            245,
            246,
            376,
            377
        ],
        "reviewed": true,
        "user_excluded": [],
        "value": 0.018820709993932098
    },
    "Ar39": {
        "error": 0.009366735115490386,
        "error_type": "SD",
        "filter_outliers_dict": {
            "filter_outliers": true,
            "iterations": 1,
            "std_devs": 2,
            "use_standard_deviation_filtering": false
        },
        "fit": "Parabolic",
        "fn": 373,
        "include_baseline_error": false,
        "n": 400,
        "outlier_excluded": [
            257,
            7,
            8,
            10,
            395,
            396,
            150,
            285,
            44,
            46,
            309,
            312,
            313,
            61,
            319,
            68,
            327,
            205,
            333,
            85,
            345,
            96,
            97,
            99,
            365,
            238,
            376
        ],
        "reviewed": true,
        "user_excluded": [],
        "value": 5.7408340016082775
    },
    "Ar40": {
        "error": 0.02591889672121505,
        "error_type": "SD",
        "filter_outliers_dict": {
            "filter_outliers": true,
            "iterations": 1,
            "std_devs": 2,
            "use_standard_deviation_filtering": false
        },
        "fit": "Parabolic",
        "fn": 384,
        "include_baseline_error": false,
        "n": 400,
        "outlier_excluded": [
            0,
            1,
            162,
            354,
            9,
            265,
            11,
            108,
            13,
            112,
            176,
            146,
            343,
            253,
            318,
            383
        ],
        "reviewed": true,
        "user_excluded": [],
        "value": 3.6310298059063264
    },
    "Ar41": {
        "error": 0.1355096499015247,
        "error_type": "SD",
        "filter_outliers_dict": {
            "filter_outliers": false,
            "iterations": 1,
            "std_devs": 1,
            "use_standard_deviation_filtering": false
        },
        "fit": "average_SEM",
        "value": -0.0028687401073693762
    }
}