{
    "Ar36": {
        "error": 0.00020851446848499453,
        "error_type": "SD",
        "filter_outliers_dict": {
            "filter_outliers": true,
            "iterations": 1,
            "std_devs": 2,
            "use_standard_deviation_filtering": false
        },
        "fit": "Parabolic",
        "fn": 377,
        "include_baseline_error": false,
        "n": 400,
        "outlier_excluded": [
            132,
            11,
            273,
            289,
            165,
            315,
            317,
            191,
            204,
            205,
            78,
            82,
            340,
            92,
            225,
            103,
            231,
            361,
            367,
            248,
            253,
            254,
            127
        ],
        "reviewed": true,
        "user_excluded": [],
        "value": 0.008743172680628828
    },
    "Ar37": {
        "error": 0.013627414415038402,
        "error_type": "SD",
        "filter_outliers_dict": {
            "filter_outliers": true,
            "iterations": 1,
            "std_devs": 2,
            "use_standard_deviation_filtering": false
        },
        "fit": "Linear",
        "fn": 383,
        "include_baseline_error": false,
        "n": 400,
        "outlier_excluded": [
            1,
            194,
            69,
            325,
            40,
            265,
            170,
            11,
            297,
            46,
            398,
            307,
            85,
            23,
            251,
            189,
            317
        ],
        "reviewed": true,
        "user_excluded": [],
        "value": 0.038450096366242095
    },
    "Ar38": {
        "error": 0.018138630164062093,
        "error_type": "SD",
        "filter_outliers_dict": {
            "filter_outliers": true,
            "iterations": 1,
            "std_devs": 2,
            "use_standard_deviation_filtering": false
        },
        "fit": "Linear",
        "fn": 388,
        "include_baseline_error": false,
        "n": 400,
        "outlier_excluded": [
            1,
            290,
            325,
            168,
            137,
            139,
            13,
            215,
            218,
            284,
            286,
            127
        ],
        "reviewed": true,
        "user_excluded": [],
        "value": 0.3651192840027051
    },
    "Ar39": {
        "error": 0.01143349438111111,
        "error_type": "SD",
        "filter_outliers_dict": {
            "filter_outliers": true,
            "iterations": 1,
            "std_devs": 2,
            "use_standard_deviation_filtering": false
        },
        "fit": "Parabolic",
        "fn": 385,
        "include_baseline_error": false,
        "n": 400,
        "outlier_excluded": [
            162,
            40,
            265,
            302,
            335,
            336,
            178,
            338,
            340,
            375,
            345,
            90,
            155,
            187,
            285
        ],
        "reviewed": true,
        "user_excluded": [],
        "value": 33.193565019557596
    },
    "Ar40": {
        "error": 0.021173280802646573,
        "error_type": "SD",
        "filter_outliers_dict": {
            "filter_outliers": true,
            "iterations": 1,
            "std_devs": 2,
            "use_standard_deviation_filtering": false
        },
        "fit": "Parabolic",
        "fn": 385,
        "include_baseline_error": false,
        "n": 400,
        "outlier_excluded": [
            385,
            68,
            37,
            8,
            393,
            301,
            398,
            16,
            114,
            147,
            339,
            86,
            376,
            158,
            222
        ],
        "reviewed": true,
        "user_excluded": [],
        "value": 7.940163121137147
    },
    "Ar41": {
        "error": 0.12748024669603594,
        "error_type": "SD",
        "filter_outliers_dict": {
            "filter_outliers": false,
            "iterations": 1,
            "std_devs": 1,
            "use_standard_deviation_filtering": false
        },
        "fit": "average_SEM",
        "value": -0.00926249885065772
    }
}