{
    "Ar36": {
        "error": 0.00022798456257169773,
        "error_type": "SD",
        "filter_outliers_dict": {
            "filter_outliers": true,
            "iterations": 1,
            "std_devs": 2,
            "use_standard_deviation_filtering": false
        },
        "fit": "Parabolic",
        "fn": 383,
        "include_baseline_error": false,
        "n": 400,
        "outlier_excluded": [
            0,
            321,
            34,
            352,
            383,
            358,
            39,
            232,
            393,
            234,
            77,
            111,
            55,
            122,
            187,
            349,
            63
        ],
        "reviewed": true,
        "user_excluded": [],
        "value": 0.011496961240970908
    },
    "Ar37": {
        "error": 0.012874158649280834,
        "error_type": "SD",
        "filter_outliers_dict": {
            "filter_outliers": true,
            "iterations": 1,
            "std_devs": 2,
            "use_standard_deviation_filtering": false
        },
        "fit": "Linear",
        "fn": 384,
        "include_baseline_error": false,
        "n": 400,
        "outlier_excluded": [
            2,
            168,
            137,
            392,
            139,
            399,
            80,
            144,
            147,
            148,
            180,
            245,
            341,
            59,
            315,
            158
        ],
        "reviewed": true,
        "user_excluded": [],
        "value": 0.037018321348024325
    },
    "Ar38": {
        "error": 0.011636486234107814,
        "error_type": "SD",
        "filter_outliers_dict": {
            "filter_outliers": true,
            "iterations": 1,
            "std_devs": 2,
            "use_standard_deviation_filtering": false
        },
        "fit": "Linear",
        "fn": 370,
        "include_baseline_error": false,
        "n": 400,
        "outlier_excluded": [
            389,
            12,
            277,
            150,
            167,
            172,
            45,
            306,
            52,
            62,
            192,
            320,
            197,
            328,
            333,
            207,
            214,
            342,
            348,
            350,
            353,
            100,
            360,
            362,
            365,
            111,
            119,
            123,
            124,
            252
        ],
        "reviewed": true,
        "user_excluded": [],
        "value": 0.020464321654072776
    },
    "Ar39": {
        "error": 0.009735964252484693,
        "error_type": "SD",
        "filter_outliers_dict": {
            "filter_outliers": true,
            "iterations": 1,
            "std_devs": 2,
            "use_standard_deviation_filtering": false
        },
        "fit": "Parabolic",
        "fn": 386,
        "include_baseline_error": false,
        "n": 400,
        "outlier_excluded": [
            0,
            256,
            226,
            195,
            199,
            40,
            392,
            205,
            339,
            280,
            59,
            91,
            348,
            349
        ],
        "reviewed": true,
        "user_excluded": [],
        "value": 7.540957238213593
    },
    "Ar40": {
        "error": 0.021815460954069093,
        "error_type": "SD",
        "filter_outliers_dict": {
            "filter_outliers": true,
            "iterations": 1,
            "std_devs": 2,
            "use_standard_deviation_filtering": false
        },
        "fit": "Parabolic",
        "fn": 380,
        "include_baseline_error": false,
        "n": 400,
        "outlier_excluded": [
            384,
            354,
            132,
            229,
            134,
            388,
            72,
            104,
            42,
            137,
            168,
            204,
            395,
            241,
            370,
            212,
            149,
            25,
            57,
            154
        ],
        "reviewed": true,
        "user_excluded": [],
        "value": 4.582610540315002
    },
    "Ar41": {
        "error": 0.13425333671027023,
        "error_type": "SD",
        "filter_outliers_dict": {
            "filter_outliers": false,
            "iterations": 1,
            "std_devs": 1,
            "use_standard_deviation_filtering": false
        },
        "fit": "average_SEM",
        "value": 0.0027415209974060418
    }
}