{
    "Ar36": {
        "error": 0.00018851634298852857,
        "error_type": "SEM",
        "filter_outliers_dict": {
            "filter_outliers": true,
            "iterations": 1,
            "std_devs": 2,
            "use_standard_deviation_filtering": false
        },
        "fit": "Parabolic",
        "fn": 573,
        "include_baseline_error": false,
        "n": 600,
        "outlier_excluded": [
            386,
            387,
            515,
            10,
            394,
            272,
            404,
            283,
            539,
            423,
            40,
            312,
            198,
            455,
            593,
            597,
            346,
            221,
            93,
            234,
            491,
            111,
            239,
            368,
            502,
            503,
            382
        ],
        "reviewed": true,
        "user_excluded": [],
        "value": 0.012173475790234018
    },
    "Ar37": {
        "error": 0.01002715755343823,
        "error_type": "SEM",
        "filter_outliers_dict": {
            "filter_outliers": true,
            "iterations": 1,
            "std_devs": 2,
            "use_standard_deviation_filtering": false
        },
        "fit": "Linear",
        "fn": 574,
        "include_baseline_error": false,
        "n": 600,
        "outlier_excluded": [
            393,
            150,
            282,
            416,
            166,
            298,
            299,
            426,
            46,
            47,
            435,
            181,
            182,
            567,
            570,
            60,
            72,
            584,
            585,
            338,
            87,
            220,
            94,
            99,
            487,
            511
        ],
        "reviewed": true,
        "user_excluded": [],
        "value": 0.14432310921042873
    },
    "Ar38": {
        "error": 0.01235155372330658,
        "error_type": "SEM",
        "filter_outliers_dict": {
            "filter_outliers": true,
            "iterations": 1,
            "std_devs": 2,
            "use_standard_deviation_filtering": false
        },
        "fit": "Linear",
        "fn": 582,
        "include_baseline_error": false,
        "n": 600,
        "outlier_excluded": [
            0,
            96,
            451,
            292,
            293,
            6,
            295,
            298,
            588,
            271,
            497,
            22,
            23,
            56,
            183,
            217,
            409,
            575
        ],
        "reviewed": true,
        "user_excluded": [],
        "value": 0.26929203946987174
    },
    "Ar39": {
        "error": 0.019248073058286855,
        "error_type": "SEM",
        "filter_outliers_dict": {
            "filter_outliers": true,
            "iterations": 1,
            "std_devs": 2,
            "use_standard_deviation_filtering": false
        },
        "fit": "Parabolic",
        "fn": 581,
        "include_baseline_error": false,
        "n": 600,
        "outlier_excluded": [
            224,
            226,
            515,
            455,
            139,
            399,
            82,
            178,
            84,
            179,
            182,
            309,
            310,
            370,
            404,
            407,
            60,
            436,
            476
        ],
        "reviewed": true,
        "user_excluded": [],
        "value": 31.140538512796798
    },
    "Ar40": {
        "error": 0.01657929456906052,
        "error_type": "SEM",
        "filter_outliers_dict": {
            "filter_outliers": true,
            "iterations": 1,
            "std_devs": 2,
            "use_standard_deviation_filtering": false
        },
        "fit": "Parabolic",
        "fn": 571,
        "include_baseline_error": false,
        "n": 600,
        "outlier_excluded": [
            513,
            514,
            259,
            260,
            7,
            524,
            14,
            404,
            414,
            32,
            35,
            164,
            172,
            304,
            313,
            191,
            460,
            589,
            213,
            471,
            473,
            474,
            348,
            221,
            477,
            108,
            243,
            378,
            255
        ],
        "reviewed": true,
        "user_excluded": [],
        "value": 8.541518824727067
    },
    "Ar41": {
        "error": 0.005048640049403399,
        "error_type": "SEM",
        "filter_outliers_dict": {
            "filter_outliers": true,
            "iterations": 1,
            "std_devs": 2,
            "use_standard_deviation_filtering": false
        },
        "fit": "average",
        "value": 0.21958418751796513
    }
}