{
    "Ar36": {
        "error": 0.00016374279800777334,
        "error_type": "SEM",
        "filter_outliers_dict": {
            "filter_outliers": true,
            "iterations": 1,
            "std_devs": 2,
            "use_standard_deviation_filtering": false
        },
        "fit": "Parabolic",
        "fn": 578,
        "include_baseline_error": false,
        "n": 600,
        "outlier_excluded": [
            259,
            518,
            405,
            418,
            554,
            434,
            435,
            312,
            194,
            581,
            585,
            459,
            336,
            473,
            354,
            101,
            102,
            488,
            105,
            495,
            376,
            121
        ],
        "reviewed": true,
        "user_excluded": [],
        "value": 0.007497380254718671
    },
    "Ar37": {
        "error": 0.010226579633997396,
        "error_type": "SEM",
        "filter_outliers_dict": {
            "filter_outliers": true,
            "iterations": 1,
            "std_devs": 2,
            "use_standard_deviation_filtering": false
        },
        "fit": "Linear",
        "fn": 577,
        "include_baseline_error": false,
        "n": 600,
        "outlier_excluded": [
            264,
            139,
            397,
            150,
            534,
            32,
            34,
            418,
            181,
            59,
            452,
            73,
            459,
            204,
            77,
            335,
            208,
            599,
            216,
            107,
            492,
            505,
            252
        ],
        "reviewed": true,
        "user_excluded": [],
        "value": 0.177181334881981
    },
    "Ar38": {
        "error": 0.012605725665839214,
        "error_type": "SEM",
        "filter_outliers_dict": {
            "filter_outliers": true,
            "iterations": 1,
            "std_devs": 2,
            "use_standard_deviation_filtering": false
        },
        "fit": "Linear",
        "fn": 578,
        "include_baseline_error": false,
        "n": 600,
        "outlier_excluded": [
            128,
            10,
            409,
            287,
            552,
            297,
            561,
            564,
            565,
            440,
            57,
            58,
            78,
            465,
            480,
            353,
            485,
            232,
            114,
            371,
            504,
            507
        ],
        "reviewed": true,
        "user_excluded": [],
        "value": 0.23013094140343537
    },
    "Ar39": {
        "error": 0.017568570837708346,
        "error_type": "SEM",
        "filter_outliers_dict": {
            "filter_outliers": true,
            "iterations": 1,
            "std_devs": 2,
            "use_standard_deviation_filtering": false
        },
        "fit": "Parabolic",
        "fn": 568,
        "include_baseline_error": false,
        "n": 600,
        "outlier_excluded": [
            128,
            388,
            389,
            9,
            267,
            15,
            16,
            149,
            150,
            152,
            161,
            162,
            165,
            294,
            170,
            300,
            301,
            177,
            62,
            192,
            448,
            326,
            582,
            202,
            208,
            212,
            213,
            233,
            234,
            111,
            114,
            505
        ],
        "reviewed": true,
        "user_excluded": [],
        "value": 33.4643475428568
    },
    "Ar40": {
        "error": 0.017805597138141782,
        "error_type": "SEM",
        "filter_outliers_dict": {
            "filter_outliers": true,
            "iterations": 1,
            "std_devs": 2,
            "use_standard_deviation_filtering": false
        },
        "fit": "Parabolic",
        "fn": 577,
        "include_baseline_error": false,
        "n": 600,
        "outlier_excluded": [
            0,
            128,
            5,
            532,
            27,
            414,
            31,
            293,
            45,
            429,
            431,
            567,
            188,
            445,
            446,
            68,
            592,
            211,
            596,
            86,
            216,
            238,
            369
        ],
        "reviewed": true,
        "user_excluded": [],
        "value": 7.470126519495073
    },
    "Ar41": {
        "error": 0.0048948473346794,
        "error_type": "SEM",
        "filter_outliers_dict": {
            "filter_outliers": true,
            "iterations": 1,
            "std_devs": 2,
            "use_standard_deviation_filtering": false
        },
        "fit": "average",
        "value": -0.05090797877057752
    }
}