{
    "Ar36": {
        "error": 0.00015851897878794456,
        "error_type": "SEM",
        "filter_outliers_dict": {
            "filter_outliers": true,
            "iterations": 1,
            "std_devs": 2,
            "use_standard_deviation_filtering": false
        },
        "fit": "Parabolic",
        "fn": 568,
        "include_baseline_error": false,
        "n": 600,
        "outlier_excluded": [
            387,
            135,
            265,
            148,
            414,
            422,
            301,
            181,
            448,
            197,
            201,
            330,
            203,
            590,
            208,
            216,
            346,
            348,
            97,
            354,
            481,
            106,
            363,
            364,
            365,
            366,
            368,
            375,
            503,
            378,
            508,
            382
        ],
        "reviewed": true,
        "user_excluded": [],
        "value": 0.00927149104978393
    },
    "Ar37": {
        "error": 0.010425120986691077,
        "error_type": "SEM",
        "filter_outliers_dict": {
            "filter_outliers": true,
            "iterations": 1,
            "std_devs": 2,
            "use_standard_deviation_filtering": false
        },
        "fit": "Linear",
        "fn": 575,
        "include_baseline_error": false,
        "n": 600,
        "outlier_excluded": [
            393,
            521,
            284,
            419,
            420,
            295,
            45,
            430,
            47,
            563,
            436,
            439,
            185,
            442,
            315,
            328,
            73,
            75,
            336,
            338,
            340,
            85,
            110,
            505,
            507
        ],
        "reviewed": true,
        "user_excluded": [],
        "value": 0.1721549006462494
    },
    "Ar38": {
        "error": 0.012431586740595026,
        "error_type": "SEM",
        "filter_outliers_dict": {
            "filter_outliers": true,
            "iterations": 1,
            "std_devs": 2,
            "use_standard_deviation_filtering": false
        },
        "fit": "Linear",
        "fn": 582,
        "include_baseline_error": false,
        "n": 600,
        "outlier_excluded": [
            32,
            224,
            98,
            579,
            36,
            102,
            39,
            136,
            300,
            589,
            208,
            532,
            85,
            25,
            475,
            28,
            92,
            220
        ],
        "reviewed": true,
        "user_excluded": [],
        "value": 0.1473373720342661
    },
    "Ar39": {
        "error": 0.017510606603529173,
        "error_type": "SEM",
        "filter_outliers_dict": {
            "filter_outliers": true,
            "iterations": 1,
            "std_devs": 2,
            "use_standard_deviation_filtering": false
        },
        "fit": "Parabolic",
        "fn": 570,
        "include_baseline_error": false,
        "n": 600,
        "outlier_excluded": [
            137,
            140,
            149,
            416,
            428,
            45,
            173,
            429,
            430,
            433,
            438,
            55,
            56,
            312,
            58,
            315,
            60,
            192,
            70,
            336,
            597,
            598,
            218,
            220,
            97,
            225,
            365,
            372,
            373,
            376
        ],
        "reviewed": true,
        "user_excluded": [],
        "value": 28.00775990257466
    },
    "Ar40": {
        "error": 0.016902096181183133,
        "error_type": "SEM",
        "filter_outliers_dict": {
            "filter_outliers": true,
            "iterations": 1,
            "std_devs": 2,
            "use_standard_deviation_filtering": false
        },
        "fit": "Parabolic",
        "fn": 568,
        "include_baseline_error": false,
        "n": 600,
        "outlier_excluded": [
            2,
            3,
            264,
            392,
            522,
            401,
            533,
            25,
            28,
            286,
            542,
            160,
            33,
            34,
            547,
            165,
            166,
            176,
            438,
            64,
            192,
            449,
            454,
            585,
            76,
            588,
            208,
            596,
            470,
            345,
            488,
            368
        ],
        "reviewed": true,
        "user_excluded": [],
        "value": 7.565958599220139
    },
    "Ar41": {
        "error": 0.0051061524648425465,
        "error_type": "SEM",
        "filter_outliers_dict": {
            "filter_outliers": true,
            "iterations": 1,
            "std_devs": 2,
            "use_standard_deviation_filtering": false
        },
        "fit": "average",
        "value": -0.04633723042596577
    }
}