{
    "Ar36": {
        "error": 0.00015850024930478147,
        "error_type": "SEM",
        "filter_outliers_dict": {
            "filter_outliers": true,
            "iterations": 1,
            "std_devs": 2,
            "use_standard_deviation_filtering": false
        },
        "fit": "Parabolic",
        "fn": 578,
        "include_baseline_error": false,
        "n": 600,
        "outlier_excluded": [
            0,
            390,
            264,
            406,
            538,
            296,
            47,
            562,
            575,
            453,
            455,
            465,
            216,
            218,
            221,
            351,
            480,
            225,
            100,
            487,
            110,
            377
        ],
        "reviewed": true,
        "user_excluded": [],
        "value": 0.0057827878808101125
    },
    "Ar37": {
        "error": 0.010129312492956661,
        "error_type": "SEM",
        "filter_outliers_dict": {
            "filter_outliers": true,
            "iterations": 1,
            "std_devs": 2,
            "use_standard_deviation_filtering": false
        },
        "fit": "Linear",
        "fn": 568,
        "include_baseline_error": false,
        "n": 600,
        "outlier_excluded": [
            130,
            514,
            394,
            523,
            13,
            532,
            536,
            155,
            157,
            414,
            160,
            161,
            550,
            425,
            432,
            309,
            441,
            572,
            450,
            581,
            198,
            86,
            351,
            361,
            235,
            237,
            245,
            373,
            247,
            121,
            124,
            125
        ],
        "reviewed": true,
        "user_excluded": [],
        "value": 0.15671656950284227
    },
    "Ar38": {
        "error": 0.012607551680359229,
        "error_type": "SEM",
        "filter_outliers_dict": {
            "filter_outliers": true,
            "iterations": 1,
            "std_devs": 2,
            "use_standard_deviation_filtering": false
        },
        "fit": "Linear",
        "fn": 579,
        "include_baseline_error": false,
        "n": 600,
        "outlier_excluded": [
            577,
            578,
            164,
            5,
            70,
            6,
            39,
            296,
            392,
            524,
            589,
            142,
            207,
            431,
            528,
            308,
            566,
            313,
            314,
            572,
            223
        ],
        "reviewed": true,
        "user_excluded": [],
        "value": 0.21963943706813233
    },
    "Ar39": {
        "error": 0.020539090385942996,
        "error_type": "SEM",
        "filter_outliers_dict": {
            "filter_outliers": true,
            "iterations": 1,
            "std_devs": 2,
            "use_standard_deviation_filtering": false
        },
        "fit": "Parabolic",
        "fn": 576,
        "include_baseline_error": false,
        "n": 600,
        "outlier_excluded": [
            134,
            392,
            137,
            138,
            141,
            21,
            533,
            534,
            280,
            158,
            163,
            164,
            291,
            298,
            171,
            564,
            568,
            572,
            454,
            591,
            595,
            89,
            111,
            371
        ],
        "reviewed": true,
        "user_excluded": [],
        "value": 31.757836041932947
    },
    "Ar40": {
        "error": 0.01717224339479908,
        "error_type": "SEM",
        "filter_outliers_dict": {
            "filter_outliers": true,
            "iterations": 1,
            "std_devs": 2,
            "use_standard_deviation_filtering": false
        },
        "fit": "Parabolic",
        "fn": 571,
        "include_baseline_error": false,
        "n": 600,
        "outlier_excluded": [
            258,
            387,
            4,
            132,
            262,
            135,
            391,
            16,
            402,
            168,
            177,
            181,
            313,
            314,
            441,
            574,
            321,
            456,
            587,
            212,
            474,
            91,
            220,
            94,
            95,
            485,
            114,
            378,
            383
        ],
        "reviewed": true,
        "user_excluded": [],
        "value": 7.049603771878548
    },
    "Ar41": {
        "error": 0.005267939874584881,
        "error_type": "SEM",
        "filter_outliers_dict": {
            "filter_outliers": true,
            "iterations": 1,
            "std_devs": 2,
            "use_standard_deviation_filtering": false
        },
        "fit": "average",
        "value": 0.2114326456705277
    }
}