{
    "Ar36": {
        "error": 0.00015397078205860637,
        "error_type": "SEM",
        "filter_outliers_dict": {
            "filter_outliers": true,
            "iterations": 1,
            "std_devs": 2,
            "use_standard_deviation_filtering": false
        },
        "fit": "Parabolic",
        "fn": 573,
        "include_baseline_error": false,
        "n": 600,
        "outlier_excluded": [
            1,
            391,
            525,
            142,
            532,
            150,
            535,
            152,
            538,
            412,
            418,
            419,
            172,
            561,
            311,
            576,
            325,
            584,
            459,
            343,
            345,
            476,
            354,
            355,
            103,
            368,
            498
        ],
        "reviewed": true,
        "user_excluded": [],
        "value": 0.005935404487468328
    },
    "Ar37": {
        "error": 0.009840116249734753,
        "error_type": "SEM",
        "filter_outliers_dict": {
            "filter_outliers": true,
            "iterations": 1,
            "std_devs": 2,
            "use_standard_deviation_filtering": false
        },
        "fit": "Linear",
        "fn": 577,
        "include_baseline_error": false,
        "n": 600,
        "outlier_excluded": [
            262,
            267,
            141,
            402,
            25,
            540,
            412,
            542,
            165,
            293,
            552,
            556,
            312,
            316,
            466,
            347,
            478,
            479,
            227,
            366,
            249,
            125,
            511
        ],
        "reviewed": true,
        "user_excluded": [],
        "value": 0.15643048962240694
    },
    "Ar38": {
        "error": 0.008996947477702907,
        "error_type": "SEM",
        "filter_outliers_dict": {
            "filter_outliers": true,
            "iterations": 1,
            "std_devs": 2,
            "use_standard_deviation_filtering": false
        },
        "fit": "Linear",
        "fn": 564,
        "include_baseline_error": false,
        "n": 600,
        "outlier_excluded": [
            0,
            10,
            273,
            18,
            146,
            279,
            31,
            418,
            419,
            420,
            166,
            172,
            301,
            428,
            560,
            49,
            305,
            444,
            572,
            573,
            195,
            201,
            585,
            83,
            474,
            477,
            351,
            479,
            98,
            101,
            230,
            362,
            501,
            374,
            375,
            504
        ],
        "reviewed": true,
        "user_excluded": [],
        "value": -0.05655411348333812
    },
    "Ar39": {
        "error": 0.014841942614855759,
        "error_type": "SEM",
        "filter_outliers_dict": {
            "filter_outliers": true,
            "iterations": 1,
            "std_devs": 2,
            "use_standard_deviation_filtering": false
        },
        "fit": "Parabolic",
        "fn": 575,
        "include_baseline_error": false,
        "n": 600,
        "outlier_excluded": [
            533,
            534,
            537,
            546,
            549,
            166,
            168,
            171,
            305,
            182,
            310,
            577,
            323,
            455,
            90,
            354,
            355,
            102,
            358,
            359,
            361,
            362,
            504,
            508,
            381
        ],
        "reviewed": true,
        "user_excluded": [],
        "value": 11.34315034002363
    },
    "Ar40": {
        "error": 0.016138761843336197,
        "error_type": "SEM",
        "filter_outliers_dict": {
            "filter_outliers": true,
            "iterations": 1,
            "std_devs": 2,
            "use_standard_deviation_filtering": false
        },
        "fit": "Parabolic",
        "fn": 579,
        "include_baseline_error": false,
        "n": 600,
        "outlier_excluded": [
            32,
            543,
            418,
            3,
            132,
            133,
            419,
            451,
            232,
            425,
            519,
            581,
            526,
            495,
            468,
            181,
            598,
            219,
            413,
            30,
            350
        ],
        "reviewed": true,
        "user_excluded": [],
        "value": 3.794121655561158
    },
    "Ar41": {
        "error": 0.005205892317825316,
        "error_type": "SEM",
        "filter_outliers_dict": {
            "filter_outliers": true,
            "iterations": 1,
            "std_devs": 2,
            "use_standard_deviation_filtering": false
        },
        "fit": "average",
        "value": -0.05159216071448333
    }
}