{
    "Ar36": {
        "error": 0.00026289599411627896,
        "error_type": "SEM",
        "filter_outliers_dict": {
            "filter_outliers": true,
            "iterations": 1,
            "std_devs": 2,
            "use_standard_deviation_filtering": false
        },
        "fit": "Parabolic",
        "fn": 577,
        "include_baseline_error": false,
        "n": 600,
        "outlier_excluded": [
            13,
            527,
            146,
            278,
            538,
            283,
            415,
            38,
            294,
            431,
            571,
            572,
            190,
            325,
            343,
            216,
            93,
            225,
            355,
            356,
            359,
            114,
            126
        ],
        "reviewed": true,
        "user_excluded": [],
        "value": 0.027911951297306704
    },
    "Ar37": {
        "error": 0.00974344991017795,
        "error_type": "SEM",
        "filter_outliers_dict": {
            "filter_outliers": true,
            "iterations": 1,
            "std_devs": 2,
            "use_standard_deviation_filtering": false
        },
        "fit": "Linear",
        "fn": 575,
        "include_baseline_error": false,
        "n": 600,
        "outlier_excluded": [
            515,
            264,
            274,
            408,
            286,
            164,
            559,
            304,
            49,
            563,
            567,
            186,
            64,
            215,
            88,
            343,
            474,
            599,
            477,
            479,
            106,
            237,
            368,
            241,
            503
        ],
        "reviewed": true,
        "user_excluded": [],
        "value": 0.15037593967952628
    },
    "Ar38": {
        "error": 0.011835500642773944,
        "error_type": "SEM",
        "filter_outliers_dict": {
            "filter_outliers": true,
            "iterations": 1,
            "std_devs": 2,
            "use_standard_deviation_filtering": false
        },
        "fit": "Linear",
        "fn": 571,
        "include_baseline_error": false,
        "n": 600,
        "outlier_excluded": [
            261,
            393,
            521,
            396,
            397,
            275,
            545,
            296,
            177,
            178,
            444,
            189,
            192,
            67,
            68,
            72,
            205,
            78,
            208,
            84,
            220,
            101,
            231,
            366,
            241,
            503,
            123,
            126,
            255
        ],
        "reviewed": true,
        "user_excluded": [],
        "value": 0.35046465887893646
    },
    "Ar39": {
        "error": 0.019439803130254438,
        "error_type": "SEM",
        "filter_outliers_dict": {
            "filter_outliers": true,
            "iterations": 1,
            "std_devs": 2,
            "use_standard_deviation_filtering": false
        },
        "fit": "Parabolic",
        "fn": 578,
        "include_baseline_error": false,
        "n": 600,
        "outlier_excluded": [
            3,
            4,
            259,
            263,
            393,
            394,
            396,
            397,
            398,
            148,
            286,
            167,
            433,
            443,
            576,
            327,
            76,
            335,
            351,
            482,
            491,
            125
        ],
        "reviewed": true,
        "user_excluded": [],
        "value": 36.33341852685855
    },
    "Ar40": {
        "error": 0.02063229824442935,
        "error_type": "SEM",
        "filter_outliers_dict": {
            "filter_outliers": true,
            "iterations": 1,
            "std_devs": 2,
            "use_standard_deviation_filtering": false
        },
        "fit": "Parabolic",
        "fn": 575,
        "include_baseline_error": false,
        "n": 600,
        "outlier_excluded": [
            3,
            515,
            11,
            12,
            139,
            397,
            18,
            530,
            153,
            287,
            288,
            425,
            172,
            304,
            53,
            438,
            55,
            444,
            191,
            327,
            584,
            212,
            355,
            108,
            379
        ],
        "reviewed": true,
        "user_excluded": [],
        "value": 14.467773731037255
    },
    "Ar41": {
        "error": 0.005081017667490838,
        "error_type": "SEM",
        "filter_outliers_dict": {
            "filter_outliers": true,
            "iterations": 1,
            "std_devs": 2,
            "use_standard_deviation_filtering": false
        },
        "fit": "average",
        "value": -0.05027967133769885
    }
}