{
    "Ar36": {
        "error": 0.00016072388625189114,
        "error_type": "SEM",
        "filter_outliers_dict": {
            "filter_outliers": true,
            "iterations": 1,
            "std_devs": 2,
            "use_standard_deviation_filtering": false
        },
        "fit": "Parabolic",
        "fn": 569,
        "include_baseline_error": false,
        "n": 600,
        "outlier_excluded": [
            258,
            514,
            530,
            541,
            287,
            422,
            423,
            424,
            550,
            428,
            176,
            183,
            570,
            188,
            189,
            327,
            329,
            206,
            594,
            89,
            473,
            474,
            96,
            480,
            98,
            363,
            364,
            491,
            238,
            505,
            507
        ],
        "reviewed": true,
        "user_excluded": [],
        "value": 0.007831566328432366
    },
    "Ar37": {
        "error": 0.01011974691462111,
        "error_type": "SEM",
        "filter_outliers_dict": {
            "filter_outliers": true,
            "iterations": 1,
            "std_devs": 2,
            "use_standard_deviation_filtering": false
        },
        "fit": "Linear",
        "fn": 573,
        "include_baseline_error": false,
        "n": 600,
        "outlier_excluded": [
            385,
            386,
            517,
            518,
            392,
            142,
            148,
            282,
            156,
            29,
            166,
            167,
            302,
            175,
            50,
            181,
            591,
            336,
            471,
            472,
            473,
            474,
            98,
            368,
            241,
            245,
            510
        ],
        "reviewed": true,
        "user_excluded": [],
        "value": 0.161202839798149
    },
    "Ar38": {
        "error": 0.012556975697678512,
        "error_type": "SEM",
        "filter_outliers_dict": {
            "filter_outliers": true,
            "iterations": 1,
            "std_devs": 2,
            "use_standard_deviation_filtering": false
        },
        "fit": "Linear",
        "fn": 581,
        "include_baseline_error": false,
        "n": 600,
        "outlier_excluded": [
            160,
            130,
            483,
            36,
            420,
            549,
            551,
            488,
            267,
            80,
            113,
            594,
            83,
            53,
            85,
            245,
            569,
            187,
            93
        ],
        "reviewed": true,
        "user_excluded": [],
        "value": 0.21174062605682636
    },
    "Ar39": {
        "error": 0.018505465146917043,
        "error_type": "SEM",
        "filter_outliers_dict": {
            "filter_outliers": true,
            "iterations": 1,
            "std_devs": 2,
            "use_standard_deviation_filtering": false
        },
        "fit": "Parabolic",
        "fn": 565,
        "include_baseline_error": false,
        "n": 600,
        "outlier_excluded": [
            390,
            138,
            266,
            273,
            407,
            408,
            29,
            164,
            165,
            295,
            168,
            41,
            556,
            558,
            49,
            563,
            55,
            67,
            71,
            339,
            469,
            470,
            473,
            474,
            475,
            477,
            478,
            95,
            106,
            237,
            366,
            368,
            496,
            497,
            126
        ],
        "reviewed": true,
        "user_excluded": [],
        "value": 32.7185251641133
    },
    "Ar40": {
        "error": 0.01701257828227829,
        "error_type": "SEM",
        "filter_outliers_dict": {
            "filter_outliers": true,
            "iterations": 1,
            "std_devs": 2,
            "use_standard_deviation_filtering": false
        },
        "fit": "Parabolic",
        "fn": 572,
        "include_baseline_error": false,
        "n": 600,
        "outlier_excluded": [
            256,
            3,
            137,
            17,
            146,
            415,
            296,
            559,
            177,
            179,
            188,
            572,
            319,
            69,
            71,
            204,
            205,
            595,
            340,
            599,
            216,
            473,
            474,
            220,
            352,
            493,
            242,
            376
        ],
        "reviewed": true,
        "user_excluded": [],
        "value": 7.606016854624118
    },
    "Ar41": {
        "error": 0.00519959988154482,
        "error_type": "SEM",
        "filter_outliers_dict": {
            "filter_outliers": true,
            "iterations": 1,
            "std_devs": 2,
            "use_standard_deviation_filtering": false
        },
        "fit": "average",
        "value": 0.20175352680104736
    }
}