{
    "Ar36": {
        "error": 0.00016044661421508034,
        "error_type": "SEM",
        "filter_outliers_dict": {
            "filter_outliers": true,
            "iterations": 1,
            "std_devs": 2,
            "use_standard_deviation_filtering": false
        },
        "fit": "Parabolic",
        "fn": 577,
        "include_baseline_error": false,
        "n": 600,
        "outlier_excluded": [
            272,
            420,
            421,
            426,
            427,
            429,
            52,
            315,
            192,
            581,
            456,
            587,
            208,
            214,
            89,
            473,
            483,
            230,
            488,
            236,
            497,
            501,
            503
        ],
        "reviewed": true,
        "user_excluded": [],
        "value": 0.00654035203630468
    },
    "Ar37": {
        "error": 0.009231177592614825,
        "error_type": "SEM",
        "filter_outliers_dict": {
            "filter_outliers": true,
            "iterations": 1,
            "std_devs": 2,
            "use_standard_deviation_filtering": false
        },
        "fit": "Linear",
        "fn": 571,
        "include_baseline_error": false,
        "n": 600,
        "outlier_excluded": [
            257,
            514,
            132,
            133,
            138,
            395,
            269,
            279,
            166,
            554,
            172,
            173,
            556,
            304,
            54,
            446,
            580,
            197,
            200,
            201,
            461,
            589,
            209,
            468,
            599,
            346,
            230,
            488,
            503
        ],
        "reviewed": true,
        "user_excluded": [],
        "value": 0.16794702286341967
    },
    "Ar38": {
        "error": 0.011796831919665764,
        "error_type": "SEM",
        "filter_outliers_dict": {
            "filter_outliers": true,
            "iterations": 1,
            "std_devs": 2,
            "use_standard_deviation_filtering": false
        },
        "fit": "Linear",
        "fn": 577,
        "include_baseline_error": false,
        "n": 600,
        "outlier_excluded": [
            518,
            524,
            283,
            155,
            415,
            34,
            548,
            168,
            46,
            435,
            59,
            192,
            323,
            68,
            451,
            83,
            85,
            349,
            221,
            487,
            233,
            123,
            127
        ],
        "reviewed": true,
        "user_excluded": [],
        "value": 0.10173531357799276
    },
    "Ar39": {
        "error": 0.01710357920963619,
        "error_type": "SEM",
        "filter_outliers_dict": {
            "filter_outliers": true,
            "iterations": 1,
            "std_devs": 2,
            "use_standard_deviation_filtering": false
        },
        "fit": "Parabolic",
        "fn": 570,
        "include_baseline_error": false,
        "n": 600,
        "outlier_excluded": [
            257,
            7,
            264,
            519,
            12,
            16,
            532,
            24,
            164,
            295,
            169,
            175,
            182,
            439,
            187,
            316,
            189,
            573,
            447,
            574,
            581,
            337,
            212,
            340,
            229,
            231,
            232,
            487,
            373,
            502
        ],
        "reviewed": true,
        "user_excluded": [],
        "value": 24.242923231238684
    },
    "Ar40": {
        "error": 0.016725487833267032,
        "error_type": "SEM",
        "filter_outliers_dict": {
            "filter_outliers": true,
            "iterations": 1,
            "std_devs": 2,
            "use_standard_deviation_filtering": false
        },
        "fit": "Parabolic",
        "fn": 576,
        "include_baseline_error": false,
        "n": 600,
        "outlier_excluded": [
            5,
            263,
            395,
            268,
            14,
            526,
            400,
            19,
            532,
            406,
            279,
            538,
            286,
            159,
            193,
            578,
            457,
            460,
            589,
            213,
            87,
            356,
            229,
            506
        ],
        "reviewed": true,
        "user_excluded": [],
        "value": 5.872673299446177
    },
    "Ar41": {
        "error": 0.0054254658069027685,
        "error_type": "SEM",
        "filter_outliers_dict": {
            "filter_outliers": true,
            "iterations": 1,
            "std_devs": 2,
            "use_standard_deviation_filtering": false
        },
        "fit": "average",
        "value": 0.20442956915817184
    }
}