{
    "Ar36": {
        "error": 0.00040242377720006326,
        "error_type": "SD",
        "filter_outliers_dict": {
            "filter_outliers": true,
            "iterations": 1,
            "std_devs": 2,
            "use_standard_deviation_filtering": false
        },
        "fit": "Parabolic",
        "fn": 384,
        "include_baseline_error": false,
        "n": 400,
        "outlier_excluded": [
            224,
            97,
            162,
            259,
            291,
            41,
            74,
            266,
            12,
            393,
            238,
            336,
            338,
            118,
            88,
            218
        ],
        "reviewed": true,
        "user_excluded": [],
        "value": 0.043272899733005105
    },
    "Ar37": {
        "error": 0.013594406284244362,
        "error_type": "SD",
        "filter_outliers_dict": {
            "filter_outliers": true,
            "iterations": 1,
            "std_devs": 2,
            "use_standard_deviation_filtering": false
        },
        "fit": "Linear",
        "fn": 382,
        "include_baseline_error": false,
        "n": 400,
        "outlier_excluded": [
            97,
            291,
            133,
            203,
            109,
            141,
            142,
            81,
            209,
            369,
            84,
            21,
            183,
            184,
            217,
            381,
            62,
            127
        ],
        "reviewed": true,
        "user_excluded": [],
        "value": 0.02770181301108851
    },
    "Ar38": {
        "error": 0.011836130051191574,
        "error_type": "SD",
        "filter_outliers_dict": {
            "filter_outliers": true,
            "iterations": 1,
            "std_devs": 2,
            "use_standard_deviation_filtering": false
        },
        "fit": "Linear",
        "fn": 366,
        "include_baseline_error": false,
        "n": 400,
        "outlier_excluded": [
            0,
            129,
            4,
            10,
            268,
            273,
            157,
            40,
            297,
            46,
            49,
            306,
            181,
            56,
            61,
            63,
            194,
            70,
            201,
            206,
            79,
            342,
            217,
            345,
            222,
            224,
            353,
            354,
            362,
            364,
            111,
            240,
            375,
            123
        ],
        "reviewed": true,
        "user_excluded": [],
        "value": 0.012506402541961437
    },
    "Ar39": {
        "error": 0.010409773013968556,
        "error_type": "SD",
        "filter_outliers_dict": {
            "filter_outliers": true,
            "iterations": 1,
            "std_devs": 2,
            "use_standard_deviation_filtering": false
        },
        "fit": "Parabolic",
        "fn": 384,
        "include_baseline_error": false,
        "n": 400,
        "outlier_excluded": [
            320,
            352,
            226,
            290,
            7,
            8,
            362,
            141,
            303,
            49,
            179,
            275,
            217,
            282,
            283,
            285
        ],
        "reviewed": true,
        "user_excluded": [],
        "value": 5.716557367392041
    },
    "Ar40": {
        "error": 0.021870234050770654,
        "error_type": "SD",
        "filter_outliers_dict": {
            "filter_outliers": true,
            "iterations": 1,
            "std_devs": 2,
            "use_standard_deviation_filtering": false
        },
        "fit": "Parabolic",
        "fn": 383,
        "include_baseline_error": false,
        "n": 400,
        "outlier_excluded": [
            0,
            63,
            162,
            258,
            4,
            387,
            328,
            76,
            142,
            207,
            210,
            181,
            213,
            153,
            28,
            188,
            127
        ],
        "reviewed": true,
        "user_excluded": [],
        "value": 13.983625163879015
    },
    "Ar41": {
        "error": 0.12340966540516728,
        "error_type": "SD",
        "filter_outliers_dict": {
            "filter_outliers": false,
            "iterations": 1,
            "std_devs": 1,
            "use_standard_deviation_filtering": false
        },
        "fit": "average_SEM",
        "value": -0.014535947373005911
    }
}