{
    "Ar36": {
        "error": 0.00016572052433531858,
        "error_type": "SEM",
        "filter_outliers_dict": {
            "filter_outliers": true,
            "iterations": 1,
            "std_devs": 2,
            "use_standard_deviation_filtering": false
        },
        "fit": "Parabolic",
        "fn": 573,
        "include_baseline_error": false,
        "n": 600,
        "outlier_excluded": [
            4,
            516,
            265,
            525,
            408,
            156,
            288,
            420,
            170,
            298,
            51,
            181,
            437,
            565,
            441,
            448,
            581,
            589,
            590,
            335,
            208,
            218,
            354,
            102,
            234,
            367,
            377
        ],
        "reviewed": true,
        "user_excluded": [],
        "value": 0.008132892847011058
    },
    "Ar37": {
        "error": 0.010200239977048038,
        "error_type": "SEM",
        "filter_outliers_dict": {
            "filter_outliers": true,
            "iterations": 1,
            "std_devs": 2,
            "use_standard_deviation_filtering": false
        },
        "fit": "Linear",
        "fn": 571,
        "include_baseline_error": false,
        "n": 600,
        "outlier_excluded": [
            258,
            389,
            6,
            8,
            17,
            18,
            530,
            531,
            535,
            154,
            548,
            425,
            441,
            443,
            444,
            193,
            194,
            577,
            198,
            80,
            593,
            476,
            352,
            356,
            237,
            238,
            241,
            243,
            372
        ],
        "reviewed": true,
        "user_excluded": [],
        "value": 0.13812283533510902
    },
    "Ar38": {
        "error": 0.009136483603947662,
        "error_type": "SEM",
        "filter_outliers_dict": {
            "filter_outliers": true,
            "iterations": 1,
            "std_devs": 2,
            "use_standard_deviation_filtering": false
        },
        "fit": "Linear",
        "fn": 561,
        "include_baseline_error": false,
        "n": 600,
        "outlier_excluded": [
            256,
            1,
            385,
            133,
            261,
            520,
            145,
            401,
            19,
            276,
            402,
            26,
            542,
            162,
            547,
            295,
            168,
            169,
            43,
            45,
            430,
            565,
            440,
            313,
            191,
            320,
            582,
            583,
            72,
            332,
            78,
            80,
            337,
            212,
            358,
            234,
            374,
            377,
            254
        ],
        "reviewed": true,
        "user_excluded": [],
        "value": -0.03669036604973516
    },
    "Ar39": {
        "error": 0.017079094615435303,
        "error_type": "SEM",
        "filter_outliers_dict": {
            "filter_outliers": true,
            "iterations": 1,
            "std_devs": 2,
            "use_standard_deviation_filtering": false
        },
        "fit": "Parabolic",
        "fn": 574,
        "include_baseline_error": false,
        "n": 600,
        "outlier_excluded": [
            1,
            130,
            133,
            134,
            517,
            136,
            274,
            277,
            281,
            282,
            423,
            557,
            303,
            564,
            183,
            70,
            71,
            587,
            461,
            335,
            98,
            364,
            241,
            245,
            246,
            248
        ],
        "reviewed": true,
        "user_excluded": [],
        "value": 13.293007529372051
    },
    "Ar40": {
        "error": 0.01630940905810324,
        "error_type": "SEM",
        "filter_outliers_dict": {
            "filter_outliers": true,
            "iterations": 1,
            "std_devs": 2,
            "use_standard_deviation_filtering": false
        },
        "fit": "Parabolic",
        "fn": 571,
        "include_baseline_error": false,
        "n": 600,
        "outlier_excluded": [
            1,
            4,
            13,
            31,
            162,
            290,
            430,
            561,
            435,
            436,
            567,
            568,
            442,
            319,
            202,
            332,
            460,
            591,
            215,
            216,
            357,
            103,
            493,
            366,
            118,
            374,
            376,
            509,
            382
        ],
        "reviewed": true,
        "user_excluded": [],
        "value": 4.615740674690533
    },
    "Ar41": {
        "error": 0.0050651796398767145,
        "error_type": "SEM",
        "filter_outliers_dict": {
            "filter_outliers": true,
            "iterations": 1,
            "std_devs": 2,
            "use_standard_deviation_filtering": false
        },
        "fit": "average",
        "value": -0.05045062109863426
    }
}