{
    "Ar36": {
        "error": 0.00013790215281208015,
        "error_type": "SEM",
        "filter_outliers_dict": {
            "filter_outliers": true,
            "iterations": 1,
            "std_devs": 2,
            "use_standard_deviation_filtering": false
        },
        "fit": "Parabolic",
        "fn": 570,
        "include_baseline_error": false,
        "n": 600,
        "outlier_excluded": [
            513,
            386,
            387,
            265,
            398,
            400,
            276,
            535,
            411,
            541,
            543,
            551,
            427,
            562,
            439,
            318,
            579,
            198,
            326,
            327,
            328,
            587,
            204,
            333,
            590,
            591,
            466,
            479,
            241,
            508
        ],
        "reviewed": true,
        "user_excluded": [],
        "value": 0.004794326132192076
    },
    "Ar37": {
        "error": 0.009704383029414398,
        "error_type": "SEM",
        "filter_outliers_dict": {
            "filter_outliers": true,
            "iterations": 1,
            "std_devs": 2,
            "use_standard_deviation_filtering": false
        },
        "fit": "Linear",
        "fn": 577,
        "include_baseline_error": false,
        "n": 600,
        "outlier_excluded": [
            384,
            523,
            411,
            29,
            158,
            549,
            39,
            426,
            430,
            175,
            560,
            178,
            188,
            67,
            199,
            208,
            216,
            217,
            368,
            124,
            509,
            254,
            383
        ],
        "reviewed": true,
        "user_excluded": [],
        "value": 0.1664165745426804
    },
    "Ar38": {
        "error": 0.009225321453954738,
        "error_type": "SEM",
        "filter_outliers_dict": {
            "filter_outliers": true,
            "iterations": 1,
            "std_devs": 2,
            "use_standard_deviation_filtering": false
        },
        "fit": "Linear",
        "fn": 567,
        "include_baseline_error": false,
        "n": 600,
        "outlier_excluded": [
            391,
            392,
            393,
            519,
            142,
            148,
            149,
            542,
            34,
            35,
            164,
            422,
            425,
            43,
            300,
            434,
            441,
            61,
            578,
            581,
            77,
            461,
            212,
            343,
            345,
            477,
            359,
            232,
            236,
            112,
            113,
            122,
            250
        ],
        "reviewed": true,
        "user_excluded": [],
        "value": -0.03860189165155687
    },
    "Ar39": {
        "error": 0.017190043423364162,
        "error_type": "SEM",
        "filter_outliers_dict": {
            "filter_outliers": true,
            "iterations": 1,
            "std_devs": 2,
            "use_standard_deviation_filtering": false
        },
        "fit": "Parabolic",
        "fn": 575,
        "include_baseline_error": false,
        "n": 600,
        "outlier_excluded": [
            524,
            140,
            286,
            426,
            555,
            46,
            47,
            182,
            186,
            187,
            576,
            577,
            68,
            468,
            220,
            96,
            364,
            365,
            238,
            239,
            242,
            500,
            505,
            122,
            380
        ],
        "reviewed": true,
        "user_excluded": [],
        "value": 13.797673210146584
    },
    "Ar40": {
        "error": 0.01664100830676885,
        "error_type": "SEM",
        "filter_outliers_dict": {
            "filter_outliers": true,
            "iterations": 1,
            "std_devs": 2,
            "use_standard_deviation_filtering": false
        },
        "fit": "Parabolic",
        "fn": 572,
        "include_baseline_error": false,
        "n": 600,
        "outlier_excluded": [
            256,
            388,
            138,
            525,
            526,
            533,
            538,
            27,
            539,
            169,
            170,
            555,
            177,
            561,
            51,
            181,
            338,
            216,
            98,
            482,
            356,
            103,
            105,
            491,
            364,
            249,
            506,
            253
        ],
        "reviewed": true,
        "user_excluded": [],
        "value": 3.559823075274742
    },
    "Ar41": {
        "error": 0.005279066831594471,
        "error_type": "SEM",
        "filter_outliers_dict": {
            "filter_outliers": true,
            "iterations": 1,
            "std_devs": 2,
            "use_standard_deviation_filtering": false
        },
        "fit": "average",
        "value": -0.04979168422743307
    }
}