{
    "Ar36": {
        "error": 0.0001736054426994901,
        "error_type": "SEM",
        "filter_outliers_dict": {
            "filter_outliers": true,
            "iterations": 1,
            "std_devs": 2,
            "use_standard_deviation_filtering": false
        },
        "fit": "Parabolic",
        "fn": 573,
        "include_baseline_error": false,
        "n": 600,
        "outlier_excluded": [
            391,
            520,
            268,
            151,
            282,
            158,
            416,
            546,
            428,
            429,
            304,
            181,
            438,
            573,
            452,
            581,
            454,
            467,
            468,
            478,
            355,
            359,
            487,
            496,
            506,
            252,
            253
        ],
        "reviewed": true,
        "user_excluded": [],
        "value": 0.009605172305823154
    },
    "Ar37": {
        "error": 0.010800834490962969,
        "error_type": "SEM",
        "filter_outliers_dict": {
            "filter_outliers": true,
            "iterations": 1,
            "std_devs": 2,
            "use_standard_deviation_filtering": false
        },
        "fit": "Linear",
        "fn": 576,
        "include_baseline_error": false,
        "n": 600,
        "outlier_excluded": [
            513,
            10,
            148,
            413,
            159,
            162,
            163,
            164,
            165,
            291,
            562,
            436,
            309,
            437,
            578,
            456,
            202,
            77,
            78,
            92,
            482,
            232,
            109,
            254
        ],
        "reviewed": true,
        "user_excluded": [],
        "value": 0.16227307346526415
    },
    "Ar38": {
        "error": 0.01272789426054325,
        "error_type": "SEM",
        "filter_outliers_dict": {
            "filter_outliers": true,
            "iterations": 1,
            "std_devs": 2,
            "use_standard_deviation_filtering": false
        },
        "fit": "Linear",
        "fn": 578,
        "include_baseline_error": false,
        "n": 600,
        "outlier_excluded": [
            1,
            386,
            528,
            530,
            415,
            164,
            165,
            420,
            59,
            572,
            200,
            209,
            210,
            344,
            227,
            101,
            107,
            237,
            370,
            121,
            122,
            509
        ],
        "reviewed": true,
        "user_excluded": [],
        "value": 0.1585314764748514
    },
    "Ar39": {
        "error": 0.01719170214732849,
        "error_type": "SEM",
        "filter_outliers_dict": {
            "filter_outliers": true,
            "iterations": 1,
            "std_devs": 2,
            "use_standard_deviation_filtering": false
        },
        "fit": "Parabolic",
        "fn": 569,
        "include_baseline_error": false,
        "n": 600,
        "outlier_excluded": [
            258,
            9,
            14,
            143,
            144,
            158,
            542,
            548,
            168,
            169,
            171,
            559,
            59,
            315,
            445,
            318,
            319,
            72,
            74,
            469,
            346,
            220,
            221,
            481,
            483,
            103,
            362,
            363,
            366,
            244,
            511
        ],
        "reviewed": true,
        "user_excluded": [],
        "value": 28.850357316854044
    },
    "Ar40": {
        "error": 0.01716959839492245,
        "error_type": "SEM",
        "filter_outliers_dict": {
            "filter_outliers": true,
            "iterations": 1,
            "std_devs": 2,
            "use_standard_deviation_filtering": false
        },
        "fit": "Parabolic",
        "fn": 573,
        "include_baseline_error": false,
        "n": 600,
        "outlier_excluded": [
            1,
            5,
            7,
            393,
            394,
            522,
            163,
            169,
            170,
            174,
            432,
            563,
            310,
            57,
            569,
            570,
            444,
            459,
            333,
            461,
            335,
            349,
            482,
            239,
            370,
            376,
            255
        ],
        "reviewed": true,
        "user_excluded": [],
        "value": 7.546544381016613
    },
    "Ar41": {
        "error": 0.004888698161539359,
        "error_type": "SEM",
        "filter_outliers_dict": {
            "filter_outliers": true,
            "iterations": 1,
            "std_devs": 2,
            "use_standard_deviation_filtering": false
        },
        "fit": "average",
        "value": -0.059442908789371404
    }
}