{
    "Ar36": {
        "error": 0.0001426698540608587,
        "error_type": "SEM",
        "filter_outliers_dict": {
            "filter_outliers": true,
            "iterations": 1,
            "std_devs": 2,
            "use_standard_deviation_filtering": false
        },
        "fit": "Parabolic",
        "fn": 571,
        "include_baseline_error": false,
        "n": 600,
        "outlier_excluded": [
            256,
            260,
            390,
            550,
            300,
            559,
            315,
            444,
            574,
            450,
            452,
            69,
            453,
            327,
            580,
            76,
            332,
            335,
            593,
            469,
            478,
            361,
            237,
            240,
            498,
            371,
            119,
            505,
            255
        ],
        "reviewed": true,
        "user_excluded": [],
        "value": 0.0055821281870379645
    },
    "Ar37": {
        "error": 0.010382798743802433,
        "error_type": "SEM",
        "filter_outliers_dict": {
            "filter_outliers": true,
            "iterations": 1,
            "std_devs": 2,
            "use_standard_deviation_filtering": false
        },
        "fit": "Linear",
        "fn": 577,
        "include_baseline_error": false,
        "n": 600,
        "outlier_excluded": [
            515,
            534,
            407,
            537,
            545,
            423,
            551,
            43,
            191,
            65,
            325,
            199,
            71,
            586,
            590,
            465,
            466,
            341,
            347,
            230,
            367,
            509,
            382
        ],
        "reviewed": true,
        "user_excluded": [],
        "value": 0.1763382220787249
    },
    "Ar38": {
        "error": 0.011510987956209093,
        "error_type": "SEM",
        "filter_outliers_dict": {
            "filter_outliers": true,
            "iterations": 1,
            "std_devs": 2,
            "use_standard_deviation_filtering": false
        },
        "fit": "Linear",
        "fn": 580,
        "include_baseline_error": false,
        "n": 600,
        "outlier_excluded": [
            448,
            165,
            327,
            328,
            457,
            583,
            584,
            77,
            366,
            239,
            304,
            335,
            210,
            527,
            52,
            372,
            567,
            536,
            410,
            155
        ],
        "reviewed": true,
        "user_excluded": [],
        "value": 0.17172932053730391
    },
    "Ar39": {
        "error": 0.017107222466380925,
        "error_type": "SEM",
        "filter_outliers_dict": {
            "filter_outliers": true,
            "iterations": 1,
            "std_devs": 2,
            "use_standard_deviation_filtering": false
        },
        "fit": "Parabolic",
        "fn": 569,
        "include_baseline_error": false,
        "n": 600,
        "outlier_excluded": [
            128,
            513,
            516,
            389,
            517,
            136,
            140,
            141,
            144,
            25,
            420,
            37,
            422,
            295,
            424,
            45,
            303,
            178,
            307,
            196,
            582,
            328,
            73,
            206,
            225,
            481,
            105,
            493,
            110,
            246,
            119
        ],
        "reviewed": true,
        "user_excluded": [],
        "value": 28.23868600806912
    },
    "Ar40": {
        "error": 0.015416301745174865,
        "error_type": "SEM",
        "filter_outliers_dict": {
            "filter_outliers": true,
            "iterations": 1,
            "std_devs": 2,
            "use_standard_deviation_filtering": false
        },
        "fit": "Parabolic",
        "fn": 570,
        "include_baseline_error": false,
        "n": 600,
        "outlier_excluded": [
            517,
            391,
            139,
            12,
            397,
            273,
            157,
            160,
            289,
            163,
            422,
            425,
            184,
            568,
            570,
            452,
            453,
            326,
            77,
            465,
            92,
            221,
            100,
            228,
            363,
            111,
            367,
            242,
            373,
            253
        ],
        "reviewed": true,
        "user_excluded": [],
        "value": 6.142303581742734
    },
    "Ar41": {
        "error": 0.004923419783126148,
        "error_type": "SEM",
        "filter_outliers_dict": {
            "filter_outliers": true,
            "iterations": 1,
            "std_devs": 2,
            "use_standard_deviation_filtering": false
        },
        "fit": "average",
        "value": -0.059454224222468176
    }
}