{
    "Ar36": {
        "error": 0.00016307676683652463,
        "error_type": "SEM",
        "filter_outliers_dict": {
            "filter_outliers": true,
            "iterations": 1,
            "std_devs": 2,
            "use_standard_deviation_filtering": false
        },
        "fit": "Parabolic",
        "fn": 569,
        "include_baseline_error": false,
        "n": 600,
        "outlier_excluded": [
            0,
            134,
            135,
            524,
            269,
            143,
            401,
            408,
            28,
            160,
            298,
            301,
            438,
            183,
            439,
            317,
            448,
            324,
            325,
            580,
            585,
            330,
            459,
            461,
            81,
            466,
            340,
            471,
            358,
            360,
            248
        ],
        "reviewed": true,
        "user_excluded": [],
        "value": 0.007146285677874331
    },
    "Ar37": {
        "error": 0.010095594777906955,
        "error_type": "SEM",
        "filter_outliers_dict": {
            "filter_outliers": true,
            "iterations": 1,
            "std_devs": 2,
            "use_standard_deviation_filtering": false
        },
        "fit": "Linear",
        "fn": 575,
        "include_baseline_error": false,
        "n": 600,
        "outlier_excluded": [
            261,
            273,
            530,
            531,
            405,
            542,
            165,
            549,
            41,
            297,
            303,
            177,
            61,
            72,
            73,
            339,
            343,
            471,
            477,
            97,
            101,
            360,
            235,
            237,
            121
        ],
        "reviewed": true,
        "user_excluded": [],
        "value": 0.1493915334280942
    },
    "Ar38": {
        "error": 0.009736397985747762,
        "error_type": "SEM",
        "filter_outliers_dict": {
            "filter_outliers": true,
            "iterations": 1,
            "std_devs": 2,
            "use_standard_deviation_filtering": false
        },
        "fit": "Linear",
        "fn": 569,
        "include_baseline_error": false,
        "n": 600,
        "outlier_excluded": [
            130,
            517,
            519,
            523,
            527,
            19,
            536,
            282,
            29,
            290,
            43,
            171,
            173,
            556,
            558,
            177,
            58,
            62,
            451,
            198,
            77,
            78,
            469,
            473,
            97,
            114,
            242,
            246,
            121,
            382,
            511
        ],
        "reviewed": true,
        "user_excluded": [],
        "value": 0.04901747350561449
    },
    "Ar39": {
        "error": 0.016628665856665364,
        "error_type": "SEM",
        "filter_outliers_dict": {
            "filter_outliers": true,
            "iterations": 1,
            "std_devs": 2,
            "use_standard_deviation_filtering": false
        },
        "fit": "Parabolic",
        "fn": 575,
        "include_baseline_error": false,
        "n": 600,
        "outlier_excluded": [
            259,
            387,
            388,
            534,
            161,
            549,
            39,
            42,
            300,
            557,
            183,
            58,
            187,
            60,
            446,
            574,
            575,
            199,
            589,
            334,
            463,
            338,
            359,
            370,
            246
        ],
        "reviewed": true,
        "user_excluded": [],
        "value": 18.6619256498089
    },
    "Ar40": {
        "error": 0.01585505866533781,
        "error_type": "SEM",
        "filter_outliers_dict": {
            "filter_outliers": true,
            "iterations": 1,
            "std_devs": 2,
            "use_standard_deviation_filtering": false
        },
        "fit": "Parabolic",
        "fn": 569,
        "include_baseline_error": false,
        "n": 600,
        "outlier_excluded": [
            390,
            138,
            140,
            15,
            271,
            402,
            19,
            532,
            542,
            544,
            547,
            164,
            551,
            169,
            299,
            174,
            435,
            57,
            58,
            445,
            446,
            341,
            353,
            103,
            361,
            112,
            113,
            117,
            124,
            125,
            252
        ],
        "reviewed": true,
        "user_excluded": [],
        "value": 5.176358067807335
    },
    "Ar41": {
        "error": 0.0049068109785542005,
        "error_type": "SEM",
        "filter_outliers_dict": {
            "filter_outliers": true,
            "iterations": 1,
            "std_devs": 2,
            "use_standard_deviation_filtering": false
        },
        "fit": "average",
        "value": -0.05973493861889246
    }
}