{
    "Ar36": {
        "error": 0.00015389193756383353,
        "error_type": "SEM",
        "filter_outliers_dict": {
            "filter_outliers": true,
            "iterations": 1,
            "std_devs": 2,
            "use_standard_deviation_filtering": false
        },
        "fit": "Parabolic",
        "fn": 573,
        "include_baseline_error": false,
        "n": 600,
        "outlier_excluded": [
            281,
            540,
            547,
            422,
            556,
            430,
            434,
            179,
            435,
            54,
            444,
            574,
            321,
            577,
            451,
            582,
            199,
            455,
            588,
            218,
            481,
            485,
            486,
            490,
            371,
            379,
            127
        ],
        "reviewed": true,
        "user_excluded": [],
        "value": 0.008105729246161954
    },
    "Ar37": {
        "error": 0.00998011826779563,
        "error_type": "SEM",
        "filter_outliers_dict": {
            "filter_outliers": true,
            "iterations": 1,
            "std_devs": 2,
            "use_standard_deviation_filtering": false
        },
        "fit": "Linear",
        "fn": 575,
        "include_baseline_error": false,
        "n": 600,
        "outlier_excluded": [
            259,
            269,
            143,
            153,
            410,
            411,
            30,
            420,
            552,
            47,
            562,
            52,
            310,
            183,
            328,
            202,
            77,
            462,
            463,
            598,
            216,
            93,
            98,
            482,
            379
        ],
        "reviewed": true,
        "user_excluded": [],
        "value": 0.13538099834923317
    },
    "Ar38": {
        "error": 0.009189835654037361,
        "error_type": "SEM",
        "filter_outliers_dict": {
            "filter_outliers": true,
            "iterations": 1,
            "std_devs": 2,
            "use_standard_deviation_filtering": false
        },
        "fit": "Linear",
        "fn": 567,
        "include_baseline_error": false,
        "n": 600,
        "outlier_excluded": [
            515,
            133,
            518,
            263,
            395,
            12,
            523,
            527,
            20,
            26,
            412,
            541,
            424,
            45,
            303,
            304,
            572,
            319,
            576,
            578,
            579,
            201,
            475,
            479,
            353,
            485,
            358,
            111,
            368,
            497,
            380,
            508,
            511
        ],
        "reviewed": true,
        "user_excluded": [],
        "value": -0.06480463772107131
    },
    "Ar39": {
        "error": 0.01630613128006885,
        "error_type": "SEM",
        "filter_outliers_dict": {
            "filter_outliers": true,
            "iterations": 1,
            "std_devs": 2,
            "use_standard_deviation_filtering": false
        },
        "fit": "Parabolic",
        "fn": 566,
        "include_baseline_error": false,
        "n": 600,
        "outlier_excluded": [
            128,
            256,
            257,
            4,
            516,
            263,
            8,
            11,
            524,
            397,
            18,
            278,
            279,
            281,
            42,
            184,
            457,
            458,
            587,
            460,
            461,
            464,
            341,
            471,
            350,
            351,
            226,
            488,
            489,
            365,
            368,
            114,
            507,
            254
        ],
        "reviewed": true,
        "user_excluded": [],
        "value": 11.717740855855109
    },
    "Ar40": {
        "error": 0.01642925156745164,
        "error_type": "SEM",
        "filter_outliers_dict": {
            "filter_outliers": true,
            "iterations": 1,
            "std_devs": 2,
            "use_standard_deviation_filtering": false
        },
        "fit": "Parabolic",
        "fn": 568,
        "include_baseline_error": false,
        "n": 600,
        "outlier_excluded": [
            0,
            513,
            132,
            526,
            546,
            37,
            298,
            171,
            48,
            436,
            308,
            311,
            58,
            59,
            316,
            61,
            572,
            578,
            324,
            330,
            459,
            465,
            211,
            472,
            225,
            484,
            231,
            115,
            372,
            501,
            120,
            376
        ],
        "reviewed": true,
        "user_excluded": [],
        "value": 4.3618117566512
    },
    "Ar41": {
        "error": 0.005129343126942918,
        "error_type": "SEM",
        "filter_outliers_dict": {
            "filter_outliers": true,
            "iterations": 1,
            "std_devs": 2,
            "use_standard_deviation_filtering": false
        },
        "fit": "average",
        "value": -0.04586573054738998
    }
}