{
    "Ar36": {
        "error": 0.00019985077748252647,
        "error_type": "SD",
        "filter_outliers_dict": {
            "filter_outliers": true,
            "iterations": 1,
            "std_devs": 2,
            "use_standard_deviation_filtering": false
        },
        "fit": "Parabolic",
        "fn": 376,
        "include_baseline_error": false,
        "n": 400,
        "outlier_excluded": [
            384,
            387,
            287,
            169,
            310,
            312,
            185,
            64,
            76,
            205,
            332,
            335,
            346,
            219,
            348,
            229,
            361,
            114,
            243,
            371,
            118,
            378,
            123,
            381
        ],
        "reviewed": true,
        "user_excluded": [],
        "value": 0.0077111546628538755
    },
    "Ar37": {
        "error": 0.012555704101310836,
        "error_type": "SD",
        "filter_outliers_dict": {
            "filter_outliers": true,
            "iterations": 1,
            "std_devs": 2,
            "use_standard_deviation_filtering": false
        },
        "fit": "Linear",
        "fn": 384,
        "include_baseline_error": false,
        "n": 400,
        "outlier_excluded": [
            225,
            353,
            67,
            6,
            198,
            8,
            9,
            199,
            298,
            391,
            394,
            241,
            51,
            52,
            89,
            158
        ],
        "reviewed": true,
        "user_excluded": [],
        "value": 0.038437635426430174
    },
    "Ar38": {
        "error": 0.013855600186982016,
        "error_type": "SD",
        "filter_outliers_dict": {
            "filter_outliers": true,
            "iterations": 1,
            "std_devs": 2,
            "use_standard_deviation_filtering": false
        },
        "fit": "Linear",
        "fn": 374,
        "include_baseline_error": false,
        "n": 400,
        "outlier_excluded": [
            1,
            386,
            259,
            387,
            388,
            10,
            266,
            151,
            157,
            47,
            62,
            329,
            331,
            336,
            338,
            212,
            340,
            89,
            93,
            222,
            100,
            111,
            241,
            370,
            249,
            250
        ],
        "reviewed": true,
        "user_excluded": [],
        "value": 0.1093387148210113
    },
    "Ar39": {
        "error": 0.011314127731322248,
        "error_type": "SD",
        "filter_outliers_dict": {
            "filter_outliers": true,
            "iterations": 1,
            "std_devs": 2,
            "use_standard_deviation_filtering": false
        },
        "fit": "Parabolic",
        "fn": 387,
        "include_baseline_error": false,
        "n": 400,
        "outlier_excluded": [
            318,
            9,
            266,
            297,
            13,
            240,
            17,
            49,
            211,
            88,
            60,
            254,
            31
        ],
        "reviewed": true,
        "user_excluded": [],
        "value": 13.06842387564786
    },
    "Ar40": {
        "error": 0.022938507363210618,
        "error_type": "SD",
        "filter_outliers_dict": {
            "filter_outliers": true,
            "iterations": 1,
            "std_devs": 2,
            "use_standard_deviation_filtering": false
        },
        "fit": "Parabolic",
        "fn": 386,
        "include_baseline_error": false,
        "n": 400,
        "outlier_excluded": [
            197,
            12,
            13,
            14,
            15,
            208,
            17,
            49,
            240,
            215,
            25,
            380,
            93,
            94
        ],
        "reviewed": true,
        "user_excluded": [],
        "value": 4.180123674304639
    },
    "Ar41": {
        "error": 0.12309126000935112,
        "error_type": "SD",
        "filter_outliers_dict": {
            "filter_outliers": false,
            "iterations": 1,
            "std_devs": 1,
            "use_standard_deviation_filtering": false
        },
        "fit": "average_SEM",
        "value": -0.007143518419288739
    }
}