{
    "Ar36": {
        "error": 0.0002377046985583602,
        "error_type": "SD",
        "filter_outliers_dict": {
            "filter_outliers": true,
            "iterations": 1,
            "std_devs": 2,
            "use_standard_deviation_filtering": false
        },
        "fit": "Parabolic",
        "fn": 379,
        "include_baseline_error": false,
        "n": 400,
        "outlier_excluded": [
            256,
            386,
            327,
            359,
            392,
            138,
            202,
            301,
            240,
            272,
            178,
            52,
            85,
            149,
            245,
            372,
            90,
            219,
            346,
            317,
            381
        ],
        "reviewed": true,
        "user_excluded": [],
        "value": 0.01059243984716075
    },
    "Ar37": {
        "error": 0.013346052192379845,
        "error_type": "SD",
        "filter_outliers_dict": {
            "filter_outliers": true,
            "iterations": 1,
            "std_devs": 2,
            "use_standard_deviation_filtering": false
        },
        "fit": "Linear",
        "fn": 381,
        "include_baseline_error": false,
        "n": 400,
        "outlier_excluded": [
            385,
            99,
            291,
            103,
            297,
            10,
            395,
            237,
            78,
            207,
            80,
            269,
            271,
            339,
            365,
            341,
            151,
            375,
            25
        ],
        "reviewed": true,
        "user_excluded": [],
        "value": 0.019284747516069737
    },
    "Ar38": {
        "error": 0.01116220802679202,
        "error_type": "SD",
        "filter_outliers_dict": {
            "filter_outliers": true,
            "iterations": 1,
            "std_devs": 2,
            "use_standard_deviation_filtering": false
        },
        "fit": "Linear",
        "fn": 367,
        "include_baseline_error": false,
        "n": 400,
        "outlier_excluded": [
            259,
            6,
            137,
            13,
            142,
            24,
            280,
            289,
            35,
            299,
            174,
            53,
            312,
            193,
            194,
            323,
            72,
            201,
            205,
            78,
            206,
            338,
            217,
            345,
            228,
            358,
            232,
            360,
            361,
            235,
            237,
            111,
            115
        ],
        "reviewed": true,
        "user_excluded": [],
        "value": 0.04746089776614129
    },
    "Ar39": {
        "error": 0.010135331067258625,
        "error_type": "SD",
        "filter_outliers_dict": {
            "filter_outliers": true,
            "iterations": 1,
            "std_devs": 2,
            "use_standard_deviation_filtering": false
        },
        "fit": "Parabolic",
        "fn": 381,
        "include_baseline_error": false,
        "n": 400,
        "outlier_excluded": [
            97,
            100,
            262,
            103,
            360,
            105,
            363,
            140,
            396,
            367,
            304,
            245,
            54,
            214,
            123,
            284,
            125,
            285,
            381
        ],
        "reviewed": true,
        "user_excluded": [],
        "value": 8.840219952098618
    },
    "Ar40": {
        "error": 0.020631717947238507,
        "error_type": "SD",
        "filter_outliers_dict": {
            "filter_outliers": true,
            "iterations": 1,
            "std_devs": 2,
            "use_standard_deviation_filtering": false
        },
        "fit": "Parabolic",
        "fn": 383,
        "include_baseline_error": false,
        "n": 400,
        "outlier_excluded": [
            290,
            196,
            133,
            70,
            391,
            264,
            41,
            173,
            174,
            47,
            338,
            371,
            340,
            183,
            24,
            250,
            27
        ],
        "reviewed": true,
        "user_excluded": [],
        "value": 4.566706904018881
    },
    "Ar41": {
        "error": 0.12832654002046262,
        "error_type": "SD",
        "filter_outliers_dict": {
            "filter_outliers": false,
            "iterations": 1,
            "std_devs": 1,
            "use_standard_deviation_filtering": false
        },
        "fit": "average_SEM",
        "value": 0.25240441396377716
    }
}