{
    "Ar36": {
        "error": 0.00023980700294094225,
        "error_type": "SD",
        "filter_outliers_dict": {
            "filter_outliers": true,
            "iterations": 1,
            "std_devs": 2,
            "use_standard_deviation_filtering": false
        },
        "fit": "Parabolic",
        "fn": 384,
        "include_baseline_error": false,
        "n": 400,
        "outlier_excluded": [
            0,
            224,
            386,
            291,
            388,
            197,
            229,
            136,
            397,
            17,
            244,
            89,
            121,
            219,
            222,
            159
        ],
        "reviewed": true,
        "user_excluded": [],
        "value": 0.00998146055344228
    },
    "Ar37": {
        "error": 0.012808142394628942,
        "error_type": "SD",
        "filter_outliers_dict": {
            "filter_outliers": true,
            "iterations": 1,
            "std_devs": 2,
            "use_standard_deviation_filtering": false
        },
        "fit": "Linear",
        "fn": 380,
        "include_baseline_error": false,
        "n": 400,
        "outlier_excluded": [
            96,
            325,
            6,
            12,
            77,
            110,
            79,
            50,
            51,
            83,
            53,
            114,
            180,
            182,
            211,
            186,
            249,
            279,
            29,
            253
        ],
        "reviewed": true,
        "user_excluded": [],
        "value": 0.04586767324986499
    },
    "Ar38": {
        "error": 0.013554597403697627,
        "error_type": "SD",
        "filter_outliers_dict": {
            "filter_outliers": true,
            "iterations": 1,
            "std_devs": 2,
            "use_standard_deviation_filtering": false
        },
        "fit": "Linear",
        "fn": 374,
        "include_baseline_error": false,
        "n": 400,
        "outlier_excluded": [
            11,
            13,
            274,
            23,
            152,
            281,
            163,
            44,
            302,
            304,
            182,
            313,
            197,
            327,
            331,
            208,
            209,
            83,
            228,
            360,
            233,
            362,
            107,
            239,
            112,
            124
        ],
        "reviewed": true,
        "user_excluded": [],
        "value": 0.06557873581865356
    },
    "Ar39": {
        "error": 0.010029688340603356,
        "error_type": "SD",
        "filter_outliers_dict": {
            "filter_outliers": true,
            "iterations": 1,
            "std_devs": 2,
            "use_standard_deviation_filtering": false
        },
        "fit": "Parabolic",
        "fn": 384,
        "include_baseline_error": false,
        "n": 400,
        "outlier_excluded": [
            162,
            226,
            227,
            133,
            6,
            386,
            171,
            332,
            271,
            178,
            19,
            115,
            119,
            56,
            183,
            286
        ],
        "reviewed": true,
        "user_excluded": [],
        "value": 10.09799211167147
    },
    "Ar40": {
        "error": 0.02215238809692233,
        "error_type": "SD",
        "filter_outliers_dict": {
            "filter_outliers": true,
            "iterations": 1,
            "std_devs": 2,
            "use_standard_deviation_filtering": false
        },
        "fit": "Parabolic",
        "fn": 387,
        "include_baseline_error": false,
        "n": 400,
        "outlier_excluded": [
            40,
            10,
            74,
            170,
            269,
            335,
            399,
            369,
            275,
            313,
            91,
            380,
            222
        ],
        "reviewed": true,
        "user_excluded": [],
        "value": 4.516548837859945
    },
    "Ar41": {
        "error": 0.12697827754894964,
        "error_type": "SD",
        "filter_outliers_dict": {
            "filter_outliers": false,
            "iterations": 1,
            "std_devs": 1,
            "use_standard_deviation_filtering": false
        },
        "fit": "average_SEM",
        "value": -0.004284600481478265
    }
}