{
    "Ar36": {
        "error": 0.00018424193288251432,
        "error_type": "SD",
        "filter_outliers_dict": {
            "filter_outliers": true,
            "iterations": 1,
            "std_devs": 2,
            "use_standard_deviation_filtering": false
        },
        "fit": "Parabolic",
        "fn": 377,
        "include_baseline_error": false,
        "n": 400,
        "outlier_excluded": [
            259,
            138,
            275,
            282,
            159,
            38,
            295,
            298,
            302,
            178,
            64,
            323,
            68,
            77,
            91,
            350,
            101,
            357,
            367,
            240,
            249,
            377,
            383
        ],
        "reviewed": true,
        "user_excluded": [],
        "value": 0.00864126119655664
    },
    "Ar37": {
        "error": 0.013710972427243028,
        "error_type": "SD",
        "filter_outliers_dict": {
            "filter_outliers": true,
            "iterations": 1,
            "std_devs": 2,
            "use_standard_deviation_filtering": false
        },
        "fit": "Linear",
        "fn": 384,
        "include_baseline_error": false,
        "n": 400,
        "outlier_excluded": [
            350,
            65,
            258,
            132,
            166,
            296,
            370,
            83,
            212,
            120,
            57,
            312,
            347,
            93,
            158,
            159
        ],
        "reviewed": true,
        "user_excluded": [],
        "value": 0.025507985803608222
    },
    "Ar38": {
        "error": 0.010853231648679107,
        "error_type": "SD",
        "filter_outliers_dict": {
            "filter_outliers": true,
            "iterations": 1,
            "std_devs": 2,
            "use_standard_deviation_filtering": false
        },
        "fit": "Linear",
        "fn": 372,
        "include_baseline_error": false,
        "n": 400,
        "outlier_excluded": [
            0,
            259,
            7,
            139,
            267,
            14,
            15,
            155,
            36,
            39,
            168,
            298,
            180,
            182,
            59,
            320,
            322,
            71,
            329,
            205,
            341,
            221,
            362,
            366,
            240,
            245,
            251,
            252
        ],
        "reviewed": true,
        "user_excluded": [],
        "value": 0.018357892468092534
    },
    "Ar39": {
        "error": 0.01006336070724692,
        "error_type": "SD",
        "filter_outliers_dict": {
            "filter_outliers": true,
            "iterations": 1,
            "std_devs": 2,
            "use_standard_deviation_filtering": false
        },
        "fit": "Parabolic",
        "fn": 380,
        "include_baseline_error": false,
        "n": 400,
        "outlier_excluded": [
            0,
            160,
            66,
            224,
            320,
            38,
            359,
            328,
            73,
            140,
            175,
            305,
            210,
            85,
            248,
            27,
            123,
            93,
            253,
            63
        ],
        "reviewed": true,
        "user_excluded": [],
        "value": 6.775934765643824
    },
    "Ar40": {
        "error": 0.022112023137966366,
        "error_type": "SD",
        "filter_outliers_dict": {
            "filter_outliers": true,
            "iterations": 1,
            "std_devs": 2,
            "use_standard_deviation_filtering": false
        },
        "fit": "Parabolic",
        "fn": 381,
        "include_baseline_error": false,
        "n": 400,
        "outlier_excluded": [
            256,
            3,
            67,
            133,
            134,
            198,
            259,
            41,
            326,
            108,
            399,
            240,
            20,
            183,
            315,
            347,
            348,
            254,
            127
        ],
        "reviewed": true,
        "user_excluded": [],
        "value": 3.611663256146884
    },
    "Ar41": {
        "error": 0.128784467818016,
        "error_type": "SD",
        "filter_outliers_dict": {
            "filter_outliers": false,
            "iterations": 1,
            "std_devs": 1,
            "use_standard_deviation_filtering": false
        },
        "fit": "average_SEM",
        "value": -0.0023863848541805055
    }
}