{
    "Ar36": {
        "error": 0.00021221693708086526,
        "error_type": "SD",
        "filter_outliers_dict": {
            "filter_outliers": true,
            "iterations": 1,
            "std_devs": 2,
            "use_standard_deviation_filtering": false
        },
        "fit": "Parabolic",
        "fn": 382,
        "include_baseline_error": false,
        "n": 400,
        "outlier_excluded": [
            191,
            352,
            290,
            293,
            7,
            328,
            233,
            141,
            238,
            239,
            272,
            339,
            276,
            309,
            89,
            283,
            318,
            31
        ],
        "reviewed": true,
        "user_excluded": [],
        "value": 0.00900107989391406
    },
    "Ar37": {
        "error": 0.012384936396387507,
        "error_type": "SD",
        "filter_outliers_dict": {
            "filter_outliers": true,
            "iterations": 1,
            "std_devs": 2,
            "use_standard_deviation_filtering": false
        },
        "fit": "Linear",
        "fn": 381,
        "include_baseline_error": false,
        "n": 400,
        "outlier_excluded": [
            97,
            98,
            193,
            164,
            5,
            37,
            167,
            194,
            197,
            354,
            112,
            18,
            146,
            178,
            85,
            279,
            313,
            59,
            157
        ],
        "reviewed": true,
        "user_excluded": [],
        "value": 0.009157125720660653
    },
    "Ar38": {
        "error": 0.015440048609470623,
        "error_type": "SD",
        "filter_outliers_dict": {
            "filter_outliers": true,
            "iterations": 1,
            "std_devs": 2,
            "use_standard_deviation_filtering": false
        },
        "fit": "Linear",
        "fn": 380,
        "include_baseline_error": false,
        "n": 400,
        "outlier_excluded": [
            64,
            129,
            162,
            193,
            230,
            168,
            297,
            398,
            399,
            336,
            17,
            114,
            145,
            276,
            21,
            85,
            280,
            25,
            153,
            221
        ],
        "reviewed": true,
        "user_excluded": [],
        "value": 0.17112312618894382
    },
    "Ar39": {
        "error": 0.011436250899095205,
        "error_type": "SD",
        "filter_outliers_dict": {
            "filter_outliers": true,
            "iterations": 1,
            "std_devs": 2,
            "use_standard_deviation_filtering": false
        },
        "fit": "Parabolic",
        "fn": 384,
        "include_baseline_error": false,
        "n": 400,
        "outlier_excluded": [
            32,
            97,
            161,
            133,
            298,
            235,
            142,
            82,
            114,
            179,
            339,
            340,
            314,
            284,
            125,
            126
        ],
        "reviewed": true,
        "user_excluded": [],
        "value": 19.731846103448493
    },
    "Ar40": {
        "error": 0.02187969370072227,
        "error_type": "SD",
        "filter_outliers_dict": {
            "filter_outliers": true,
            "iterations": 1,
            "std_devs": 2,
            "use_standard_deviation_filtering": false
        },
        "fit": "Parabolic",
        "fn": 380,
        "include_baseline_error": false,
        "n": 400,
        "outlier_excluded": [
            96,
            192,
            325,
            198,
            105,
            201,
            109,
            78,
            79,
            80,
            270,
            273,
            336,
            337,
            339,
            365,
            368,
            121,
            125,
            95
        ],
        "reviewed": true,
        "user_excluded": [],
        "value": 5.682152107072417
    },
    "Ar41": {
        "error": 0.11470464593099221,
        "error_type": "SD",
        "filter_outliers_dict": {
            "filter_outliers": false,
            "iterations": 1,
            "std_devs": 1,
            "use_standard_deviation_filtering": false
        },
        "fit": "average_SEM",
        "value": 0.264740105663077
    }
}