{
    "Ar36": {
        "error": 0.00020849160322322045,
        "error_type": "SD",
        "filter_outliers_dict": {
            "filter_outliers": true,
            "iterations": 1,
            "std_devs": 2,
            "use_standard_deviation_filtering": false
        },
        "fit": "Parabolic",
        "fn": 382,
        "include_baseline_error": false,
        "n": 400,
        "outlier_excluded": [
            381,
            130,
            292,
            71,
            328,
            106,
            174,
            334,
            399,
            113,
            210,
            179,
            306,
            309,
            375,
            253,
            285,
            287
        ],
        "reviewed": true,
        "user_excluded": [],
        "value": 0.007869936755340305
    },
    "Ar37": {
        "error": 0.013349417139994938,
        "error_type": "SD",
        "filter_outliers_dict": {
            "filter_outliers": true,
            "iterations": 1,
            "std_devs": 2,
            "use_standard_deviation_filtering": false
        },
        "fit": "Linear",
        "fn": 382,
        "include_baseline_error": false,
        "n": 400,
        "outlier_excluded": [
            161,
            355,
            294,
            390,
            9,
            169,
            207,
            112,
            336,
            178,
            212,
            308,
            152,
            377,
            58,
            90,
            282,
            223
        ],
        "reviewed": true,
        "user_excluded": [],
        "value": 0.014715612751178112
    },
    "Ar38": {
        "error": 0.011672931387987343,
        "error_type": "SD",
        "filter_outliers_dict": {
            "filter_outliers": true,
            "iterations": 1,
            "std_devs": 2,
            "use_standard_deviation_filtering": false
        },
        "fit": "Linear",
        "fn": 373,
        "include_baseline_error": false,
        "n": 400,
        "outlier_excluded": [
            384,
            7,
            265,
            395,
            145,
            23,
            28,
            285,
            34,
            290,
            39,
            41,
            50,
            185,
            315,
            64,
            320,
            69,
            327,
            81,
            83,
            341,
            216,
            353,
            229,
            375,
            382
        ],
        "reviewed": true,
        "user_excluded": [],
        "value": 0.039204986723100035
    },
    "Ar39": {
        "error": 0.009447905973228622,
        "error_type": "SD",
        "filter_outliers_dict": {
            "filter_outliers": true,
            "iterations": 1,
            "std_devs": 2,
            "use_standard_deviation_filtering": false
        },
        "fit": "Parabolic",
        "fn": 379,
        "include_baseline_error": false,
        "n": 400,
        "outlier_excluded": [
            128,
            257,
            66,
            36,
            292,
            40,
            297,
            203,
            331,
            78,
            17,
            212,
            340,
            372,
            184,
            345,
            314,
            91,
            156,
            348,
            350
        ],
        "reviewed": true,
        "user_excluded": [],
        "value": 6.66760128829692
    },
    "Ar40": {
        "error": 0.022561229631949748,
        "error_type": "SD",
        "filter_outliers_dict": {
            "filter_outliers": true,
            "iterations": 1,
            "std_devs": 2,
            "use_standard_deviation_filtering": false
        },
        "fit": "Parabolic",
        "fn": 384,
        "include_baseline_error": false,
        "n": 400,
        "outlier_excluded": [
            288,
            66,
            4,
            5,
            260,
            327,
            296,
            394,
            235,
            19,
            115,
            181,
            212,
            246,
            121,
            314
        ],
        "reviewed": true,
        "user_excluded": [],
        "value": 3.3501105278846763
    },
    "Ar41": {
        "error": 0.13145893228595582,
        "error_type": "SD",
        "filter_outliers_dict": {
            "filter_outliers": false,
            "iterations": 1,
            "std_devs": 1,
            "use_standard_deviation_filtering": false
        },
        "fit": "average_SEM",
        "value": -0.0053896367250854385
    }
}