{
    "Ar36": {
        "error": 0.00024306572801134898,
        "error_type": "SD",
        "filter_outliers_dict": {
            "filter_outliers": true,
            "iterations": 1,
            "std_devs": 2,
            "use_standard_deviation_filtering": false
        },
        "fit": "Parabolic",
        "fn": 379,
        "include_baseline_error": false,
        "n": 400,
        "outlier_excluded": [
            160,
            2,
            130,
            163,
            258,
            323,
            357,
            392,
            298,
            362,
            12,
            364,
            302,
            49,
            83,
            85,
            57,
            89,
            347,
            93,
            190
        ],
        "reviewed": true,
        "user_excluded": [],
        "value": 0.010785579864145238
    },
    "Ar37": {
        "error": 0.01243127037157023,
        "error_type": "SD",
        "filter_outliers_dict": {
            "filter_outliers": true,
            "iterations": 1,
            "std_devs": 2,
            "use_standard_deviation_filtering": false
        },
        "fit": "Linear",
        "fn": 381,
        "include_baseline_error": false,
        "n": 400,
        "outlier_excluded": [
            160,
            354,
            196,
            101,
            134,
            39,
            327,
            105,
            170,
            395,
            172,
            364,
            142,
            366,
            342,
            183,
            24,
            314,
            378
        ],
        "reviewed": true,
        "user_excluded": [],
        "value": 0.03383086859595662
    },
    "Ar38": {
        "error": 0.018051566634404537,
        "error_type": "SD",
        "filter_outliers_dict": {
            "filter_outliers": true,
            "iterations": 1,
            "std_devs": 2,
            "use_standard_deviation_filtering": false
        },
        "fit": "Linear",
        "fn": 387,
        "include_baseline_error": false,
        "n": 400,
        "outlier_excluded": [
            383,
            354,
            195,
            386,
            135,
            263,
            327,
            171,
            303,
            24,
            184,
            216,
            127
        ],
        "reviewed": true,
        "user_excluded": [],
        "value": 0.3964080410063605
    },
    "Ar39": {
        "error": 0.011536235798896994,
        "error_type": "SD",
        "filter_outliers_dict": {
            "filter_outliers": true,
            "iterations": 1,
            "std_devs": 2,
            "use_standard_deviation_filtering": false
        },
        "fit": "Parabolic",
        "fn": 382,
        "include_baseline_error": false,
        "n": 400,
        "outlier_excluded": [
            128,
            2,
            34,
            130,
            197,
            261,
            358,
            390,
            74,
            108,
            172,
            367,
            242,
            179,
            274,
            117,
            149,
            23
        ],
        "reviewed": true,
        "user_excluded": [],
        "value": 34.94586444793797
    },
    "Ar40": {
        "error": 0.024406362307496727,
        "error_type": "SD",
        "filter_outliers_dict": {
            "filter_outliers": true,
            "iterations": 1,
            "std_devs": 2,
            "use_standard_deviation_filtering": false
        },
        "fit": "Parabolic",
        "fn": 385,
        "include_baseline_error": false,
        "n": 400,
        "outlier_excluded": [
            0,
            224,
            320,
            386,
            229,
            105,
            396,
            16,
            337,
            210,
            180,
            248,
            218,
            91,
            253
        ],
        "reviewed": true,
        "user_excluded": [],
        "value": 8.635979595032985
    },
    "Ar41": {
        "error": 0.1309438385313094,
        "error_type": "SD",
        "filter_outliers_dict": {
            "filter_outliers": false,
            "iterations": 1,
            "std_devs": 1,
            "use_standard_deviation_filtering": false
        },
        "fit": "average_SEM",
        "value": 0.25780715919448993
    }
}