{
    "Ar36": {
        "error": 0.00029290023920415374,
        "error_type": "SD",
        "filter_outliers_dict": {
            "filter_outliers": true,
            "iterations": 1,
            "std_devs": 2,
            "use_standard_deviation_filtering": false
        },
        "fit": "Parabolic",
        "fn": 379,
        "include_baseline_error": false,
        "n": 400,
        "outlier_excluded": [
            352,
            65,
            34,
            3,
            133,
            38,
            166,
            168,
            261,
            106,
            43,
            330,
            362,
            110,
            209,
            373,
            375,
            380,
            93,
            94,
            159
        ],
        "reviewed": true,
        "user_excluded": [],
        "value": 0.018659425328639123
    },
    "Ar37": {
        "error": 0.013536580098880454,
        "error_type": "SD",
        "filter_outliers_dict": {
            "filter_outliers": true,
            "iterations": 1,
            "std_devs": 2,
            "use_standard_deviation_filtering": false
        },
        "fit": "Linear",
        "fn": 387,
        "include_baseline_error": false,
        "n": 400,
        "outlier_excluded": [
            66,
            260,
            8,
            204,
            174,
            368,
            337,
            275,
            307,
            340,
            341,
            123,
            383
        ],
        "reviewed": true,
        "user_excluded": [],
        "value": 0.03965616294383015
    },
    "Ar38": {
        "error": 0.015593450944200282,
        "error_type": "SD",
        "filter_outliers_dict": {
            "filter_outliers": true,
            "iterations": 1,
            "std_devs": 2,
            "use_standard_deviation_filtering": false
        },
        "fit": "Linear",
        "fn": 381,
        "include_baseline_error": false,
        "n": 400,
        "outlier_excluded": [
            1,
            388,
            103,
            7,
            265,
            106,
            268,
            206,
            302,
            49,
            179,
            339,
            373,
            311,
            283,
            284,
            61,
            222,
            316
        ],
        "reviewed": true,
        "user_excluded": [],
        "value": 0.6955509987172788
    },
    "Ar39": {
        "error": 0.01396062387067137,
        "error_type": "SD",
        "filter_outliers_dict": {
            "filter_outliers": true,
            "iterations": 1,
            "std_devs": 2,
            "use_standard_deviation_filtering": false
        },
        "fit": "Parabolic",
        "fn": 386,
        "include_baseline_error": false,
        "n": 400,
        "outlier_excluded": [
            0,
            191,
            386,
            328,
            9,
            174,
            273,
            375,
            312,
            344,
            60,
            29,
            30,
            190
        ],
        "reviewed": true,
        "user_excluded": [],
        "value": 56.62647285010668
    },
    "Ar40": {
        "error": 0.02859036029716743,
        "error_type": "SD",
        "filter_outliers_dict": {
            "filter_outliers": true,
            "iterations": 1,
            "std_devs": 2,
            "use_standard_deviation_filtering": false
        },
        "fit": "Parabolic",
        "fn": 384,
        "include_baseline_error": false,
        "n": 400,
        "outlier_excluded": [
            1,
            2,
            3,
            98,
            133,
            328,
            392,
            266,
            395,
            144,
            240,
            114,
            22,
            374,
            254,
            383
        ],
        "reviewed": true,
        "user_excluded": [],
        "value": 14.395903388580697
    },
    "Ar41": {
        "error": 0.11664957160403584,
        "error_type": "SD",
        "filter_outliers_dict": {
            "filter_outliers": false,
            "iterations": 1,
            "std_devs": 1,
            "use_standard_deviation_filtering": false
        },
        "fit": "average_SEM",
        "value": 0.2603808153915452
    }
}