{
    "Ar36": {
        "error": 0.00026015621491539185,
        "error_type": "SD",
        "filter_outliers_dict": {
            "filter_outliers": true,
            "iterations": 1,
            "std_devs": 2,
            "use_standard_deviation_filtering": false
        },
        "fit": "Parabolic",
        "fn": 379,
        "include_baseline_error": false,
        "n": 400,
        "outlier_excluded": [
            353,
            4,
            293,
            71,
            8,
            202,
            203,
            300,
            143,
            367,
            177,
            276,
            373,
            278,
            183,
            152,
            247,
            310,
            378,
            125,
            157
        ],
        "reviewed": true,
        "user_excluded": [],
        "value": 0.011811881001121993
    },
    "Ar37": {
        "error": 0.01242016873798061,
        "error_type": "SD",
        "filter_outliers_dict": {
            "filter_outliers": true,
            "iterations": 1,
            "std_devs": 2,
            "use_standard_deviation_filtering": false
        },
        "fit": "Linear",
        "fn": 382,
        "include_baseline_error": false,
        "n": 400,
        "outlier_excluded": [
            161,
            4,
            133,
            164,
            361,
            202,
            267,
            109,
            269,
            113,
            82,
            243,
            244,
            370,
            150,
            124,
            284,
            254
        ],
        "reviewed": true,
        "user_excluded": [],
        "value": 0.03746528817992349
    },
    "Ar38": {
        "error": 0.015853898075170146,
        "error_type": "SD",
        "filter_outliers_dict": {
            "filter_outliers": true,
            "iterations": 1,
            "std_devs": 2,
            "use_standard_deviation_filtering": false
        },
        "fit": "Linear",
        "fn": 383,
        "include_baseline_error": false,
        "n": 400,
        "outlier_excluded": [
            160,
            225,
            326,
            171,
            79,
            177,
            114,
            83,
            116,
            369,
            86,
            313,
            378,
            91,
            93,
            126,
            317
        ],
        "reviewed": true,
        "user_excluded": [],
        "value": 1.147880829722007
    },
    "Ar39": {
        "error": 0.017282663787234764,
        "error_type": "SD",
        "filter_outliers_dict": {
            "filter_outliers": true,
            "iterations": 1,
            "std_devs": 2,
            "use_standard_deviation_filtering": false
        },
        "fit": "Parabolic",
        "fn": 383,
        "include_baseline_error": false,
        "n": 400,
        "outlier_excluded": [
            220,
            381,
            35,
            324,
            325,
            70,
            7,
            40,
            392,
            10,
            112,
            375,
            217,
            60,
            29,
            157,
            63
        ],
        "reviewed": true,
        "user_excluded": [],
        "value": 93.62673314740023
    },
    "Ar40": {
        "error": 0.02233943151845568,
        "error_type": "SD",
        "filter_outliers_dict": {
            "filter_outliers": true,
            "iterations": 1,
            "std_devs": 2,
            "use_standard_deviation_filtering": false
        },
        "fit": "Parabolic",
        "fn": 381,
        "include_baseline_error": false,
        "n": 400,
        "outlier_excluded": [
            32,
            1,
            97,
            5,
            296,
            42,
            394,
            108,
            269,
            46,
            304,
            243,
            213,
            54,
            153,
            58,
            59,
            251,
            127
        ],
        "reviewed": true,
        "user_excluded": [],
        "value": 18.046127885956547
    },
    "Ar41": {
        "error": 0.12881197877835962,
        "error_type": "SD",
        "filter_outliers_dict": {
            "filter_outliers": false,
            "iterations": 1,
            "std_devs": 1,
            "use_standard_deviation_filtering": false
        },
        "fit": "average_SEM",
        "value": 0.25742189277196303
    }
}