{
    "Ar36": {
        "error": 0.00017864794718257433,
        "error_type": "SEM",
        "filter_outliers_dict": {
            "filter_outliers": true,
            "iterations": 1,
            "std_devs": 2,
            "use_standard_deviation_filtering": false
        },
        "fit": "Parabolic",
        "fn": 572,
        "include_baseline_error": false,
        "n": 600,
        "outlier_excluded": [
            0,
            259,
            265,
            14,
            527,
            158,
            286,
            418,
            547,
            292,
            297,
            299,
            303,
            177,
            181,
            567,
            449,
            69,
            456,
            461,
            593,
            216,
            345,
            225,
            98,
            487,
            492,
            373
        ],
        "reviewed": true,
        "user_excluded": [],
        "value": 0.01083690375511481
    },
    "Ar37": {
        "error": 0.010062250034716164,
        "error_type": "SEM",
        "filter_outliers_dict": {
            "filter_outliers": true,
            "iterations": 1,
            "std_devs": 2,
            "use_standard_deviation_filtering": false
        },
        "fit": "Linear",
        "fn": 574,
        "include_baseline_error": false,
        "n": 600,
        "outlier_excluded": [
            0,
            394,
            11,
            142,
            530,
            280,
            421,
            38,
            304,
            52,
            180,
            187,
            60,
            571,
            65,
            453,
            198,
            463,
            213,
            471,
            223,
            229,
            363,
            499,
            505,
            125
        ],
        "reviewed": true,
        "user_excluded": [],
        "value": 0.1317302646864813
    },
    "Ar38": {
        "error": 0.010952538453409733,
        "error_type": "SEM",
        "filter_outliers_dict": {
            "filter_outliers": true,
            "iterations": 1,
            "std_devs": 2,
            "use_standard_deviation_filtering": false
        },
        "fit": "Linear",
        "fn": 575,
        "include_baseline_error": false,
        "n": 600,
        "outlier_excluded": [
            391,
            394,
            522,
            141,
            525,
            148,
            21,
            532,
            412,
            157,
            37,
            550,
            43,
            429,
            176,
            571,
            572,
            201,
            203,
            336,
            337,
            214,
            89,
            92,
            509
        ],
        "reviewed": true,
        "user_excluded": [],
        "value": 0.07108789501289181
    },
    "Ar39": {
        "error": 0.01572331616591659,
        "error_type": "SEM",
        "filter_outliers_dict": {
            "filter_outliers": true,
            "iterations": 1,
            "std_devs": 2,
            "use_standard_deviation_filtering": false
        },
        "fit": "Parabolic",
        "fn": 569,
        "include_baseline_error": false,
        "n": 600,
        "outlier_excluded": [
            512,
            513,
            261,
            135,
            264,
            153,
            156,
            36,
            549,
            550,
            40,
            552,
            45,
            303,
            570,
            576,
            582,
            329,
            74,
            330,
            598,
            215,
            218,
            219,
            100,
            108,
            496,
            497,
            244,
            375,
            504
        ],
        "reviewed": true,
        "user_excluded": [],
        "value": 22.599593533720572
    },
    "Ar40": {
        "error": 0.01727885559913307,
        "error_type": "SEM",
        "filter_outliers_dict": {
            "filter_outliers": true,
            "iterations": 1,
            "std_devs": 2,
            "use_standard_deviation_filtering": false
        },
        "fit": "Parabolic",
        "fn": 574,
        "include_baseline_error": false,
        "n": 600,
        "outlier_excluded": [
            129,
            7,
            8,
            15,
            535,
            536,
            409,
            541,
            165,
            293,
            294,
            174,
            558,
            50,
            51,
            569,
            191,
            320,
            326,
            328,
            464,
            339,
            347,
            348,
            482,
            357
        ],
        "reviewed": true,
        "user_excluded": [],
        "value": 6.9271375740934475
    },
    "Ar41": {
        "error": 0.0050423370076083445,
        "error_type": "SEM",
        "filter_outliers_dict": {
            "filter_outliers": true,
            "iterations": 1,
            "std_devs": 2,
            "use_standard_deviation_filtering": false
        },
        "fit": "average",
        "value": -0.05355179830738077
    }
}