{
    "Ar36": {
        "error": 0.000173307484143506,
        "error_type": "SEM",
        "filter_outliers_dict": {
            "filter_outliers": true,
            "iterations": 1,
            "std_devs": 2,
            "use_standard_deviation_filtering": false
        },
        "fit": "Parabolic",
        "fn": 570,
        "include_baseline_error": false,
        "n": 600,
        "outlier_excluded": [
            261,
            264,
            140,
            14,
            156,
            287,
            290,
            165,
            299,
            429,
            174,
            306,
            313,
            569,
            573,
            319,
            321,
            449,
            590,
            593,
            467,
            213,
            343,
            353,
            228,
            229,
            365,
            371,
            116,
            250
        ],
        "reviewed": true,
        "user_excluded": [],
        "value": 0.011282250561177785
    },
    "Ar37": {
        "error": 0.010418804864857367,
        "error_type": "SEM",
        "filter_outliers_dict": {
            "filter_outliers": true,
            "iterations": 1,
            "std_devs": 2,
            "use_standard_deviation_filtering": false
        },
        "fit": "Linear",
        "fn": 573,
        "include_baseline_error": false,
        "n": 600,
        "outlier_excluded": [
            2,
            3,
            518,
            520,
            521,
            399,
            272,
            527,
            18,
            26,
            27,
            154,
            287,
            289,
            297,
            173,
            559,
            48,
            185,
            191,
            192,
            592,
            98,
            241,
            369,
            375,
            251
        ],
        "reviewed": true,
        "user_excluded": [],
        "value": 0.12096618520618073
    },
    "Ar38": {
        "error": 0.010681934229708203,
        "error_type": "SEM",
        "filter_outliers_dict": {
            "filter_outliers": true,
            "iterations": 1,
            "std_devs": 2,
            "use_standard_deviation_filtering": false
        },
        "fit": "Linear",
        "fn": 570,
        "include_baseline_error": false,
        "n": 600,
        "outlier_excluded": [
            514,
            134,
            263,
            137,
            14,
            533,
            409,
            540,
            32,
            163,
            165,
            551,
            552,
            175,
            440,
            447,
            196,
            70,
            327,
            200,
            330,
            78,
            462,
            211,
            341,
            86,
            469,
            222,
            494,
            382
        ],
        "reviewed": true,
        "user_excluded": [],
        "value": 0.019166002579313633
    },
    "Ar39": {
        "error": 0.016927718922578768,
        "error_type": "SEM",
        "filter_outliers_dict": {
            "filter_outliers": true,
            "iterations": 1,
            "std_devs": 2,
            "use_standard_deviation_filtering": false
        },
        "fit": "Parabolic",
        "fn": 574,
        "include_baseline_error": false,
        "n": 600,
        "outlier_excluded": [
            147,
            24,
            411,
            412,
            542,
            543,
            544,
            549,
            422,
            551,
            428,
            57,
            442,
            196,
            585,
            206,
            592,
            467,
            468,
            597,
            598,
            217,
            473,
            95,
            360,
            371
        ],
        "reviewed": true,
        "user_excluded": [],
        "value": 19.791540330512802
    },
    "Ar40": {
        "error": 0.016402009309128013,
        "error_type": "SEM",
        "filter_outliers_dict": {
            "filter_outliers": true,
            "iterations": 1,
            "std_devs": 2,
            "use_standard_deviation_filtering": false
        },
        "fit": "Parabolic",
        "fn": 576,
        "include_baseline_error": false,
        "n": 600,
        "outlier_excluded": [
            261,
            267,
            271,
            530,
            275,
            33,
            44,
            173,
            556,
            54,
            183,
            568,
            571,
            594,
            221,
            222,
            479,
            350,
            225,
            497,
            370,
            371,
            378,
            382
        ],
        "reviewed": true,
        "user_excluded": [],
        "value": 6.4252470392547
    },
    "Ar41": {
        "error": 0.005265750211027941,
        "error_type": "SEM",
        "filter_outliers_dict": {
            "filter_outliers": true,
            "iterations": 1,
            "std_devs": 2,
            "use_standard_deviation_filtering": false
        },
        "fit": "average",
        "value": 0.21169183425566493
    }
}