{
    "Ar36": {
        "error": 0.0001779980167982319,
        "error_type": "SEM",
        "filter_outliers_dict": {
            "filter_outliers": true,
            "iterations": 1,
            "std_devs": 2,
            "use_standard_deviation_filtering": false
        },
        "fit": "Parabolic",
        "fn": 572,
        "include_baseline_error": false,
        "n": 600,
        "outlier_excluded": [
            259,
            4,
            133,
            390,
            271,
            148,
            276,
            277,
            27,
            161,
            425,
            45,
            48,
            433,
            438,
            441,
            449,
            578,
            457,
            592,
            593,
            466,
            347,
            352,
            486,
            488,
            112,
            511
        ],
        "reviewed": true,
        "user_excluded": [],
        "value": 0.010242104904179889
    },
    "Ar37": {
        "error": 0.010550385424186915,
        "error_type": "SEM",
        "filter_outliers_dict": {
            "filter_outliers": true,
            "iterations": 1,
            "std_devs": 2,
            "use_standard_deviation_filtering": false
        },
        "fit": "Linear",
        "fn": 570,
        "include_baseline_error": false,
        "n": 600,
        "outlier_excluded": [
            5,
            139,
            15,
            159,
            42,
            427,
            44,
            173,
            50,
            308,
            310,
            186,
            318,
            574,
            64,
            450,
            77,
            335,
            88,
            91,
            349,
            477,
            225,
            361,
            363,
            364,
            491,
            121,
            122,
            510
        ],
        "reviewed": true,
        "user_excluded": [],
        "value": 0.14015394764990946
    },
    "Ar38": {
        "error": 0.009624775950058553,
        "error_type": "SEM",
        "filter_outliers_dict": {
            "filter_outliers": true,
            "iterations": 1,
            "std_devs": 2,
            "use_standard_deviation_filtering": false
        },
        "fit": "Linear",
        "fn": 568,
        "include_baseline_error": false,
        "n": 600,
        "outlier_excluded": [
            256,
            259,
            6,
            135,
            21,
            411,
            34,
            35,
            38,
            428,
            557,
            47,
            176,
            177,
            50,
            305,
            568,
            191,
            320,
            321,
            449,
            73,
            586,
            337,
            342,
            343,
            366,
            241,
            369,
            376,
            504,
            123
        ],
        "reviewed": true,
        "user_excluded": [],
        "value": -0.030895210301174206
    },
    "Ar39": {
        "error": 0.016784442743333208,
        "error_type": "SEM",
        "filter_outliers_dict": {
            "filter_outliers": true,
            "iterations": 1,
            "std_devs": 2,
            "use_standard_deviation_filtering": false
        },
        "fit": "Parabolic",
        "fn": 570,
        "include_baseline_error": false,
        "n": 600,
        "outlier_excluded": [
            259,
            262,
            263,
            141,
            149,
            410,
            164,
            424,
            172,
            300,
            175,
            445,
            454,
            202,
            458,
            204,
            345,
            346,
            223,
            352,
            226,
            354,
            228,
            101,
            229,
            355,
            104,
            361,
            362,
            369
        ],
        "reviewed": true,
        "user_excluded": [],
        "value": 14.183263267052203
    },
    "Ar40": {
        "error": 0.01733224183107995,
        "error_type": "SEM",
        "filter_outliers_dict": {
            "filter_outliers": true,
            "iterations": 1,
            "std_devs": 2,
            "use_standard_deviation_filtering": false
        },
        "fit": "Parabolic",
        "fn": 574,
        "include_baseline_error": false,
        "n": 600,
        "outlier_excluded": [
            0,
            6,
            262,
            519,
            13,
            398,
            147,
            150,
            286,
            549,
            424,
            170,
            50,
            563,
            322,
            71,
            589,
            206,
            593,
            471,
            344,
            237,
            369,
            246,
            508,
            127
        ],
        "reviewed": true,
        "user_excluded": [],
        "value": 5.583434704717023
    },
    "Ar41": {
        "error": 0.005174954492030709,
        "error_type": "SEM",
        "filter_outliers_dict": {
            "filter_outliers": true,
            "iterations": 1,
            "std_devs": 2,
            "use_standard_deviation_filtering": false
        },
        "fit": "average",
        "value": -0.04559511864869484
    }
}