{
    "Ar36": {
        "error": 0.00014003518125055037,
        "error_type": "SEM",
        "filter_outliers_dict": {
            "filter_outliers": true,
            "iterations": 1,
            "std_devs": 2,
            "use_standard_deviation_filtering": false
        },
        "fit": "Parabolic",
        "fn": 576,
        "include_baseline_error": false,
        "n": 600,
        "outlier_excluded": [
            522,
            146,
            402,
            277,
            542,
            167,
            425,
            429,
            53,
            318,
            463,
            466,
            339,
            596,
            342,
            599,
            472,
            222,
            95,
            356,
            105,
            364,
            504,
            381
        ],
        "reviewed": true,
        "user_excluded": [],
        "value": 0.004990355322241293
    },
    "Ar37": {
        "error": 0.010803468910996181,
        "error_type": "SEM",
        "filter_outliers_dict": {
            "filter_outliers": true,
            "iterations": 1,
            "std_devs": 2,
            "use_standard_deviation_filtering": false
        },
        "fit": "Linear",
        "fn": 579,
        "include_baseline_error": false,
        "n": 600,
        "outlier_excluded": [
            99,
            387,
            579,
            102,
            199,
            297,
            459,
            44,
            493,
            336,
            593,
            563,
            148,
            277,
            565,
            183,
            249,
            90,
            315,
            505,
            575
        ],
        "reviewed": true,
        "user_excluded": [],
        "value": 0.1426917644241144
    },
    "Ar38": {
        "error": 0.00887680411762479,
        "error_type": "SEM",
        "filter_outliers_dict": {
            "filter_outliers": true,
            "iterations": 1,
            "std_devs": 2,
            "use_standard_deviation_filtering": false
        },
        "fit": "Linear",
        "fn": 562,
        "include_baseline_error": false,
        "n": 600,
        "outlier_excluded": [
            130,
            3,
            4,
            131,
            519,
            524,
            273,
            276,
            149,
            150,
            404,
            282,
            414,
            31,
            543,
            300,
            563,
            52,
            310,
            55,
            443,
            193,
            69,
            70,
            71,
            328,
            455,
            584,
            478,
            95,
            485,
            362,
            363,
            237,
            239,
            113,
            369,
            383
        ],
        "reviewed": true,
        "user_excluded": [],
        "value": -0.10531737407150119
    },
    "Ar39": {
        "error": 0.014089480420026222,
        "error_type": "SEM",
        "filter_outliers_dict": {
            "filter_outliers": true,
            "iterations": 1,
            "std_devs": 2,
            "use_standard_deviation_filtering": false
        },
        "fit": "Parabolic",
        "fn": 577,
        "include_baseline_error": false,
        "n": 600,
        "outlier_excluded": [
            386,
            262,
            267,
            524,
            13,
            275,
            276,
            405,
            406,
            408,
            293,
            317,
            62,
            66,
            68,
            72,
            328,
            332,
            206,
            350,
            100,
            360,
            378
        ],
        "reviewed": true,
        "user_excluded": [],
        "value": 7.63538474391988
    },
    "Ar40": {
        "error": 0.01639019713848628,
        "error_type": "SEM",
        "filter_outliers_dict": {
            "filter_outliers": true,
            "iterations": 1,
            "std_devs": 2,
            "use_standard_deviation_filtering": false
        },
        "fit": "Parabolic",
        "fn": 572,
        "include_baseline_error": false,
        "n": 600,
        "outlier_excluded": [
            521,
            530,
            147,
            167,
            51,
            436,
            437,
            311,
            312,
            313,
            58,
            440,
            567,
            574,
            196,
            199,
            330,
            589,
            594,
            341,
            93,
            222,
            95,
            234,
            494,
            240,
            254,
            126
        ],
        "reviewed": true,
        "user_excluded": [],
        "value": 2.699855367902246
    },
    "Ar41": {
        "error": 0.005053259032877628,
        "error_type": "SEM",
        "filter_outliers_dict": {
            "filter_outliers": true,
            "iterations": 1,
            "std_devs": 2,
            "use_standard_deviation_filtering": false
        },
        "fit": "average",
        "value": -0.0586434520248425
    }
}