{
    "Ar36": {
        "error": 0.00014435463961232737,
        "error_type": "SEM",
        "filter_outliers_dict": {
            "filter_outliers": true,
            "iterations": 1,
            "std_devs": 2,
            "use_standard_deviation_filtering": false
        },
        "fit": "Parabolic",
        "fn": 573,
        "include_baseline_error": false,
        "n": 600,
        "outlier_excluded": [
            514,
            520,
            146,
            533,
            279,
            412,
            542,
            415,
            33,
            170,
            555,
            560,
            433,
            446,
            450,
            454,
            203,
            466,
            596,
            597,
            470,
            349,
            226,
            489,
            375,
            381,
            127
        ],
        "reviewed": true,
        "user_excluded": [],
        "value": 0.005643447823949358
    },
    "Ar37": {
        "error": 0.010381887803826671,
        "error_type": "SEM",
        "filter_outliers_dict": {
            "filter_outliers": true,
            "iterations": 1,
            "std_devs": 2,
            "use_standard_deviation_filtering": false
        },
        "fit": "Linear",
        "fn": 570,
        "include_baseline_error": false,
        "n": 600,
        "outlier_excluded": [
            519,
            265,
            266,
            146,
            278,
            537,
            414,
            160,
            422,
            425,
            563,
            186,
            442,
            316,
            443,
            574,
            575,
            198,
            589,
            593,
            340,
            213,
            216,
            472,
            94,
            224,
            483,
            109,
            243,
            507
        ],
        "reviewed": true,
        "user_excluded": [],
        "value": 0.16878559503435142
    },
    "Ar38": {
        "error": 0.009851994511460925,
        "error_type": "SEM",
        "filter_outliers_dict": {
            "filter_outliers": true,
            "iterations": 1,
            "std_devs": 2,
            "use_standard_deviation_filtering": false
        },
        "fit": "Linear",
        "fn": 574,
        "include_baseline_error": false,
        "n": 600,
        "outlier_excluded": [
            385,
            386,
            394,
            402,
            150,
            291,
            37,
            301,
            49,
            561,
            55,
            569,
            445,
            64,
            67,
            68,
            325,
            579,
            464,
            465,
            212,
            86,
            471,
            216,
            100,
            489
        ],
        "reviewed": true,
        "user_excluded": [],
        "value": -0.08546642907291824
    },
    "Ar39": {
        "error": 0.014083502412923079,
        "error_type": "SEM",
        "filter_outliers_dict": {
            "filter_outliers": true,
            "iterations": 1,
            "std_devs": 2,
            "use_standard_deviation_filtering": false
        },
        "fit": "Parabolic",
        "fn": 567,
        "include_baseline_error": false,
        "n": 600,
        "outlier_excluded": [
            520,
            11,
            141,
            17,
            19,
            20,
            275,
            534,
            152,
            159,
            160,
            163,
            164,
            166,
            167,
            427,
            45,
            46,
            50,
            189,
            66,
            325,
            70,
            334,
            83,
            97,
            233,
            492,
            115,
            373,
            374,
            503,
            504
        ],
        "reviewed": true,
        "user_excluded": [],
        "value": 7.478360293051489
    },
    "Ar40": {
        "error": 0.015664874921509288,
        "error_type": "SEM",
        "filter_outliers_dict": {
            "filter_outliers": true,
            "iterations": 1,
            "std_devs": 2,
            "use_standard_deviation_filtering": false
        },
        "fit": "Parabolic",
        "fn": 571,
        "include_baseline_error": false,
        "n": 600,
        "outlier_excluded": [
            390,
            518,
            520,
            9,
            397,
            14,
            147,
            25,
            544,
            548,
            552,
            426,
            173,
            179,
            180,
            53,
            195,
            74,
            587,
            464,
            465,
            595,
            473,
            480,
            361,
            110,
            494,
            369,
            500
        ],
        "reviewed": true,
        "user_excluded": [],
        "value": 2.9818941596204187
    },
    "Ar41": {
        "error": 0.004792260317917044,
        "error_type": "SEM",
        "filter_outliers_dict": {
            "filter_outliers": true,
            "iterations": 1,
            "std_devs": 2,
            "use_standard_deviation_filtering": false
        },
        "fit": "average",
        "value": -0.057571630286493806
    }
}