{
    "Ar36": {
        "error": 0.00016075615848648635,
        "error_type": "SEM",
        "filter_outliers_dict": {
            "filter_outliers": true,
            "iterations": 1,
            "std_devs": 2,
            "use_standard_deviation_filtering": false
        },
        "fit": "Parabolic",
        "fn": 570,
        "include_baseline_error": false,
        "n": 600,
        "outlier_excluded": [
            384,
            386,
            387,
            394,
            523,
            18,
            531,
            148,
            23,
            539,
            159,
            160,
            547,
            555,
            558,
            308,
            564,
            565,
            439,
            59,
            444,
            445,
            192,
            327,
            72,
            337,
            481,
            490,
            495,
            375
        ],
        "reviewed": true,
        "user_excluded": [],
        "value": 0.0076672771590060584
    },
    "Ar37": {
        "error": 0.011034970166814817,
        "error_type": "SEM",
        "filter_outliers_dict": {
            "filter_outliers": true,
            "iterations": 1,
            "std_devs": 2,
            "use_standard_deviation_filtering": false
        },
        "fit": "Linear",
        "fn": 581,
        "include_baseline_error": false,
        "n": 600,
        "outlier_excluded": [
            160,
            482,
            356,
            230,
            489,
            10,
            11,
            396,
            270,
            559,
            340,
            596,
            438,
            311,
            120,
            473,
            218,
            156,
            380
        ],
        "reviewed": true,
        "user_excluded": [],
        "value": 0.12936456231916588
    },
    "Ar38": {
        "error": 0.00903500000392981,
        "error_type": "SEM",
        "filter_outliers_dict": {
            "filter_outliers": true,
            "iterations": 1,
            "std_devs": 2,
            "use_standard_deviation_filtering": false
        },
        "fit": "Linear",
        "fn": 555,
        "include_baseline_error": false,
        "n": 600,
        "outlier_excluded": [
            257,
            388,
            269,
            398,
            525,
            16,
            526,
            18,
            527,
            278,
            540,
            413,
            541,
            39,
            296,
            424,
            553,
            46,
            303,
            178,
            309,
            565,
            184,
            440,
            441,
            62,
            577,
            587,
            461,
            213,
            341,
            598,
            472,
            219,
            93,
            95,
            96,
            103,
            232,
            233,
            359,
            498,
            119,
            380,
            511
        ],
        "reviewed": true,
        "user_excluded": [],
        "value": -0.049580436338531
    },
    "Ar39": {
        "error": 0.015791262042076405,
        "error_type": "SEM",
        "filter_outliers_dict": {
            "filter_outliers": true,
            "iterations": 1,
            "std_devs": 2,
            "use_standard_deviation_filtering": false
        },
        "fit": "Parabolic",
        "fn": 574,
        "include_baseline_error": false,
        "n": 600,
        "outlier_excluded": [
            5,
            8,
            524,
            531,
            149,
            25,
            27,
            158,
            545,
            39,
            42,
            43,
            301,
            47,
            303,
            306,
            307,
            574,
            577,
            209,
            210,
            211,
            473,
            477,
            230,
            499
        ],
        "reviewed": true,
        "user_excluded": [],
        "value": 11.659183721173592
    },
    "Ar40": {
        "error": 0.016606057178368137,
        "error_type": "SEM",
        "filter_outliers_dict": {
            "filter_outliers": true,
            "iterations": 1,
            "std_devs": 2,
            "use_standard_deviation_filtering": false
        },
        "fit": "Parabolic",
        "fn": 571,
        "include_baseline_error": false,
        "n": 600,
        "outlier_excluded": [
            257,
            144,
            145,
            404,
            26,
            539,
            157,
            31,
            36,
            548,
            40,
            43,
            301,
            54,
            318,
            65,
            450,
            324,
            582,
            73,
            330,
            336,
            81,
            592,
            594,
            223,
            358,
            366,
            245
        ],
        "reviewed": true,
        "user_excluded": [],
        "value": 4.166850510043522
    },
    "Ar41": {
        "error": 0.004808653979833324,
        "error_type": "SEM",
        "filter_outliers_dict": {
            "filter_outliers": true,
            "iterations": 1,
            "std_devs": 2,
            "use_standard_deviation_filtering": false
        },
        "fit": "average",
        "value": -0.05667666352225363
    }
}