{
    "Ar36": {
        "error": 0.0002368841321396328,
        "error_type": "SEM",
        "filter_outliers_dict": {
            "filter_outliers": true,
            "iterations": 1,
            "std_devs": 2,
            "use_standard_deviation_filtering": false
        },
        "fit": "Parabolic",
        "fn": 572,
        "include_baseline_error": false,
        "n": 600,
        "outlier_excluded": [
            258,
            386,
            132,
            523,
            396,
            269,
            552,
            563,
            567,
            568,
            569,
            442,
            317,
            66,
            68,
            458,
            459,
            78,
            593,
            468,
            488,
            233,
            370,
            371,
            498,
            501,
            118,
            375
        ],
        "reviewed": true,
        "user_excluded": [],
        "value": 0.020176129782345405
    },
    "Ar37": {
        "error": 0.00994647274649515,
        "error_type": "SEM",
        "filter_outliers_dict": {
            "filter_outliers": true,
            "iterations": 1,
            "std_devs": 2,
            "use_standard_deviation_filtering": false
        },
        "fit": "Linear",
        "fn": 576,
        "include_baseline_error": false,
        "n": 600,
        "outlier_excluded": [
            129,
            130,
            386,
            529,
            408,
            32,
            164,
            422,
            39,
            46,
            566,
            570,
            572,
            320,
            68,
            592,
            83,
            489,
            492,
            370,
            371,
            118,
            376,
            505
        ],
        "reviewed": true,
        "user_excluded": [],
        "value": 0.15206642043009377
    },
    "Ar38": {
        "error": 0.010338715417199532,
        "error_type": "SEM",
        "filter_outliers_dict": {
            "filter_outliers": true,
            "iterations": 1,
            "std_devs": 2,
            "use_standard_deviation_filtering": false
        },
        "fit": "Linear",
        "fn": 569,
        "include_baseline_error": false,
        "n": 600,
        "outlier_excluded": [
            388,
            529,
            164,
            420,
            38,
            296,
            424,
            554,
            299,
            301,
            175,
            176,
            560,
            183,
            568,
            569,
            62,
            65,
            322,
            198,
            584,
            329,
            202,
            338,
            596,
            342,
            220,
            222,
            97,
            116,
            501
        ],
        "reviewed": true,
        "user_excluded": [],
        "value": 0.3693889091220973
    },
    "Ar39": {
        "error": 0.01948234499649235,
        "error_type": "SEM",
        "filter_outliers_dict": {
            "filter_outliers": true,
            "iterations": 1,
            "std_devs": 2,
            "use_standard_deviation_filtering": false
        },
        "fit": "Parabolic",
        "fn": 580,
        "include_baseline_error": false,
        "n": 600,
        "outlier_excluded": [
            549,
            581,
            104,
            136,
            106,
            137,
            493,
            496,
            528,
            529,
            51,
            52,
            467,
            54,
            55,
            214,
            470,
            471,
            221,
            413
        ],
        "reviewed": true,
        "user_excluded": [],
        "value": 42.09015374155457
    },
    "Ar40": {
        "error": 0.019398579923082748,
        "error_type": "SEM",
        "filter_outliers_dict": {
            "filter_outliers": true,
            "iterations": 1,
            "std_devs": 2,
            "use_standard_deviation_filtering": false
        },
        "fit": "Parabolic",
        "fn": 568,
        "include_baseline_error": false,
        "n": 600,
        "outlier_excluded": [
            0,
            1,
            129,
            130,
            4,
            7,
            9,
            394,
            13,
            147,
            533,
            406,
            23,
            164,
            37,
            421,
            305,
            307,
            180,
            308,
            564,
            58,
            572,
            589,
            593,
            470,
            598,
            358,
            498,
            373,
            376,
            504
        ],
        "reviewed": true,
        "user_excluded": [],
        "value": 13.207296788406666
    },
    "Ar41": {
        "error": 0.0049429924057210915,
        "error_type": "SEM",
        "filter_outliers_dict": {
            "filter_outliers": true,
            "iterations": 1,
            "std_devs": 2,
            "use_standard_deviation_filtering": false
        },
        "fit": "average",
        "value": -0.056083943920952076
    }
}