{
    "Ar36": {
        "error": 0.00014690075090176112,
        "error_type": "SEM",
        "filter_outliers_dict": {
            "filter_outliers": true,
            "iterations": 1,
            "std_devs": 2,
            "use_standard_deviation_filtering": false
        },
        "fit": "Parabolic",
        "fn": 574,
        "include_baseline_error": false,
        "n": 600,
        "outlier_excluded": [
            390,
            518,
            524,
            528,
            19,
            531,
            282,
            539,
            545,
            551,
            168,
            562,
            563,
            310,
            571,
            62,
            459,
            204,
            464,
            347,
            101,
            485,
            241,
            508,
            125,
            127
        ],
        "reviewed": true,
        "user_excluded": [],
        "value": 0.007836055444381514
    },
    "Ar37": {
        "error": 0.010384371294319662,
        "error_type": "SEM",
        "filter_outliers_dict": {
            "filter_outliers": true,
            "iterations": 1,
            "std_devs": 2,
            "use_standard_deviation_filtering": false
        },
        "fit": "Linear",
        "fn": 573,
        "include_baseline_error": false,
        "n": 600,
        "outlier_excluded": [
            386,
            6,
            138,
            146,
            403,
            404,
            21,
            544,
            33,
            38,
            169,
            172,
            431,
            568,
            575,
            320,
            450,
            327,
            208,
            467,
            475,
            476,
            227,
            228,
            106,
            234,
            506
        ],
        "reviewed": true,
        "user_excluded": [],
        "value": 0.133180442229492
    },
    "Ar38": {
        "error": 0.009260301555511422,
        "error_type": "SEM",
        "filter_outliers_dict": {
            "filter_outliers": true,
            "iterations": 1,
            "std_devs": 2,
            "use_standard_deviation_filtering": false
        },
        "fit": "Linear",
        "fn": 572,
        "include_baseline_error": false,
        "n": 600,
        "outlier_excluded": [
            4,
            264,
            9,
            18,
            274,
            153,
            281,
            537,
            540,
            419,
            167,
            175,
            433,
            186,
            59,
            574,
            65,
            203,
            469,
            470,
            599,
            216,
            347,
            229,
            362,
            120,
            377,
            504
        ],
        "reviewed": true,
        "user_excluded": [],
        "value": -0.05278865571150057
    },
    "Ar39": {
        "error": 0.014455170925982141,
        "error_type": "SEM",
        "filter_outliers_dict": {
            "filter_outliers": true,
            "iterations": 1,
            "std_devs": 2,
            "use_standard_deviation_filtering": false
        },
        "fit": "Parabolic",
        "fn": 566,
        "include_baseline_error": false,
        "n": 600,
        "outlier_excluded": [
            0,
            130,
            519,
            10,
            152,
            544,
            292,
            293,
            550,
            296,
            566,
            186,
            187,
            67,
            68,
            199,
            585,
            205,
            78,
            206,
            336,
            209,
            211,
            212,
            477,
            97,
            109,
            110,
            111,
            112,
            113,
            366,
            368,
            383
        ],
        "reviewed": true,
        "user_excluded": [],
        "value": 11.815502500562793
    },
    "Ar40": {
        "error": 0.015496298384239635,
        "error_type": "SEM",
        "filter_outliers_dict": {
            "filter_outliers": true,
            "iterations": 1,
            "std_devs": 2,
            "use_standard_deviation_filtering": false
        },
        "fit": "Parabolic",
        "fn": 574,
        "include_baseline_error": false,
        "n": 600,
        "outlier_excluded": [
            393,
            271,
            272,
            403,
            404,
            278,
            284,
            31,
            299,
            564,
            181,
            579,
            580,
            327,
            456,
            210,
            596,
            89,
            223,
            227,
            228,
            356,
            364,
            109,
            498,
            501
        ],
        "reviewed": true,
        "user_excluded": [],
        "value": 4.720457525825118
    },
    "Ar41": {
        "error": 0.005218296569318437,
        "error_type": "SEM",
        "filter_outliers_dict": {
            "filter_outliers": true,
            "iterations": 1,
            "std_devs": 2,
            "use_standard_deviation_filtering": false
        },
        "fit": "average",
        "value": -0.049882577284529044
    }
}