{
    "Ar36": {
        "error": 0.0001650837727259538,
        "error_type": "SEM",
        "filter_outliers_dict": {
            "filter_outliers": true,
            "iterations": 1,
            "std_devs": 2,
            "use_standard_deviation_filtering": false
        },
        "fit": "Parabolic",
        "fn": 574,
        "include_baseline_error": false,
        "n": 600,
        "outlier_excluded": [
            130,
            519,
            392,
            399,
            529,
            404,
            149,
            551,
            307,
            308,
            567,
            569,
            317,
            573,
            193,
            592,
            593,
            475,
            92,
            350,
            351,
            355,
            109,
            110,
            122,
            507
        ],
        "reviewed": true,
        "user_excluded": [],
        "value": 0.008274991925651641
    },
    "Ar37": {
        "error": 0.010482273016893993,
        "error_type": "SEM",
        "filter_outliers_dict": {
            "filter_outliers": true,
            "iterations": 1,
            "std_devs": 2,
            "use_standard_deviation_filtering": false
        },
        "fit": "Linear",
        "fn": 567,
        "include_baseline_error": false,
        "n": 600,
        "outlier_excluded": [
            269,
            270,
            400,
            283,
            412,
            285,
            286,
            414,
            543,
            33,
            546,
            551,
            298,
            48,
            432,
            181,
            438,
            439,
            566,
            63,
            576,
            196,
            69,
            333,
            466,
            342,
            471,
            346,
            98,
            99,
            109,
            110,
            245
        ],
        "reviewed": true,
        "user_excluded": [],
        "value": 0.15655601630395177
    },
    "Ar38": {
        "error": 0.011435666923721152,
        "error_type": "SEM",
        "filter_outliers_dict": {
            "filter_outliers": true,
            "iterations": 1,
            "std_devs": 2,
            "use_standard_deviation_filtering": false
        },
        "fit": "Linear",
        "fn": 578,
        "include_baseline_error": false,
        "n": 600,
        "outlier_excluded": [
            388,
            8,
            528,
            148,
            279,
            157,
            416,
            417,
            292,
            305,
            178,
            567,
            200,
            329,
            586,
            74,
            330,
            335,
            103,
            231,
            109,
            110
        ],
        "reviewed": true,
        "user_excluded": [],
        "value": 0.05985002603443017
    },
    "Ar39": {
        "error": 0.017864408065499063,
        "error_type": "SEM",
        "filter_outliers_dict": {
            "filter_outliers": true,
            "iterations": 1,
            "std_devs": 2,
            "use_standard_deviation_filtering": false
        },
        "fit": "Parabolic",
        "fn": 578,
        "include_baseline_error": false,
        "n": 600,
        "outlier_excluded": [
            19,
            278,
            284,
            58,
            64,
            321,
            68,
            196,
            583,
            328,
            596,
            599,
            217,
            94,
            97,
            500,
            245,
            501,
            504,
            505,
            506,
            509
        ],
        "reviewed": true,
        "user_excluded": [],
        "value": 20.588172039056744
    },
    "Ar40": {
        "error": 0.01671356379125524,
        "error_type": "SEM",
        "filter_outliers_dict": {
            "filter_outliers": true,
            "iterations": 1,
            "std_devs": 2,
            "use_standard_deviation_filtering": false
        },
        "fit": "Parabolic",
        "fn": 570,
        "include_baseline_error": false,
        "n": 600,
        "outlier_excluded": [
            1,
            387,
            266,
            527,
            147,
            537,
            157,
            30,
            543,
            33,
            161,
            35,
            166,
            422,
            554,
            301,
            572,
            324,
            69,
            206,
            464,
            81,
            82,
            472,
            345,
            347,
            361,
            241,
            242,
            122
        ],
        "reviewed": true,
        "user_excluded": [],
        "value": 6.094485584321631
    },
    "Ar41": {
        "error": 0.004979612580942898,
        "error_type": "SEM",
        "filter_outliers_dict": {
            "filter_outliers": true,
            "iterations": 1,
            "std_devs": 2,
            "use_standard_deviation_filtering": false
        },
        "fit": "average",
        "value": 0.21365693786516687
    }
}