{
    "Ar36": {
        "error": 0.00017595476201307772,
        "error_type": "SEM",
        "filter_outliers_dict": {
            "filter_outliers": true,
            "iterations": 1,
            "std_devs": 2,
            "use_standard_deviation_filtering": false
        },
        "fit": "Parabolic",
        "fn": 576,
        "include_baseline_error": false,
        "n": 600,
        "outlier_excluded": [
            129,
            130,
            394,
            271,
            272,
            403,
            280,
            409,
            536,
            27,
            546,
            547,
            431,
            48,
            181,
            439,
            59,
            448,
            204,
            338,
            473,
            117,
            120,
            127
        ],
        "reviewed": true,
        "user_excluded": [],
        "value": 0.009377010807901428
    },
    "Ar37": {
        "error": 0.010710953650122344,
        "error_type": "SEM",
        "filter_outliers_dict": {
            "filter_outliers": true,
            "iterations": 1,
            "std_devs": 2,
            "use_standard_deviation_filtering": false
        },
        "fit": "Linear",
        "fn": 575,
        "include_baseline_error": false,
        "n": 600,
        "outlier_excluded": [
            0,
            257,
            4,
            388,
            139,
            395,
            396,
            158,
            159,
            432,
            434,
            442,
            187,
            190,
            62,
            63,
            321,
            455,
            232,
            361,
            491,
            111,
            112,
            367,
            499
        ],
        "reviewed": true,
        "user_excluded": [],
        "value": 0.15727916851614798
    },
    "Ar38": {
        "error": 0.011237434047579962,
        "error_type": "SEM",
        "filter_outliers_dict": {
            "filter_outliers": true,
            "iterations": 1,
            "std_devs": 2,
            "use_standard_deviation_filtering": false
        },
        "fit": "Linear",
        "fn": 575,
        "include_baseline_error": false,
        "n": 600,
        "outlier_excluded": [
            514,
            131,
            136,
            276,
            153,
            541,
            160,
            293,
            566,
            443,
            321,
            194,
            195,
            322,
            197,
            325,
            589,
            87,
            343,
            347,
            478,
            352,
            354,
            355,
            101
        ],
        "reviewed": true,
        "user_excluded": [],
        "value": 0.08789343722751107
    },
    "Ar39": {
        "error": 0.017673637940185106,
        "error_type": "SEM",
        "filter_outliers_dict": {
            "filter_outliers": true,
            "iterations": 1,
            "std_devs": 2,
            "use_standard_deviation_filtering": false
        },
        "fit": "Parabolic",
        "fn": 575,
        "include_baseline_error": false,
        "n": 600,
        "outlier_excluded": [
            127,
            516,
            517,
            6,
            22,
            406,
            408,
            541,
            416,
            291,
            45,
            175,
            434,
            192,
            322,
            67,
            451,
            197,
            339,
            341,
            91,
            482,
            228,
            506,
            511
        ],
        "reviewed": true,
        "user_excluded": [],
        "value": 22.85833864810976
    },
    "Ar40": {
        "error": 0.016898828742909877,
        "error_type": "SEM",
        "filter_outliers_dict": {
            "filter_outliers": true,
            "iterations": 1,
            "std_devs": 2,
            "use_standard_deviation_filtering": false
        },
        "fit": "Parabolic",
        "fn": 571,
        "include_baseline_error": false,
        "n": 600,
        "outlier_excluded": [
            514,
            3,
            515,
            274,
            406,
            411,
            28,
            290,
            39,
            426,
            432,
            575,
            323,
            454,
            460,
            462,
            79,
            81,
            214,
            470,
            89,
            219,
            354,
            355,
            482,
            484,
            359,
            116,
            120
        ],
        "reviewed": true,
        "user_excluded": [],
        "value": 6.520670402455501
    },
    "Ar41": {
        "error": 0.004968753098191643,
        "error_type": "SEM",
        "filter_outliers_dict": {
            "filter_outliers": true,
            "iterations": 1,
            "std_devs": 2,
            "use_standard_deviation_filtering": false
        },
        "fit": "average",
        "value": 0.21418834049486268
    }
}