{
    "Ar36": {
        "error": 0.0001376385718568561,
        "error_type": "SEM",
        "filter_outliers_dict": {
            "filter_outliers": true,
            "iterations": 1,
            "std_devs": 2,
            "use_standard_deviation_filtering": false
        },
        "fit": "Parabolic",
        "fn": 571,
        "include_baseline_error": false,
        "n": 600,
        "outlier_excluded": [
            385,
            387,
            399,
            16,
            542,
            33,
            420,
            549,
            176,
            304,
            432,
            435,
            439,
            325,
            74,
            588,
            461,
            590,
            591,
            80,
            342,
            477,
            351,
            352,
            484,
            361,
            502,
            503,
            380
        ],
        "reviewed": true,
        "user_excluded": [],
        "value": 0.005269512043960834
    },
    "Ar37": {
        "error": 0.009557184980749568,
        "error_type": "SEM",
        "filter_outliers_dict": {
            "filter_outliers": true,
            "iterations": 1,
            "std_devs": 2,
            "use_standard_deviation_filtering": false
        },
        "fit": "Linear",
        "fn": 572,
        "include_baseline_error": false,
        "n": 600,
        "outlier_excluded": [
            514,
            520,
            137,
            141,
            279,
            26,
            154,
            33,
            162,
            293,
            296,
            304,
            432,
            308,
            182,
            450,
            454,
            203,
            78,
            207,
            335,
            229,
            494,
            495,
            368,
            498,
            115,
            378
        ],
        "reviewed": true,
        "user_excluded": [],
        "value": 0.14204999842916347
    },
    "Ar38": {
        "error": 0.009645523372729092,
        "error_type": "SEM",
        "filter_outliers_dict": {
            "filter_outliers": true,
            "iterations": 1,
            "std_devs": 2,
            "use_standard_deviation_filtering": false
        },
        "fit": "Linear",
        "fn": 567,
        "include_baseline_error": false,
        "n": 600,
        "outlier_excluded": [
            136,
            11,
            523,
            25,
            410,
            290,
            549,
            556,
            45,
            179,
            53,
            310,
            565,
            320,
            322,
            580,
            585,
            587,
            76,
            333,
            209,
            340,
            599,
            216,
            478,
            480,
            481,
            483,
            100,
            112,
            370,
            120,
            127
        ],
        "reviewed": true,
        "user_excluded": [],
        "value": -0.056914470476184476
    },
    "Ar39": {
        "error": 0.01603492516753799,
        "error_type": "SEM",
        "filter_outliers_dict": {
            "filter_outliers": true,
            "iterations": 1,
            "std_devs": 2,
            "use_standard_deviation_filtering": false
        },
        "fit": "Parabolic",
        "fn": 574,
        "include_baseline_error": false,
        "n": 600,
        "outlier_excluded": [
            389,
            392,
            531,
            553,
            426,
            53,
            572,
            320,
            68,
            198,
            327,
            328,
            472,
            346,
            347,
            480,
            481,
            359,
            362,
            363,
            239,
            240,
            373,
            504,
            378,
            254
        ],
        "reviewed": true,
        "user_excluded": [],
        "value": 13.052595801391684
    },
    "Ar40": {
        "error": 0.01699668409149795,
        "error_type": "SEM",
        "filter_outliers_dict": {
            "filter_outliers": true,
            "iterations": 1,
            "std_devs": 2,
            "use_standard_deviation_filtering": false
        },
        "fit": "Parabolic",
        "fn": 574,
        "include_baseline_error": false,
        "n": 600,
        "outlier_excluded": [
            386,
            264,
            138,
            523,
            398,
            530,
            275,
            277,
            22,
            414,
            544,
            548,
            298,
            427,
            436,
            309,
            437,
            455,
            331,
            464,
            469,
            92,
            476,
            105,
            505,
            507
        ],
        "reviewed": true,
        "user_excluded": [],
        "value": 3.6206294087393536
    },
    "Ar41": {
        "error": 0.0048943442048059406,
        "error_type": "SEM",
        "filter_outliers_dict": {
            "filter_outliers": true,
            "iterations": 1,
            "std_devs": 2,
            "use_standard_deviation_filtering": false
        },
        "fit": "average",
        "value": 0.20849751637657532
    }
}