{
    "Ar36": {
        "error": 0.00015744537218200067,
        "error_type": "SEM",
        "filter_outliers_dict": {
            "filter_outliers": true,
            "iterations": 1,
            "std_devs": 2,
            "use_standard_deviation_filtering": false
        },
        "fit": "Parabolic",
        "fn": 573,
        "include_baseline_error": false,
        "n": 600,
        "outlier_excluded": [
            517,
            265,
            398,
            526,
            401,
            281,
            282,
            285,
            413,
            552,
            555,
            181,
            570,
            187,
            577,
            197,
            326,
            327,
            201,
            586,
            587,
            464,
            599,
            492,
            365,
            495,
            506
        ],
        "reviewed": true,
        "user_excluded": [],
        "value": 0.0071943494315751914
    },
    "Ar37": {
        "error": 0.010311620750129072,
        "error_type": "SEM",
        "filter_outliers_dict": {
            "filter_outliers": true,
            "iterations": 1,
            "std_devs": 2,
            "use_standard_deviation_filtering": false
        },
        "fit": "Linear",
        "fn": 576,
        "include_baseline_error": false,
        "n": 600,
        "outlier_excluded": [
            389,
            397,
            146,
            20,
            157,
            159,
            32,
            33,
            300,
            303,
            304,
            305,
            58,
            574,
            322,
            456,
            470,
            348,
            349,
            353,
            360,
            116,
            374,
            247
        ],
        "reviewed": true,
        "user_excluded": [],
        "value": 0.16315054537346932
    },
    "Ar38": {
        "error": 0.009432933452098023,
        "error_type": "SEM",
        "filter_outliers_dict": {
            "filter_outliers": true,
            "iterations": 1,
            "std_devs": 2,
            "use_standard_deviation_filtering": false
        },
        "fit": "Linear",
        "fn": 565,
        "include_baseline_error": false,
        "n": 600,
        "outlier_excluded": [
            512,
            139,
            143,
            20,
            410,
            158,
            169,
            555,
            301,
            558,
            50,
            179,
            563,
            182,
            440,
            59,
            316,
            191,
            325,
            582,
            588,
            77,
            210,
            595,
            213,
            91,
            97,
            226,
            232,
            365,
            110,
            493,
            372,
            118,
            122
        ],
        "reviewed": true,
        "user_excluded": [],
        "value": -0.08153516939106095
    },
    "Ar39": {
        "error": 0.01627371961035596,
        "error_type": "SEM",
        "filter_outliers_dict": {
            "filter_outliers": true,
            "iterations": 1,
            "std_devs": 2,
            "use_standard_deviation_filtering": false
        },
        "fit": "Parabolic",
        "fn": 575,
        "include_baseline_error": false,
        "n": 600,
        "outlier_excluded": [
            513,
            132,
            516,
            518,
            9,
            395,
            14,
            148,
            33,
            424,
            425,
            553,
            442,
            445,
            578,
            581,
            78,
            340,
            97,
            486,
            104,
            494,
            372,
            124,
            509
        ],
        "reviewed": true,
        "user_excluded": [],
        "value": 9.827565031855455
    },
    "Ar40": {
        "error": 0.016408390794474214,
        "error_type": "SEM",
        "filter_outliers_dict": {
            "filter_outliers": true,
            "iterations": 1,
            "std_devs": 2,
            "use_standard_deviation_filtering": false
        },
        "fit": "Parabolic",
        "fn": 574,
        "include_baseline_error": false,
        "n": 600,
        "outlier_excluded": [
            3,
            7,
            521,
            396,
            13,
            400,
            536,
            411,
            543,
            421,
            550,
            44,
            308,
            188,
            316,
            449,
            197,
            582,
            587,
            488,
            365,
            119,
            375,
            378,
            254,
            511
        ],
        "reviewed": true,
        "user_excluded": [],
        "value": 3.84129706037511
    },
    "Ar41": {
        "error": 0.004762900048934115,
        "error_type": "SEM",
        "filter_outliers_dict": {
            "filter_outliers": true,
            "iterations": 1,
            "std_devs": 2,
            "use_standard_deviation_filtering": false
        },
        "fit": "average",
        "value": 0.21023673804573972
    }
}