{
    "Ar36": {
        "error": 0.0001865891338080932,
        "error_type": "SEM",
        "filter_outliers_dict": {
            "filter_outliers": true,
            "iterations": 1,
            "std_devs": 2,
            "use_standard_deviation_filtering": false
        },
        "fit": "Parabolic",
        "fn": 572,
        "include_baseline_error": false,
        "n": 600,
        "outlier_excluded": [
            385,
            528,
            273,
            281,
            410,
            409,
            162,
            423,
            561,
            306,
            51,
            436,
            187,
            324,
            589,
            206,
            464,
            471,
            349,
            222,
            484,
            235,
            112,
            113,
            497,
            373,
            377,
            378
        ],
        "reviewed": true,
        "user_excluded": [],
        "value": 0.01145902908082834
    },
    "Ar37": {
        "error": 0.01040126255227835,
        "error_type": "SEM",
        "filter_outliers_dict": {
            "filter_outliers": true,
            "iterations": 1,
            "std_devs": 2,
            "use_standard_deviation_filtering": false
        },
        "fit": "Linear",
        "fn": 568,
        "include_baseline_error": false,
        "n": 600,
        "outlier_excluded": [
            5,
            261,
            521,
            272,
            277,
            24,
            25,
            26,
            28,
            30,
            287,
            169,
            425,
            302,
            438,
            184,
            450,
            199,
            587,
            588,
            333,
            334,
            83,
            214,
            87,
            96,
            483,
            357,
            364,
            247,
            122,
            383
        ],
        "reviewed": true,
        "user_excluded": [],
        "value": 0.15831782848517878
    },
    "Ar38": {
        "error": 0.009574275733855093,
        "error_type": "SEM",
        "filter_outliers_dict": {
            "filter_outliers": true,
            "iterations": 1,
            "std_devs": 2,
            "use_standard_deviation_filtering": false
        },
        "fit": "Linear",
        "fn": 577,
        "include_baseline_error": false,
        "n": 600,
        "outlier_excluded": [
            514,
            517,
            520,
            143,
            147,
            27,
            34,
            418,
            176,
            569,
            446,
            75,
            205,
            100,
            485,
            233,
            494,
            115,
            248,
            377,
            378,
            124,
            511
        ],
        "reviewed": true,
        "user_excluded": [],
        "value": -0.0958116279826812
    },
    "Ar39": {
        "error": 0.015630516477540875,
        "error_type": "SEM",
        "filter_outliers_dict": {
            "filter_outliers": true,
            "iterations": 1,
            "std_devs": 2,
            "use_standard_deviation_filtering": false
        },
        "fit": "Parabolic",
        "fn": 576,
        "include_baseline_error": false,
        "n": 600,
        "outlier_excluded": [
            513,
            387,
            520,
            9,
            521,
            12,
            527,
            531,
            532,
            279,
            24,
            25,
            535,
            31,
            166,
            175,
            48,
            50,
            579,
            83,
            211,
            471,
            89,
            476
        ],
        "reviewed": true,
        "user_excluded": [],
        "value": 7.167940611895826
    },
    "Ar40": {
        "error": 0.017556805796145818,
        "error_type": "SEM",
        "filter_outliers_dict": {
            "filter_outliers": true,
            "iterations": 1,
            "std_devs": 2,
            "use_standard_deviation_filtering": false
        },
        "fit": "Parabolic",
        "fn": 577,
        "include_baseline_error": false,
        "n": 600,
        "outlier_excluded": [
            129,
            7,
            8,
            136,
            392,
            394,
            22,
            150,
            413,
            43,
            310,
            571,
            581,
            584,
            458,
            462,
            352,
            232,
            108,
            243,
            120,
            504,
            123
        ],
        "reviewed": true,
        "user_excluded": [],
        "value": 4.97997509999531
    },
    "Ar41": {
        "error": 0.00500112618438361,
        "error_type": "SEM",
        "filter_outliers_dict": {
            "filter_outliers": true,
            "iterations": 1,
            "std_devs": 2,
            "use_standard_deviation_filtering": false
        },
        "fit": "average",
        "value": 0.20888490050752367
    }
}