{
    "Ar36": {
        "error": 0.0001515310659804953,
        "error_type": "SEM",
        "filter_outliers_dict": {
            "filter_outliers": true,
            "iterations": 1,
            "std_devs": 2,
            "use_standard_deviation_filtering": false
        },
        "fit": "Parabolic",
        "fn": 571,
        "include_baseline_error": false,
        "n": 600,
        "outlier_excluded": [
            519,
            136,
            523,
            524,
            526,
            533,
            411,
            286,
            416,
            290,
            550,
            299,
            569,
            317,
            446,
            319,
            580,
            330,
            462,
            595,
            217,
            218,
            92,
            220,
            484,
            237,
            493,
            120,
            383
        ],
        "reviewed": true,
        "user_excluded": [],
        "value": 0.006211099726924974
    },
    "Ar37": {
        "error": 0.010058395461414998,
        "error_type": "SEM",
        "filter_outliers_dict": {
            "filter_outliers": true,
            "iterations": 1,
            "std_devs": 2,
            "use_standard_deviation_filtering": false
        },
        "fit": "Linear",
        "fn": 570,
        "include_baseline_error": false,
        "n": 600,
        "outlier_excluded": [
            131,
            8,
            139,
            403,
            276,
            151,
            152,
            279,
            413,
            544,
            291,
            39,
            43,
            555,
            301,
            558,
            446,
            448,
            194,
            195,
            585,
            346,
            224,
            354,
            483,
            488,
            370,
            371,
            122,
            126
        ],
        "reviewed": true,
        "user_excluded": [],
        "value": 0.14022274834502368
    },
    "Ar38": {
        "error": 0.008484996979615245,
        "error_type": "SEM",
        "filter_outliers_dict": {
            "filter_outliers": true,
            "iterations": 1,
            "std_devs": 2,
            "use_standard_deviation_filtering": false
        },
        "fit": "Linear",
        "fn": 562,
        "include_baseline_error": false,
        "n": 600,
        "outlier_excluded": [
            260,
            261,
            134,
            13,
            397,
            15,
            143,
            526,
            276,
            22,
            409,
            412,
            544,
            290,
            420,
            37,
            167,
            558,
            177,
            53,
            309,
            191,
            579,
            326,
            327,
            461,
            462,
            209,
            469,
            87,
            471,
            482,
            228,
            103,
            231,
            360,
            235,
            109
        ],
        "reviewed": true,
        "user_excluded": [],
        "value": -0.039284897438059546
    },
    "Ar39": {
        "error": 0.016258552834129227,
        "error_type": "SEM",
        "filter_outliers_dict": {
            "filter_outliers": true,
            "iterations": 1,
            "std_devs": 2,
            "use_standard_deviation_filtering": false
        },
        "fit": "Parabolic",
        "fn": 574,
        "include_baseline_error": false,
        "n": 600,
        "outlier_excluded": [
            132,
            12,
            526,
            144,
            155,
            33,
            37,
            422,
            39,
            167,
            553,
            44,
            45,
            49,
            177,
            309,
            182,
            444,
            321,
            325,
            85,
            86,
            599,
            472,
            231,
            376
        ],
        "reviewed": true,
        "user_excluded": [],
        "value": 11.96771768250598
    },
    "Ar40": {
        "error": 0.01664443487479346,
        "error_type": "SEM",
        "filter_outliers_dict": {
            "filter_outliers": true,
            "iterations": 1,
            "std_devs": 2,
            "use_standard_deviation_filtering": false
        },
        "fit": "Parabolic",
        "fn": 574,
        "include_baseline_error": false,
        "n": 600,
        "outlier_excluded": [
            0,
            1,
            407,
            153,
            411,
            165,
            429,
            47,
            175,
            559,
            307,
            565,
            74,
            207,
            596,
            469,
            217,
            218,
            93,
            478,
            356,
            362,
            372,
            501,
            118,
            380
        ],
        "reviewed": true,
        "user_excluded": [],
        "value": 3.7427868941173568
    },
    "Ar41": {
        "error": 0.004884204187587913,
        "error_type": "SEM",
        "filter_outliers_dict": {
            "filter_outliers": true,
            "iterations": 1,
            "std_devs": 2,
            "use_standard_deviation_filtering": false
        },
        "fit": "average",
        "value": 0.2174246102437976
    }
}