{
    "Ar36": {
        "error": 0.0002290390551172074,
        "error_type": "SD",
        "filter_outliers_dict": {
            "filter_outliers": true,
            "iterations": 1,
            "std_devs": 2,
            "use_standard_deviation_filtering": false
        },
        "fit": "Parabolic",
        "fn": 383,
        "include_baseline_error": false,
        "n": 400,
        "outlier_excluded": [
            352,
            292,
            390,
            295,
            233,
            106,
            268,
            47,
            149,
            86,
            245,
            152,
            310,
            284,
            348,
            382,
            191
        ],
        "reviewed": true,
        "user_excluded": [],
        "value": 0.009521147178624564
    },
    "Ar37": {
        "error": 0.012134501899191208,
        "error_type": "SD",
        "filter_outliers_dict": {
            "filter_outliers": true,
            "iterations": 1,
            "std_devs": 2,
            "use_standard_deviation_filtering": false
        },
        "fit": "Linear",
        "fn": 380,
        "include_baseline_error": false,
        "n": 400,
        "outlier_excluded": [
            323,
            293,
            391,
            9,
            105,
            235,
            12,
            270,
            47,
            80,
            336,
            149,
            182,
            309,
            122,
            123,
            188,
            29,
            221,
            316
        ],
        "reviewed": true,
        "user_excluded": [],
        "value": 0.04135416720965944
    },
    "Ar38": {
        "error": 0.011602113680081284,
        "error_type": "SD",
        "filter_outliers_dict": {
            "filter_outliers": true,
            "iterations": 1,
            "std_devs": 2,
            "use_standard_deviation_filtering": false
        },
        "fit": "Linear",
        "fn": 380,
        "include_baseline_error": false,
        "n": 400,
        "outlier_excluded": [
            197,
            326,
            40,
            10,
            11,
            364,
            366,
            367,
            114,
            147,
            180,
            243,
            370,
            374,
            88,
            217,
            28,
            189,
            222,
            316
        ],
        "reviewed": true,
        "user_excluded": [],
        "value": 0.0001039017342683371
    },
    "Ar39": {
        "error": 0.00941701062605757,
        "error_type": "SD",
        "filter_outliers_dict": {
            "filter_outliers": true,
            "iterations": 1,
            "std_devs": 2,
            "use_standard_deviation_filtering": false
        },
        "fit": "Parabolic",
        "fn": 384,
        "include_baseline_error": false,
        "n": 400,
        "outlier_excluded": [
            352,
            384,
            194,
            354,
            293,
            358,
            329,
            108,
            142,
            16,
            276,
            183,
            153,
            28,
            317,
            223
        ],
        "reviewed": true,
        "user_excluded": [],
        "value": 1.7023571323406115
    },
    "Ar40": {
        "error": 0.020472966856937315,
        "error_type": "SD",
        "filter_outliers_dict": {
            "filter_outliers": true,
            "iterations": 1,
            "std_devs": 2,
            "use_standard_deviation_filtering": false
        },
        "fit": "Parabolic",
        "fn": 383,
        "include_baseline_error": false,
        "n": 400,
        "outlier_excluded": [
            65,
            194,
            225,
            135,
            201,
            329,
            172,
            205,
            270,
            209,
            339,
            52,
            244,
            276,
            123,
            92,
            347
        ],
        "reviewed": true,
        "user_excluded": [],
        "value": 3.2043386846860216
    },
    "Ar41": {
        "error": 0.13374775140185816,
        "error_type": "SD",
        "filter_outliers_dict": {
            "filter_outliers": false,
            "iterations": 1,
            "std_devs": 1,
            "use_standard_deviation_filtering": false
        },
        "fit": "average_SEM",
        "value": -0.006144409259068197
    }
}