{
    "Ar36": {
        "error": 0.00022143750741676678,
        "error_type": "SD",
        "filter_outliers_dict": {
            "filter_outliers": true,
            "iterations": 1,
            "std_devs": 2,
            "use_standard_deviation_filtering": false
        },
        "fit": "Parabolic",
        "fn": 380,
        "include_baseline_error": false,
        "n": 400,
        "outlier_excluded": [
            224,
            33,
            65,
            256,
            100,
            325,
            102,
            350,
            72,
            353,
            355,
            267,
            236,
            46,
            179,
            275,
            54,
            349,
            254,
            159
        ],
        "reviewed": true,
        "user_excluded": [],
        "value": 0.00929428428743226
    },
    "Ar37": {
        "error": 0.01306304264666585,
        "error_type": "SD",
        "filter_outliers_dict": {
            "filter_outliers": true,
            "iterations": 1,
            "std_devs": 2,
            "use_standard_deviation_filtering": false
        },
        "fit": "Linear",
        "fn": 385,
        "include_baseline_error": false,
        "n": 400,
        "outlier_excluded": [
            163,
            100,
            101,
            132,
            292,
            392,
            139,
            141,
            78,
            208,
            278,
            377,
            187,
            157,
            190
        ],
        "reviewed": true,
        "user_excluded": [],
        "value": 0.04106228936416638
    },
    "Ar38": {
        "error": 0.011739232849812294,
        "error_type": "SD",
        "filter_outliers_dict": {
            "filter_outliers": true,
            "iterations": 1,
            "std_devs": 2,
            "use_standard_deviation_filtering": false
        },
        "fit": "Linear",
        "fn": 369,
        "include_baseline_error": false,
        "n": 400,
        "outlier_excluded": [
            261,
            390,
            263,
            265,
            138,
            14,
            27,
            157,
            159,
            161,
            290,
            37,
            40,
            169,
            298,
            306,
            55,
            313,
            58,
            315,
            321,
            323,
            196,
            332,
            342,
            233,
            234,
            235,
            120,
            121,
            382
        ],
        "reviewed": true,
        "user_excluded": [],
        "value": 0.03838509163086208
    },
    "Ar39": {
        "error": 0.009776939840683008,
        "error_type": "SD",
        "filter_outliers_dict": {
            "filter_outliers": true,
            "iterations": 1,
            "std_devs": 2,
            "use_standard_deviation_filtering": false
        },
        "fit": "Parabolic",
        "fn": 379,
        "include_baseline_error": false,
        "n": 400,
        "outlier_excluded": [
            64,
            33,
            254,
            67,
            355,
            325,
            6,
            392,
            170,
            44,
            108,
            365,
            396,
            16,
            338,
            212,
            379,
            252,
            221,
            190,
            95
        ],
        "reviewed": true,
        "user_excluded": [],
        "value": 6.174234865626278
    },
    "Ar40": {
        "error": 0.021312121838032976,
        "error_type": "SD",
        "filter_outliers_dict": {
            "filter_outliers": true,
            "iterations": 1,
            "std_devs": 2,
            "use_standard_deviation_filtering": false
        },
        "fit": "Parabolic",
        "fn": 382,
        "include_baseline_error": false,
        "n": 400,
        "outlier_excluded": [
            0,
            66,
            130,
            357,
            137,
            330,
            361,
            268,
            141,
            142,
            82,
            51,
            276,
            181,
            374,
            281,
            30,
            95
        ],
        "reviewed": true,
        "user_excluded": [],
        "value": 3.9174677659094774
    },
    "Ar41": {
        "error": 0.14107483877784163,
        "error_type": "SD",
        "filter_outliers_dict": {
            "filter_outliers": false,
            "iterations": 1,
            "std_devs": 1,
            "use_standard_deviation_filtering": false
        },
        "fit": "average_SEM",
        "value": 0.2701169732012204
    }
}