{
    "Ar36": {
        "error": 0.0002095745572581911,
        "error_type": "SD",
        "filter_outliers_dict": {
            "filter_outliers": true,
            "iterations": 1,
            "std_devs": 2,
            "use_standard_deviation_filtering": false
        },
        "fit": "Parabolic",
        "fn": 386,
        "include_baseline_error": false,
        "n": 400,
        "outlier_excluded": [
            194,
            258,
            37,
            325,
            74,
            235,
            143,
            16,
            52,
            277,
            120,
            378,
            187,
            255
        ],
        "reviewed": true,
        "user_excluded": [],
        "value": 0.00913815606050346
    },
    "Ar37": {
        "error": 0.013235845192401974,
        "error_type": "SD",
        "filter_outliers_dict": {
            "filter_outliers": true,
            "iterations": 1,
            "std_devs": 2,
            "use_standard_deviation_filtering": false
        },
        "fit": "Linear",
        "fn": 383,
        "include_baseline_error": false,
        "n": 400,
        "outlier_excluded": [
            384,
            354,
            227,
            323,
            167,
            231,
            359,
            394,
            395,
            140,
            204,
            48,
            117,
            118,
            151,
            310,
            125
        ],
        "reviewed": true,
        "user_excluded": [],
        "value": 0.048204146214004484
    },
    "Ar38": {
        "error": 0.015310097826792098,
        "error_type": "SD",
        "filter_outliers_dict": {
            "filter_outliers": true,
            "iterations": 1,
            "std_devs": 2,
            "use_standard_deviation_filtering": false
        },
        "fit": "Linear",
        "fn": 379,
        "include_baseline_error": false,
        "n": 400,
        "outlier_excluded": [
            352,
            196,
            228,
            294,
            135,
            40,
            103,
            265,
            107,
            108,
            205,
            328,
            271,
            332,
            368,
            370,
            310,
            184,
            218,
            349,
            255
        ],
        "reviewed": true,
        "user_excluded": [],
        "value": 0.09080982743469082
    },
    "Ar39": {
        "error": 0.009405514093153863,
        "error_type": "SD",
        "filter_outliers_dict": {
            "filter_outliers": true,
            "iterations": 1,
            "std_devs": 2,
            "use_standard_deviation_filtering": false
        },
        "fit": "Parabolic",
        "fn": 383,
        "include_baseline_error": false,
        "n": 400,
        "outlier_excluded": [
            193,
            225,
            258,
            355,
            166,
            74,
            330,
            173,
            303,
            81,
            337,
            115,
            148,
            307,
            377,
            122,
            220
        ],
        "reviewed": true,
        "user_excluded": [],
        "value": 10.518665097088409
    },
    "Ar40": {
        "error": 0.0205811504829603,
        "error_type": "SD",
        "filter_outliers_dict": {
            "filter_outliers": true,
            "iterations": 1,
            "std_devs": 2,
            "use_standard_deviation_filtering": false
        },
        "fit": "Parabolic",
        "fn": 377,
        "include_baseline_error": false,
        "n": 400,
        "outlier_excluded": [
            2,
            258,
            7,
            135,
            264,
            392,
            394,
            20,
            295,
            54,
            184,
            186,
            323,
            71,
            200,
            327,
            77,
            206,
            88,
            240,
            116,
            375,
            124
        ],
        "reviewed": true,
        "user_excluded": [],
        "value": 4.434880706391775
    },
    "Ar41": {
        "error": 0.13227224511275767,
        "error_type": "SD",
        "filter_outliers_dict": {
            "filter_outliers": false,
            "iterations": 1,
            "std_devs": 1,
            "use_standard_deviation_filtering": false
        },
        "fit": "average_SEM",
        "value": -0.006229070749468519
    }
}