{
    "Ar36": {
        "error": 0.00020321263897966877,
        "error_type": "SD",
        "filter_outliers_dict": {
            "filter_outliers": true,
            "iterations": 1,
            "std_devs": 2,
            "use_standard_deviation_filtering": false
        },
        "fit": "Parabolic",
        "fn": 382,
        "include_baseline_error": false,
        "n": 400,
        "outlier_excluded": [
            64,
            129,
            194,
            195,
            356,
            389,
            326,
            329,
            205,
            399,
            112,
            114,
            147,
            179,
            275,
            343,
            381,
            223
        ],
        "reviewed": true,
        "user_excluded": [],
        "value": 0.009713391066630855
    },
    "Ar37": {
        "error": 0.013294186190108854,
        "error_type": "SD",
        "filter_outliers_dict": {
            "filter_outliers": true,
            "iterations": 1,
            "std_devs": 2,
            "use_standard_deviation_filtering": false
        },
        "fit": "Linear",
        "fn": 383,
        "include_baseline_error": false,
        "n": 400,
        "outlier_excluded": [
            4,
            233,
            11,
            12,
            107,
            173,
            207,
            395,
            17,
            86,
            182,
            377,
            91,
            283,
            285,
            348,
            350
        ],
        "reviewed": true,
        "user_excluded": [],
        "value": 0.017456843575500876
    },
    "Ar38": {
        "error": 0.0160215945527607,
        "error_type": "SD",
        "filter_outliers_dict": {
            "filter_outliers": true,
            "iterations": 1,
            "std_devs": 2,
            "use_standard_deviation_filtering": false
        },
        "fit": "Linear",
        "fn": 384,
        "include_baseline_error": false,
        "n": 400,
        "outlier_excluded": [
            195,
            291,
            165,
            166,
            167,
            330,
            332,
            335,
            208,
            304,
            370,
            182,
            247,
            184,
            58,
            91
        ],
        "reviewed": true,
        "user_excluded": [],
        "value": 0.1901703022468741
    },
    "Ar39": {
        "error": 0.011482482760369252,
        "error_type": "SD",
        "filter_outliers_dict": {
            "filter_outliers": true,
            "iterations": 1,
            "std_devs": 2,
            "use_standard_deviation_filtering": false
        },
        "fit": "Parabolic",
        "fn": 382,
        "include_baseline_error": false,
        "n": 400,
        "outlier_excluded": [
            321,
            162,
            194,
            354,
            197,
            388,
            200,
            392,
            267,
            236,
            14,
            79,
            238,
            372,
            53,
            187,
            380,
            253
        ],
        "reviewed": true,
        "user_excluded": [],
        "value": 19.592248834957708
    },
    "Ar40": {
        "error": 0.02104998796972596,
        "error_type": "SD",
        "filter_outliers_dict": {
            "filter_outliers": true,
            "iterations": 1,
            "std_devs": 2,
            "use_standard_deviation_filtering": false
        },
        "fit": "Parabolic",
        "fn": 381,
        "include_baseline_error": false,
        "n": 400,
        "outlier_excluded": [
            96,
            222,
            354,
            379,
            228,
            140,
            204,
            364,
            396,
            304,
            399,
            212,
            276,
            247,
            59,
            123,
            61,
            155,
            159
        ],
        "reviewed": true,
        "user_excluded": [],
        "value": 5.880407131919258
    },
    "Ar41": {
        "error": 0.12434468958492931,
        "error_type": "SD",
        "filter_outliers_dict": {
            "filter_outliers": false,
            "iterations": 1,
            "std_devs": 1,
            "use_standard_deviation_filtering": false
        },
        "fit": "average_SEM",
        "value": 0.2611311361612752
    }
}