{
    "Ar36": {
        "error": 0.00022205883130882665,
        "error_type": "SD",
        "filter_outliers_dict": {
            "filter_outliers": true,
            "iterations": 1,
            "std_devs": 2,
            "use_standard_deviation_filtering": false
        },
        "fit": "Parabolic",
        "fn": 380,
        "include_baseline_error": false,
        "n": 400,
        "outlier_excluded": [
            0,
            131,
            292,
            387,
            102,
            103,
            198,
            294,
            332,
            302,
            111,
            178,
            116,
            276,
            152,
            121,
            345,
            284,
            222,
            223
        ],
        "reviewed": true,
        "user_excluded": [],
        "value": 0.01036073188552793
    },
    "Ar37": {
        "error": 0.012585026721511145,
        "error_type": "SD",
        "filter_outliers_dict": {
            "filter_outliers": true,
            "iterations": 1,
            "std_devs": 2,
            "use_standard_deviation_filtering": false
        },
        "fit": "Linear",
        "fn": 382,
        "include_baseline_error": false,
        "n": 400,
        "outlier_excluded": [
            254,
            193,
            256,
            35,
            261,
            326,
            263,
            147,
            116,
            150,
            182,
            24,
            249,
            154,
            251,
            317,
            62,
            127
        ],
        "reviewed": true,
        "user_excluded": [],
        "value": 0.0459561261217961
    },
    "Ar38": {
        "error": 0.016680737126253904,
        "error_type": "SD",
        "filter_outliers_dict": {
            "filter_outliers": true,
            "iterations": 1,
            "std_devs": 2,
            "use_standard_deviation_filtering": false
        },
        "fit": "Linear",
        "fn": 384,
        "include_baseline_error": false,
        "n": 400,
        "outlier_excluded": [
            193,
            354,
            99,
            232,
            268,
            365,
            206,
            144,
            145,
            241,
            83,
            243,
            342,
            279,
            57,
            154
        ],
        "reviewed": true,
        "user_excluded": [],
        "value": 0.16678048392298944
    },
    "Ar39": {
        "error": 0.01104436447930301,
        "error_type": "SD",
        "filter_outliers_dict": {
            "filter_outliers": true,
            "iterations": 1,
            "std_devs": 2,
            "use_standard_deviation_filtering": false
        },
        "fit": "Parabolic",
        "fn": 383,
        "include_baseline_error": false,
        "n": 400,
        "outlier_excluded": [
            161,
            260,
            170,
            331,
            44,
            363,
            15,
            207,
            276,
            149,
            118,
            55,
            56,
            87,
            119,
            150,
            153
        ],
        "reviewed": true,
        "user_excluded": [],
        "value": 18.905961136400226
    },
    "Ar40": {
        "error": 0.02168648599405118,
        "error_type": "SD",
        "filter_outliers_dict": {
            "filter_outliers": true,
            "iterations": 1,
            "std_devs": 2,
            "use_standard_deviation_filtering": false
        },
        "fit": "Parabolic",
        "fn": 386,
        "include_baseline_error": false,
        "n": 400,
        "outlier_excluded": [
            287,
            385,
            3,
            389,
            233,
            143,
            51,
            277,
            309,
            341,
            88,
            89,
            90,
            223
        ],
        "reviewed": true,
        "user_excluded": [],
        "value": 5.9987014856180725
    },
    "Ar41": {
        "error": 0.13336776154188967,
        "error_type": "SD",
        "filter_outliers_dict": {
            "filter_outliers": false,
            "iterations": 1,
            "std_devs": 1,
            "use_standard_deviation_filtering": false
        },
        "fit": "average_SEM",
        "value": 0.2657853281403368
    }
}