{
    "Ar36": {
        "error": 0.00023433327904174157,
        "error_type": "SEM",
        "filter_outliers_dict": {
            "filter_outliers": true,
            "iterations": 1,
            "std_devs": 2,
            "use_standard_deviation_filtering": false
        },
        "fit": "Parabolic",
        "fn": 378,
        "include_baseline_error": false,
        "n": 400,
        "outlier_excluded": [
            386,
            387,
            392,
            396,
            17,
            24,
            172,
            300,
            318,
            321,
            201,
            330,
            78,
            83,
            344,
            351,
            95,
            358,
            364,
            119,
            120,
            248
        ],
        "reviewed": true,
        "user_excluded": [],
        "value": 0.012453781817698403
    },
    "Ar37": {
        "error": 0.013330059370216757,
        "error_type": "SEM",
        "filter_outliers_dict": {
            "filter_outliers": true,
            "iterations": 1,
            "std_devs": 2,
            "use_standard_deviation_filtering": false
        },
        "fit": "Linear",
        "fn": 383,
        "include_baseline_error": false,
        "n": 400,
        "outlier_excluded": [
            289,
            66,
            194,
            388,
            326,
            358,
            136,
            41,
            201,
            395,
            109,
            302,
            208,
            339,
            374,
            247,
            189
        ],
        "reviewed": true,
        "user_excluded": [],
        "value": 0.03563143153430601
    },
    "Ar38": {
        "error": 0.017493803746133494,
        "error_type": "SEM",
        "filter_outliers_dict": {
            "filter_outliers": true,
            "iterations": 1,
            "std_devs": 2,
            "use_standard_deviation_filtering": false
        },
        "fit": "Linear",
        "fn": 385,
        "include_baseline_error": false,
        "n": 400,
        "outlier_excluded": [
            225,
            34,
            226,
            164,
            293,
            321,
            231,
            266,
            267,
            268,
            365,
            207,
            81,
            50,
            146
        ],
        "reviewed": true,
        "user_excluded": [],
        "value": 0.27470753730695097
    },
    "Ar39": {
        "error": 0.021967783855220854,
        "error_type": "SEM",
        "filter_outliers_dict": {
            "filter_outliers": true,
            "iterations": 1,
            "std_devs": 2,
            "use_standard_deviation_filtering": false
        },
        "fit": "Parabolic",
        "fn": 381,
        "include_baseline_error": false,
        "n": 400,
        "outlier_excluded": [
            33,
            193,
            133,
            72,
            107,
            12,
            109,
            14,
            15,
            269,
            177,
            241,
            243,
            270,
            53,
            22,
            23,
            92,
            190
        ],
        "reviewed": true,
        "user_excluded": [],
        "value": 35.120071129251755
    },
    "Ar40": {
        "error": 0.021253559634960374,
        "error_type": "SEM",
        "filter_outliers_dict": {
            "filter_outliers": true,
            "iterations": 1,
            "std_devs": 2,
            "use_standard_deviation_filtering": false
        },
        "fit": "Parabolic",
        "fn": 383,
        "include_baseline_error": false,
        "n": 400,
        "outlier_excluded": [
            0,
            65,
            194,
            319,
            321,
            353,
            262,
            295,
            42,
            234,
            298,
            362,
            178,
            249,
            90,
            190,
            286
        ],
        "reviewed": true,
        "user_excluded": [],
        "value": 17.07292083771629
    },
    "Ar41": {
        "error": 0.00628825601968177,
        "error_type": "SEM",
        "filter_outliers_dict": {
            "filter_outliers": true,
            "iterations": 1,
            "std_devs": 2,
            "use_standard_deviation_filtering": false
        },
        "fit": "average",
        "value": 0.18423615894834805
    }
}