{
    "Ar36": {
        "error": 0.0003284789363573258,
        "error_type": "SEM",
        "filter_outliers_dict": {
            "filter_outliers": true,
            "iterations": 1,
            "std_devs": 2,
            "use_standard_deviation_filtering": false
        },
        "fit": "Parabolic",
        "fn": 383,
        "include_baseline_error": false,
        "n": 400,
        "outlier_excluded": [
            0,
            230,
            232,
            110,
            47,
            238,
            302,
            146,
            371,
            278,
            153,
            58,
            314,
            60,
            156,
            221,
            318
        ],
        "reviewed": true,
        "user_excluded": [],
        "value": 0.027315318694133228
    },
    "Ar37": {
        "error": 0.011545560334751391,
        "error_type": "SEM",
        "filter_outliers_dict": {
            "filter_outliers": true,
            "iterations": 1,
            "std_devs": 2,
            "use_standard_deviation_filtering": false
        },
        "fit": "Linear",
        "fn": 378,
        "include_baseline_error": false,
        "n": 400,
        "outlier_excluded": [
            259,
            387,
            389,
            146,
            277,
            22,
            281,
            282,
            289,
            41,
            48,
            182,
            184,
            188,
            189,
            205,
            337,
            341,
            93,
            357,
            236,
            373
        ],
        "reviewed": true,
        "user_excluded": [],
        "value": 0.0664544614384551
    },
    "Ar38": {
        "error": 0.014868852021026072,
        "error_type": "SEM",
        "filter_outliers_dict": {
            "filter_outliers": true,
            "iterations": 1,
            "std_devs": 2,
            "use_standard_deviation_filtering": false
        },
        "fit": "Linear",
        "fn": 383,
        "include_baseline_error": false,
        "n": 400,
        "outlier_excluded": [
            388,
            197,
            39,
            104,
            391,
            392,
            76,
            109,
            240,
            81,
            274,
            311,
            152,
            91,
            124,
            156,
            223
        ],
        "reviewed": true,
        "user_excluded": [],
        "value": 0.7694471652174907
    },
    "Ar39": {
        "error": 0.03026042133516941,
        "error_type": "SEM",
        "filter_outliers_dict": {
            "filter_outliers": true,
            "iterations": 1,
            "std_devs": 2,
            "use_standard_deviation_filtering": false
        },
        "fit": "Parabolic",
        "fn": 386,
        "include_baseline_error": false,
        "n": 400,
        "outlier_excluded": [
            66,
            69,
            43,
            365,
            302,
            367,
            81,
            309,
            87,
            56,
            88,
            90,
            184,
            350
        ],
        "reviewed": true,
        "user_excluded": [],
        "value": 73.82480163417137
    },
    "Ar40": {
        "error": 0.02422600896872158,
        "error_type": "SEM",
        "filter_outliers_dict": {
            "filter_outliers": true,
            "iterations": 1,
            "std_devs": 2,
            "use_standard_deviation_filtering": false
        },
        "fit": "Parabolic",
        "fn": 383,
        "include_baseline_error": false,
        "n": 400,
        "outlier_excluded": [
            193,
            354,
            259,
            100,
            37,
            101,
            196,
            230,
            42,
            173,
            239,
            115,
            21,
            184,
            249,
            346,
            220
        ],
        "reviewed": true,
        "user_excluded": [],
        "value": 36.325901461048915
    },
    "Ar41": {
        "error": 0.005445615247721093,
        "error_type": "SEM",
        "filter_outliers_dict": {
            "filter_outliers": true,
            "iterations": 1,
            "std_devs": 2,
            "use_standard_deviation_filtering": false
        },
        "fit": "average",
        "value": -0.06374546153360586
    }
}