{
    "Ar36": {
        "error": 0.00019441637266955067,
        "error_type": "SEM",
        "filter_outliers_dict": {
            "filter_outliers": true,
            "iterations": 1,
            "std_devs": 2,
            "use_standard_deviation_filtering": false
        },
        "fit": "Parabolic",
        "fn": 580,
        "include_baseline_error": false,
        "n": 600,
        "outlier_excluded": [
            517,
            38,
            263,
            39,
            169,
            487,
            491,
            300,
            141,
            365,
            557,
            588,
            590,
            498,
            345,
            537,
            444,
            317,
            414,
            447
        ],
        "reviewed": true,
        "user_excluded": [],
        "value": 0.012452083076885404
    },
    "Ar37": {
        "error": 0.01046801949787296,
        "error_type": "SEM",
        "filter_outliers_dict": {
            "filter_outliers": true,
            "iterations": 1,
            "std_devs": 2,
            "use_standard_deviation_filtering": false
        },
        "fit": "Linear",
        "fn": 574,
        "include_baseline_error": false,
        "n": 600,
        "outlier_excluded": [
            5,
            7,
            263,
            13,
            145,
            401,
            404,
            416,
            161,
            417,
            47,
            53,
            310,
            56,
            313,
            443,
            321,
            580,
            74,
            81,
            87,
            354,
            228,
            357,
            491,
            504
        ],
        "reviewed": true,
        "user_excluded": [],
        "value": 0.05358544309875278
    },
    "Ar38": {
        "error": 0.014133300174012764,
        "error_type": "SEM",
        "filter_outliers_dict": {
            "filter_outliers": true,
            "iterations": 1,
            "std_devs": 2,
            "use_standard_deviation_filtering": false
        },
        "fit": "Linear",
        "fn": 583,
        "include_baseline_error": false,
        "n": 600,
        "outlier_excluded": [
            256,
            231,
            455,
            425,
            106,
            522,
            428,
            302,
            303,
            145,
            209,
            275,
            468,
            536,
            219,
            381,
            31
        ],
        "reviewed": true,
        "user_excluded": [],
        "value": 0.3170593760948447
    },
    "Ar39": {
        "error": 0.01819592176839836,
        "error_type": "SEM",
        "filter_outliers_dict": {
            "filter_outliers": true,
            "iterations": 1,
            "std_devs": 2,
            "use_standard_deviation_filtering": false
        },
        "fit": "Parabolic",
        "fn": 571,
        "include_baseline_error": false,
        "n": 600,
        "outlier_excluded": [
            394,
            11,
            269,
            397,
            531,
            150,
            410,
            28,
            284,
            161,
            162,
            163,
            289,
            295,
            169,
            184,
            313,
            570,
            193,
            194,
            322,
            325,
            581,
            582,
            475,
            95,
            101,
            363,
            238
        ],
        "reviewed": true,
        "user_excluded": [],
        "value": 38.46324646449339
    },
    "Ar40": {
        "error": 0.016560501407159242,
        "error_type": "SEM",
        "filter_outliers_dict": {
            "filter_outliers": true,
            "iterations": 1,
            "std_devs": 2,
            "use_standard_deviation_filtering": false
        },
        "fit": "Parabolic",
        "fn": 573,
        "include_baseline_error": false,
        "n": 600,
        "outlier_excluded": [
            384,
            387,
            516,
            390,
            518,
            395,
            411,
            543,
            551,
            296,
            177,
            434,
            52,
            58,
            452,
            326,
            592,
            89,
            479,
            99,
            485,
            362,
            494,
            240,
            378,
            508,
            253
        ],
        "reviewed": true,
        "user_excluded": [],
        "value": 18.199539680032224
    },
    "Ar41": {
        "error": 0.004540476882739978,
        "error_type": "SEM",
        "filter_outliers_dict": {
            "filter_outliers": true,
            "iterations": 1,
            "std_devs": 2,
            "use_standard_deviation_filtering": false
        },
        "fit": "average",
        "value": -0.054464136803188644
    }
}