{
    "Ar36": {
        "error": 0.0003108403965884703,
        "error_type": "SEM",
        "filter_outliers_dict": {
            "filter_outliers": true,
            "iterations": 1,
            "std_devs": 2,
            "use_standard_deviation_filtering": false
        },
        "fit": "Parabolic",
        "fn": 380,
        "include_baseline_error": false,
        "n": 400,
        "outlier_excluded": [
            66,
            164,
            229,
            135,
            72,
            169,
            11,
            171,
            365,
            272,
            20,
            21,
            150,
            308,
            312,
            313,
            340,
            29,
            285,
            351
        ],
        "reviewed": true,
        "user_excluded": [],
        "value": 0.021824296472221644
    },
    "Ar37": {
        "error": 0.011342785942784803,
        "error_type": "SEM",
        "filter_outliers_dict": {
            "filter_outliers": true,
            "iterations": 1,
            "std_devs": 2,
            "use_standard_deviation_filtering": false
        },
        "fit": "Linear",
        "fn": 373,
        "include_baseline_error": false,
        "n": 400,
        "outlier_excluded": [
            386,
            132,
            134,
            14,
            149,
            286,
            39,
            167,
            170,
            299,
            179,
            312,
            188,
            323,
            76,
            333,
            336,
            226,
            99,
            228,
            106,
            237,
            365,
            243,
            250,
            379,
            124
        ],
        "reviewed": true,
        "user_excluded": [],
        "value": 0.13456886632868706
    },
    "Ar38": {
        "error": 0.0106685245100041,
        "error_type": "SEM",
        "filter_outliers_dict": {
            "filter_outliers": true,
            "iterations": 1,
            "std_devs": 2,
            "use_standard_deviation_filtering": false
        },
        "fit": "Linear",
        "fn": 372,
        "include_baseline_error": false,
        "n": 400,
        "outlier_excluded": [
            385,
            6,
            135,
            14,
            23,
            28,
            294,
            46,
            51,
            313,
            186,
            59,
            62,
            191,
            193,
            72,
            208,
            82,
            344,
            90,
            103,
            363,
            108,
            109,
            368,
            117,
            120,
            248
        ],
        "reviewed": true,
        "user_excluded": [],
        "value": -0.036505217378746124
    },
    "Ar39": {
        "error": 0.019085815527478848,
        "error_type": "SEM",
        "filter_outliers_dict": {
            "filter_outliers": true,
            "iterations": 1,
            "std_devs": 2,
            "use_standard_deviation_filtering": false
        },
        "fit": "Parabolic",
        "fn": 381,
        "include_baseline_error": false,
        "n": 400,
        "outlier_excluded": [
            1,
            129,
            3,
            166,
            230,
            264,
            299,
            141,
            237,
            366,
            243,
            180,
            212,
            86,
            119,
            87,
            279,
            313,
            318
        ],
        "reviewed": true,
        "user_excluded": [],
        "value": 10.932018324967792
    },
    "Ar40": {
        "error": 0.020316514725271663,
        "error_type": "SEM",
        "filter_outliers_dict": {
            "filter_outliers": true,
            "iterations": 1,
            "std_devs": 2,
            "use_standard_deviation_filtering": false
        },
        "fit": "Parabolic",
        "fn": 378,
        "include_baseline_error": false,
        "n": 400,
        "outlier_excluded": [
            385,
            272,
            275,
            148,
            24,
            33,
            290,
            175,
            307,
            52,
            319,
            320,
            66,
            194,
            203,
            79,
            82,
            99,
            103,
            113,
            369,
            115
        ],
        "reviewed": true,
        "user_excluded": [],
        "value": 7.135020501328038
    },
    "Ar41": {
        "error": 0.0053656398306513664,
        "error_type": "SEM",
        "filter_outliers_dict": {
            "filter_outliers": true,
            "iterations": 1,
            "std_devs": 2,
            "use_standard_deviation_filtering": false
        },
        "fit": "average",
        "value": 0.20233794514490366
    }
}