{
    "Ar36": {
        "error": 0.0003154260058528074,
        "error_type": "SEM",
        "filter_outliers_dict": {
            "filter_outliers": true,
            "iterations": 1,
            "std_devs": 2,
            "use_standard_deviation_filtering": false
        },
        "fit": "Parabolic",
        "fn": 384,
        "include_baseline_error": false,
        "n": 400,
        "outlier_excluded": [
            224,
            352,
            290,
            355,
            296,
            170,
            171,
            78,
            150,
            55,
            22,
            54,
            184,
            91,
            185,
            222
        ],
        "reviewed": true,
        "user_excluded": [],
        "value": 0.02761509635298034
    },
    "Ar37": {
        "error": 0.01289963858971411,
        "error_type": "SEM",
        "filter_outliers_dict": {
            "filter_outliers": true,
            "iterations": 1,
            "std_devs": 2,
            "use_standard_deviation_filtering": false
        },
        "fit": "Linear",
        "fn": 383,
        "include_baseline_error": false,
        "n": 400,
        "outlier_excluded": [
            1,
            225,
            199,
            200,
            9,
            233,
            266,
            362,
            47,
            48,
            308,
            21,
            278,
            345,
            346,
            156,
            380
        ],
        "reviewed": true,
        "user_excluded": [],
        "value": 0.15740420831422752
    },
    "Ar38": {
        "error": 0.011713710808704259,
        "error_type": "SEM",
        "filter_outliers_dict": {
            "filter_outliers": true,
            "iterations": 1,
            "std_devs": 2,
            "use_standard_deviation_filtering": false
        },
        "fit": "Linear",
        "fn": 367,
        "include_baseline_error": false,
        "n": 400,
        "outlier_excluded": [
            129,
            387,
            134,
            265,
            268,
            271,
            145,
            24,
            281,
            154,
            286,
            36,
            292,
            55,
            63,
            327,
            205,
            333,
            207,
            338,
            340,
            343,
            218,
            355,
            228,
            102,
            360,
            233,
            115,
            374,
            247,
            375,
            249
        ],
        "reviewed": true,
        "user_excluded": [],
        "value": 0.0008980362881807795
    },
    "Ar39": {
        "error": 0.020580979715991116,
        "error_type": "SEM",
        "filter_outliers_dict": {
            "filter_outliers": true,
            "iterations": 1,
            "std_devs": 2,
            "use_standard_deviation_filtering": false
        },
        "fit": "Parabolic",
        "fn": 379,
        "include_baseline_error": false,
        "n": 400,
        "outlier_excluded": [
            32,
            2,
            71,
            72,
            298,
            75,
            45,
            46,
            141,
            144,
            17,
            18,
            270,
            271,
            304,
            306,
            311,
            219,
            156,
            125,
            189
        ],
        "reviewed": true,
        "user_excluded": [],
        "value": 14.916189043516173
    },
    "Ar40": {
        "error": 0.02151143089743896,
        "error_type": "SEM",
        "filter_outliers_dict": {
            "filter_outliers": true,
            "iterations": 1,
            "std_devs": 2,
            "use_standard_deviation_filtering": false
        },
        "fit": "Parabolic",
        "fn": 382,
        "include_baseline_error": false,
        "n": 400,
        "outlier_excluded": [
            384,
            225,
            196,
            37,
            69,
            262,
            293,
            9,
            361,
            335,
            80,
            338,
            115,
            372,
            213,
            54,
            341,
            347
        ],
        "reviewed": true,
        "user_excluded": [],
        "value": 8.929625741771329
    },
    "Ar41": {
        "error": 0.005914109300054997,
        "error_type": "SEM",
        "filter_outliers_dict": {
            "filter_outliers": true,
            "iterations": 1,
            "std_devs": 2,
            "use_standard_deviation_filtering": false
        },
        "fit": "average",
        "value": -0.07215340475285215
    }
}