{
    "Ar36": {
        "error": 0.0002756979598868535,
        "error_type": "SEM",
        "filter_outliers_dict": {
            "filter_outliers": true,
            "iterations": 1,
            "std_devs": 2,
            "use_standard_deviation_filtering": false
        },
        "fit": "Parabolic",
        "fn": 379,
        "include_baseline_error": false,
        "n": 400,
        "outlier_excluded": [
            130,
            291,
            196,
            292,
            263,
            72,
            41,
            73,
            136,
            235,
            363,
            364,
            239,
            112,
            145,
            370,
            371,
            279,
            123,
            317,
            222
        ],
        "reviewed": true,
        "user_excluded": [],
        "value": 0.01931432740392973
    },
    "Ar37": {
        "error": 0.012162243148101966,
        "error_type": "SEM",
        "filter_outliers_dict": {
            "filter_outliers": true,
            "iterations": 1,
            "std_devs": 2,
            "use_standard_deviation_filtering": false
        },
        "fit": "Linear",
        "fn": 375,
        "include_baseline_error": false,
        "n": 400,
        "outlier_excluded": [
            136,
            268,
            13,
            271,
            16,
            280,
            162,
            294,
            40,
            305,
            180,
            55,
            56,
            57,
            188,
            197,
            330,
            203,
            204,
            218,
            99,
            105,
            118,
            121,
            122
        ],
        "reviewed": true,
        "user_excluded": [],
        "value": 0.15881317319168842
    },
    "Ar38": {
        "error": 0.014315229445847141,
        "error_type": "SEM",
        "filter_outliers_dict": {
            "filter_outliers": true,
            "iterations": 1,
            "std_devs": 2,
            "use_standard_deviation_filtering": false
        },
        "fit": "Linear",
        "fn": 377,
        "include_baseline_error": false,
        "n": 400,
        "outlier_excluded": [
            391,
            137,
            396,
            13,
            160,
            161,
            290,
            38,
            303,
            178,
            179,
            320,
            200,
            76,
            333,
            338,
            212,
            217,
            218,
            229,
            234,
            378,
            379
        ],
        "reviewed": true,
        "user_excluded": [],
        "value": 0.07211572623502033
    },
    "Ar39": {
        "error": 0.020794168285769625,
        "error_type": "SEM",
        "filter_outliers_dict": {
            "filter_outliers": true,
            "iterations": 1,
            "std_devs": 2,
            "use_standard_deviation_filtering": false
        },
        "fit": "Parabolic",
        "fn": 382,
        "include_baseline_error": false,
        "n": 400,
        "outlier_excluded": [
            128,
            97,
            129,
            160,
            161,
            162,
            163,
            199,
            104,
            200,
            329,
            332,
            81,
            338,
            85,
            310,
            279,
            158
        ],
        "reviewed": true,
        "user_excluded": [],
        "value": 15.675602041363899
    },
    "Ar40": {
        "error": 0.020564782890369268,
        "error_type": "SEM",
        "filter_outliers_dict": {
            "filter_outliers": true,
            "iterations": 1,
            "std_devs": 2,
            "use_standard_deviation_filtering": false
        },
        "fit": "Parabolic",
        "fn": 381,
        "include_baseline_error": false,
        "n": 400,
        "outlier_excluded": [
            190,
            388,
            75,
            332,
            111,
            144,
            337,
            52,
            53,
            213,
            215,
            312,
            376,
            90,
            187,
            220,
            61,
            29,
            30
        ],
        "reviewed": true,
        "user_excluded": [],
        "value": 6.4411098529774105
    },
    "Ar41": {
        "error": 0.005400749149414358,
        "error_type": "SEM",
        "filter_outliers_dict": {
            "filter_outliers": true,
            "iterations": 1,
            "std_devs": 2,
            "use_standard_deviation_filtering": false
        },
        "fit": "average",
        "value": -0.061996088209450836
    }
}