{
    "Ar36": {
        "error": 0.00019332708306998953,
        "error_type": "SEM",
        "filter_outliers_dict": {
            "filter_outliers": true,
            "iterations": 1,
            "std_devs": 2,
            "use_standard_deviation_filtering": false
        },
        "fit": "Parabolic",
        "fn": 376,
        "include_baseline_error": false,
        "n": 400,
        "outlier_excluded": [
            0,
            132,
            390,
            396,
            278,
            23,
            280,
            44,
            301,
            310,
            63,
            197,
            328,
            201,
            338,
            213,
            347,
            92,
            359,
            360,
            110,
            249,
            254,
            383
        ],
        "reviewed": true,
        "user_excluded": [],
        "value": 0.007212848532492756
    },
    "Ar37": {
        "error": 0.012008614899333313,
        "error_type": "SEM",
        "filter_outliers_dict": {
            "filter_outliers": true,
            "iterations": 1,
            "std_devs": 2,
            "use_standard_deviation_filtering": false
        },
        "fit": "Linear",
        "fn": 381,
        "include_baseline_error": false,
        "n": 400,
        "outlier_excluded": [
            0,
            193,
            67,
            356,
            261,
            326,
            108,
            145,
            339,
            148,
            245,
            183,
            312,
            313,
            251,
            60,
            380,
            158,
            223
        ],
        "reviewed": true,
        "user_excluded": [],
        "value": 0.043231971963204205
    },
    "Ar38": {
        "error": 0.012189238964364702,
        "error_type": "SEM",
        "filter_outliers_dict": {
            "filter_outliers": true,
            "iterations": 1,
            "std_devs": 2,
            "use_standard_deviation_filtering": false
        },
        "fit": "Linear",
        "fn": 373,
        "include_baseline_error": false,
        "n": 400,
        "outlier_excluded": [
            258,
            392,
            11,
            397,
            271,
            273,
            18,
            20,
            149,
            152,
            280,
            295,
            303,
            176,
            49,
            52,
            181,
            54,
            56,
            61,
            67,
            195,
            225,
            98,
            356,
            374,
            127
        ],
        "reviewed": true,
        "user_excluded": [],
        "value": -0.0261561067011356
    },
    "Ar39": {
        "error": 0.02036860287246171,
        "error_type": "SEM",
        "filter_outliers_dict": {
            "filter_outliers": true,
            "iterations": 1,
            "std_devs": 2,
            "use_standard_deviation_filtering": false
        },
        "fit": "Parabolic",
        "fn": 377,
        "include_baseline_error": false,
        "n": 400,
        "outlier_excluded": [
            128,
            260,
            262,
            392,
            139,
            140,
            17,
            273,
            281,
            26,
            37,
            38,
            186,
            74,
            86,
            91,
            361,
            108,
            368,
            116,
            251,
            254,
            255
        ],
        "reviewed": true,
        "user_excluded": [],
        "value": 13.325103713398459
    },
    "Ar40": {
        "error": 0.020449744309742383,
        "error_type": "SEM",
        "filter_outliers_dict": {
            "filter_outliers": true,
            "iterations": 1,
            "std_devs": 2,
            "use_standard_deviation_filtering": false
        },
        "fit": "Parabolic",
        "fn": 381,
        "include_baseline_error": false,
        "n": 400,
        "outlier_excluded": [
            64,
            33,
            128,
            3,
            160,
            225,
            382,
            327,
            298,
            13,
            117,
            183,
            56,
            26,
            282,
            28,
            253,
            283,
            317
        ],
        "reviewed": true,
        "user_excluded": [],
        "value": 7.079408533231025
    },
    "Ar41": {
        "error": 0.005643663767852547,
        "error_type": "SEM",
        "filter_outliers_dict": {
            "filter_outliers": true,
            "iterations": 1,
            "std_devs": 2,
            "use_standard_deviation_filtering": false
        },
        "fit": "average",
        "value": -0.058665432605967405
    }
}