{
    "Ar36": {
        "error": 0.00023358930528944095,
        "error_type": "SEM",
        "filter_outliers_dict": {
            "filter_outliers": true,
            "iterations": 1,
            "std_devs": 2,
            "use_standard_deviation_filtering": false
        },
        "fit": "Parabolic",
        "fn": 574,
        "include_baseline_error": false,
        "n": 600,
        "outlier_excluded": [
            12,
            528,
            146,
            278,
            536,
            158,
            547,
            292,
            305,
            56,
            319,
            320,
            325,
            455,
            200,
            202,
            589,
            207,
            208,
            591,
            343,
            356,
            363,
            116,
            245,
            121
        ],
        "reviewed": true,
        "user_excluded": [],
        "value": 0.02479293074153384
    },
    "Ar37": {
        "error": 0.009452221194500713,
        "error_type": "SEM",
        "filter_outliers_dict": {
            "filter_outliers": true,
            "iterations": 1,
            "std_devs": 2,
            "use_standard_deviation_filtering": false
        },
        "fit": "Linear",
        "fn": 565,
        "include_baseline_error": false,
        "n": 600,
        "outlier_excluded": [
            518,
            267,
            396,
            14,
            148,
            279,
            24,
            409,
            35,
            166,
            422,
            43,
            173,
            302,
            433,
            50,
            434,
            564,
            310,
            443,
            444,
            70,
            206,
            590,
            218,
            91,
            480,
            226,
            229,
            360,
            363,
            237,
            115,
            251,
            126
        ],
        "reviewed": true,
        "user_excluded": [],
        "value": 0.03723963523921862
    },
    "Ar38": {
        "error": 0.01228813891268551,
        "error_type": "SEM",
        "filter_outliers_dict": {
            "filter_outliers": true,
            "iterations": 1,
            "std_devs": 2,
            "use_standard_deviation_filtering": false
        },
        "fit": "Linear",
        "fn": 579,
        "include_baseline_error": false,
        "n": 600,
        "outlier_excluded": [
            257,
            577,
            419,
            36,
            73,
            586,
            237,
            526,
            368,
            242,
            179,
            306,
            531,
            22,
            86,
            120,
            246,
            407,
            438,
            565,
            447
        ],
        "reviewed": true,
        "user_excluded": [],
        "value": 0.0799209321270953
    },
    "Ar39": {
        "error": 0.01502839947792719,
        "error_type": "SEM",
        "filter_outliers_dict": {
            "filter_outliers": true,
            "iterations": 1,
            "std_devs": 2,
            "use_standard_deviation_filtering": false
        },
        "fit": "Parabolic",
        "fn": 563,
        "include_baseline_error": false,
        "n": 600,
        "outlier_excluded": [
            129,
            139,
            267,
            141,
            268,
            525,
            272,
            526,
            527,
            291,
            294,
            297,
            300,
            556,
            561,
            316,
            319,
            320,
            321,
            448,
            450,
            451,
            575,
            203,
            587,
            78,
            597,
            217,
            221,
            223,
            224,
            227,
            358,
            498,
            505,
            507,
            127
        ],
        "reviewed": true,
        "user_excluded": [],
        "value": 21.490999497712302
    },
    "Ar40": {
        "error": 0.017193973116565536,
        "error_type": "SEM",
        "filter_outliers_dict": {
            "filter_outliers": true,
            "iterations": 1,
            "std_devs": 2,
            "use_standard_deviation_filtering": false
        },
        "fit": "Parabolic",
        "fn": 572,
        "include_baseline_error": false,
        "n": 600,
        "outlier_excluded": [
            386,
            265,
            528,
            22,
            410,
            418,
            292,
            39,
            168,
            557,
            302,
            430,
            305,
            561,
            310,
            188,
            201,
            459,
            587,
            207,
            82,
            339,
            470,
            472,
            103,
            106,
            112,
            119
        ],
        "reviewed": true,
        "user_excluded": [],
        "value": 15.75616318970176
    },
    "Ar41": {
        "error": 0.004515460819095776,
        "error_type": "SEM",
        "filter_outliers_dict": {
            "filter_outliers": true,
            "iterations": 1,
            "std_devs": 2,
            "use_standard_deviation_filtering": false
        },
        "fit": "average",
        "value": -0.053135991941667786
    }
}