{
    "Ar36": {
        "error": 0.00026932182251192277,
        "error_type": "SEM",
        "filter_outliers_dict": {
            "filter_outliers": true,
            "iterations": 1,
            "std_devs": 2,
            "use_standard_deviation_filtering": false
        },
        "fit": "Parabolic",
        "fn": 570,
        "include_baseline_error": false,
        "n": 600,
        "outlier_excluded": [
            258,
            516,
            137,
            266,
            523,
            140,
            290,
            294,
            423,
            296,
            426,
            555,
            300,
            48,
            565,
            186,
            187,
            443,
            67,
            324,
            580,
            200,
            211,
            103,
            110,
            238,
            372,
            117,
            503,
            382
        ],
        "reviewed": true,
        "user_excluded": [],
        "value": 0.03367311680267557
    },
    "Ar37": {
        "error": 0.009788558710867467,
        "error_type": "SEM",
        "filter_outliers_dict": {
            "filter_outliers": true,
            "iterations": 1,
            "std_devs": 2,
            "use_standard_deviation_filtering": false
        },
        "fit": "Linear",
        "fn": 575,
        "include_baseline_error": false,
        "n": 600,
        "outlier_excluded": [
            266,
            142,
            402,
            164,
            550,
            168,
            552,
            173,
            316,
            572,
            579,
            583,
            203,
            204,
            332,
            461,
            210,
            214,
            342,
            599,
            479,
            229,
            377,
            509,
            255
        ],
        "reviewed": true,
        "user_excluded": [],
        "value": 0.14523756854634345
    },
    "Ar38": {
        "error": 0.00948172377250209,
        "error_type": "SEM",
        "filter_outliers_dict": {
            "filter_outliers": true,
            "iterations": 1,
            "std_devs": 2,
            "use_standard_deviation_filtering": false
        },
        "fit": "Linear",
        "fn": 556,
        "include_baseline_error": false,
        "n": 600,
        "outlier_excluded": [
            262,
            265,
            395,
            147,
            279,
            155,
            540,
            31,
            33,
            291,
            547,
            294,
            169,
            170,
            298,
            45,
            557,
            47,
            176,
            433,
            559,
            179,
            307,
            181,
            440,
            62,
            577,
            459,
            588,
            461,
            338,
            212,
            597,
            342,
            471,
            217,
            95,
            351,
            480,
            484,
            113,
            372,
            504,
            123
        ],
        "reviewed": true,
        "user_excluded": [],
        "value": -0.030355070233050077
    },
    "Ar39": {
        "error": 0.016033680007126537,
        "error_type": "SEM",
        "filter_outliers_dict": {
            "filter_outliers": true,
            "iterations": 1,
            "std_devs": 2,
            "use_standard_deviation_filtering": false
        },
        "fit": "Parabolic",
        "fn": 571,
        "include_baseline_error": false,
        "n": 600,
        "outlier_excluded": [
            514,
            396,
            524,
            277,
            278,
            152,
            281,
            159,
            32,
            35,
            45,
            431,
            432,
            437,
            441,
            69,
            325,
            591,
            210,
            338,
            86,
            91,
            93,
            94,
            484,
            109,
            494,
            497,
            245
        ],
        "reviewed": true,
        "user_excluded": [],
        "value": 11.253988094866141
    },
    "Ar40": {
        "error": 0.016589156377917174,
        "error_type": "SEM",
        "filter_outliers_dict": {
            "filter_outliers": true,
            "iterations": 1,
            "std_devs": 2,
            "use_standard_deviation_filtering": false
        },
        "fit": "Parabolic",
        "fn": 569,
        "include_baseline_error": false,
        "n": 600,
        "outlier_excluded": [
            387,
            516,
            526,
            143,
            527,
            285,
            552,
            42,
            305,
            50,
            181,
            56,
            442,
            571,
            188,
            580,
            77,
            334,
            335,
            591,
            81,
            477,
            351,
            99,
            103,
            490,
            108,
            113,
            499,
            382,
            255
        ],
        "reviewed": true,
        "user_excluded": [],
        "value": 15.208582181366506
    },
    "Ar41": {
        "error": 0.004692367657457595,
        "error_type": "SEM",
        "filter_outliers_dict": {
            "filter_outliers": true,
            "iterations": 1,
            "std_devs": 2,
            "use_standard_deviation_filtering": false
        },
        "fit": "average",
        "value": -0.058995232234076905
    }
}