{
    "Ar36": {
        "error": 0.00019163731347668803,
        "error_type": "SEM",
        "filter_outliers_dict": {
            "filter_outliers": true,
            "iterations": 1,
            "std_devs": 2,
            "use_standard_deviation_filtering": false
        },
        "fit": "Parabolic",
        "fn": 379,
        "include_baseline_error": false,
        "n": 400,
        "outlier_excluded": [
            160,
            66,
            291,
            322,
            293,
            330,
            11,
            141,
            174,
            79,
            301,
            304,
            146,
            399,
            212,
            245,
            277,
            151,
            342,
            284,
            30
        ],
        "reviewed": true,
        "user_excluded": [],
        "value": 0.0081389210408466
    },
    "Ar37": {
        "error": 0.012183327081526764,
        "error_type": "SEM",
        "filter_outliers_dict": {
            "filter_outliers": true,
            "iterations": 1,
            "std_devs": 2,
            "use_standard_deviation_filtering": false
        },
        "fit": "Linear",
        "fn": 379,
        "include_baseline_error": false,
        "n": 400,
        "outlier_excluded": [
            37,
            261,
            199,
            104,
            300,
            301,
            302,
            143,
            16,
            48,
            112,
            178,
            212,
            149,
            213,
            55,
            216,
            246,
            283,
            368,
            379
        ],
        "reviewed": true,
        "user_excluded": [],
        "value": 0.06121141776554793
    },
    "Ar38": {
        "error": 0.01745664178219159,
        "error_type": "SEM",
        "filter_outliers_dict": {
            "filter_outliers": true,
            "iterations": 1,
            "std_devs": 2,
            "use_standard_deviation_filtering": false
        },
        "fit": "Linear",
        "fn": 390,
        "include_baseline_error": false,
        "n": 400,
        "outlier_excluded": [
            34,
            195,
            226,
            199,
            72,
            13,
            333,
            365,
            17,
            31
        ],
        "reviewed": true,
        "user_excluded": [],
        "value": 0.1870726557163992
    },
    "Ar39": {
        "error": 0.025690026105395707,
        "error_type": "SEM",
        "filter_outliers_dict": {
            "filter_outliers": true,
            "iterations": 1,
            "std_devs": 2,
            "use_standard_deviation_filtering": false
        },
        "fit": "Parabolic",
        "fn": 382,
        "include_baseline_error": false,
        "n": 400,
        "outlier_excluded": [
            353,
            67,
            327,
            138,
            299,
            204,
            331,
            335,
            80,
            209,
            336,
            277,
            214,
            247,
            309,
            121,
            346,
            376
        ],
        "reviewed": true,
        "user_excluded": [],
        "value": 32.94084020668245
    },
    "Ar40": {
        "error": 0.02142168120473183,
        "error_type": "SEM",
        "filter_outliers_dict": {
            "filter_outliers": true,
            "iterations": 1,
            "std_devs": 2,
            "use_standard_deviation_filtering": false
        },
        "fit": "Parabolic",
        "fn": 385,
        "include_baseline_error": false,
        "n": 400,
        "outlier_excluded": [
            229,
            134,
            230,
            105,
            393,
            43,
            270,
            15,
            271,
            272,
            308,
            89,
            186,
            345,
            93
        ],
        "reviewed": true,
        "user_excluded": [],
        "value": 13.701864508541359
    },
    "Ar41": {
        "error": 0.005371980371378753,
        "error_type": "SEM",
        "filter_outliers_dict": {
            "filter_outliers": true,
            "iterations": 1,
            "std_devs": 2,
            "use_standard_deviation_filtering": false
        },
        "fit": "average",
        "value": -0.0532128361436598
    }
}