{
    "Ar36": {
        "error": 0.0005426857199597047,
        "error_type": "SEM",
        "filter_outliers_dict": {
            "filter_outliers": true,
            "iterations": 1,
            "std_devs": 2,
            "use_standard_deviation_filtering": false
        },
        "fit": "Parabolic",
        "fn": 379,
        "include_baseline_error": false,
        "n": 400,
        "outlier_excluded": [
            224,
            193,
            2,
            4,
            201,
            394,
            235,
            173,
            270,
            112,
            145,
            306,
            243,
            149,
            22,
            181,
            246,
            375,
            58,
            282,
            315
        ],
        "reviewed": true,
        "user_excluded": [],
        "value": 0.08408041495916592
    },
    "Ar37": {
        "error": 0.01228001374581845,
        "error_type": "SEM",
        "filter_outliers_dict": {
            "filter_outliers": true,
            "iterations": 1,
            "std_devs": 2,
            "use_standard_deviation_filtering": false
        },
        "fit": "Linear",
        "fn": 382,
        "include_baseline_error": false,
        "n": 400,
        "outlier_excluded": [
            257,
            229,
            72,
            264,
            236,
            77,
            302,
            146,
            147,
            116,
            306,
            376,
            57,
            58,
            218,
            156,
            29,
            381
        ],
        "reviewed": true,
        "user_excluded": [],
        "value": 0.1033702854329368
    },
    "Ar38": {
        "error": 0.014014135691219514,
        "error_type": "SEM",
        "filter_outliers_dict": {
            "filter_outliers": true,
            "iterations": 1,
            "std_devs": 2,
            "use_standard_deviation_filtering": false
        },
        "fit": "Linear",
        "fn": 386,
        "include_baseline_error": false,
        "n": 400,
        "outlier_excluded": [
            132,
            167,
            199,
            106,
            139,
            299,
            177,
            339,
            340,
            150,
            280,
            250,
            94,
            319
        ],
        "reviewed": true,
        "user_excluded": [],
        "value": 0.7675818249972876
    },
    "Ar39": {
        "error": 0.02826599446539787,
        "error_type": "SEM",
        "filter_outliers_dict": {
            "filter_outliers": true,
            "iterations": 1,
            "std_devs": 2,
            "use_standard_deviation_filtering": false
        },
        "fit": "Parabolic",
        "fn": 386,
        "include_baseline_error": false,
        "n": 400,
        "outlier_excluded": [
            292,
            37,
            356,
            103,
            238,
            79,
            175,
            17,
            178,
            115,
            20,
            373,
            118,
            344
        ],
        "reviewed": true,
        "user_excluded": [],
        "value": 72.63298162909501
    },
    "Ar40": {
        "error": 0.023358763670118757,
        "error_type": "SEM",
        "filter_outliers_dict": {
            "filter_outliers": true,
            "iterations": 1,
            "std_devs": 2,
            "use_standard_deviation_filtering": false
        },
        "fit": "Parabolic",
        "fn": 382,
        "include_baseline_error": false,
        "n": 400,
        "outlier_excluded": [
            132,
            197,
            292,
            167,
            72,
            42,
            172,
            117,
            54,
            118,
            216,
            89,
            185,
            217,
            250,
            285,
            374,
            380
        ],
        "reviewed": true,
        "user_excluded": [],
        "value": 51.42405636219827
    },
    "Ar41": {
        "error": 0.006007089782457995,
        "error_type": "SEM",
        "filter_outliers_dict": {
            "filter_outliers": true,
            "iterations": 1,
            "std_devs": 2,
            "use_standard_deviation_filtering": false
        },
        "fit": "average",
        "value": 0.21149661925851138
    }
}