{
    "Ar36": {
        "error": 0.00020041122816346564,
        "error_type": "SEM",
        "filter_outliers_dict": {
            "filter_outliers": true,
            "iterations": 1,
            "std_devs": 2,
            "use_standard_deviation_filtering": false
        },
        "fit": "Parabolic",
        "fn": 569,
        "include_baseline_error": false,
        "n": 600,
        "outlier_excluded": [
            513,
            131,
            259,
            134,
            392,
            395,
            17,
            151,
            535,
            281,
            536,
            33,
            171,
            427,
            306,
            442,
            190,
            323,
            202,
            334,
            79,
            80,
            479,
            102,
            486,
            116,
            245,
            372,
            124,
            125,
            382
        ],
        "reviewed": true,
        "user_excluded": [],
        "value": 0.016682951237600774
    },
    "Ar37": {
        "error": 0.010434226156799993,
        "error_type": "SEM",
        "filter_outliers_dict": {
            "filter_outliers": true,
            "iterations": 1,
            "std_devs": 2,
            "use_standard_deviation_filtering": false
        },
        "fit": "Linear",
        "fn": 568,
        "include_baseline_error": false,
        "n": 600,
        "outlier_excluded": [
            257,
            515,
            392,
            393,
            399,
            21,
            157,
            30,
            544,
            545,
            550,
            555,
            46,
            303,
            180,
            309,
            62,
            63,
            449,
            66,
            324,
            325,
            333,
            206,
            207,
            334,
            212,
            94,
            480,
            99,
            238,
            241
        ],
        "reviewed": true,
        "user_excluded": [],
        "value": 0.07065832372437165
    },
    "Ar38": {
        "error": 0.013799930009307721,
        "error_type": "SEM",
        "filter_outliers_dict": {
            "filter_outliers": true,
            "iterations": 1,
            "std_devs": 2,
            "use_standard_deviation_filtering": false
        },
        "fit": "Linear",
        "fn": 579,
        "include_baseline_error": false,
        "n": 600,
        "outlier_excluded": [
            320,
            349,
            476,
            547,
            484,
            165,
            229,
            327,
            580,
            553,
            458,
            338,
            243,
            466,
            25,
            26,
            122,
            92,
            155,
            222,
            317
        ],
        "reviewed": true,
        "user_excluded": [],
        "value": 0.41598202574244925
    },
    "Ar39": {
        "error": 0.01999622773104038,
        "error_type": "SEM",
        "filter_outliers_dict": {
            "filter_outliers": true,
            "iterations": 1,
            "std_devs": 2,
            "use_standard_deviation_filtering": false
        },
        "fit": "Parabolic",
        "fn": 573,
        "include_baseline_error": false,
        "n": 600,
        "outlier_excluded": [
            259,
            263,
            526,
            271,
            403,
            152,
            153,
            292,
            49,
            52,
            188,
            67,
            195,
            70,
            326,
            327,
            459,
            343,
            478,
            355,
            356,
            368,
            496,
            497,
            115,
            116,
            379
        ],
        "reviewed": true,
        "user_excluded": [],
        "value": 48.610275740324425
    },
    "Ar40": {
        "error": 0.01752472980787665,
        "error_type": "SEM",
        "filter_outliers_dict": {
            "filter_outliers": true,
            "iterations": 1,
            "std_devs": 2,
            "use_standard_deviation_filtering": false
        },
        "fit": "Parabolic",
        "fn": 572,
        "include_baseline_error": false,
        "n": 600,
        "outlier_excluded": [
            510,
            1,
            257,
            5,
            12,
            19,
            275,
            403,
            280,
            27,
            544,
            546,
            165,
            42,
            557,
            175,
            177,
            574,
            193,
            204,
            206,
            345,
            352,
            481,
            365,
            240,
            126,
            383
        ],
        "reviewed": true,
        "user_excluded": [],
        "value": 22.08754469114708
    },
    "Ar41": {
        "error": 0.0045399391827070585,
        "error_type": "SEM",
        "filter_outliers_dict": {
            "filter_outliers": true,
            "iterations": 1,
            "std_devs": 2,
            "use_standard_deviation_filtering": false
        },
        "fit": "average",
        "value": -0.04995950615732609
    }
}