{
    "Ar36": {
        "error": 0.0002631976892643778,
        "error_type": "SEM",
        "filter_outliers_dict": {
            "filter_outliers": true,
            "iterations": 1,
            "std_devs": 2,
            "use_standard_deviation_filtering": false
        },
        "fit": "Parabolic",
        "fn": 388,
        "include_baseline_error": false,
        "n": 400,
        "outlier_excluded": [
            354,
            390,
            39,
            40,
            41,
            360,
            267,
            177,
            218,
            123,
            315,
            317
        ],
        "reviewed": true,
        "user_excluded": [],
        "value": 0.012593666586407018
    },
    "Ar37": {
        "error": 0.013000273729966209,
        "error_type": "SEM",
        "filter_outliers_dict": {
            "filter_outliers": true,
            "iterations": 1,
            "std_devs": 2,
            "use_standard_deviation_filtering": false
        },
        "fit": "Linear",
        "fn": 382,
        "include_baseline_error": false,
        "n": 400,
        "outlier_excluded": [
            319,
            66,
            258,
            356,
            7,
            200,
            359,
            170,
            139,
            108,
            333,
            398,
            81,
            241,
            306,
            148,
            279,
            63
        ],
        "reviewed": true,
        "user_excluded": [],
        "value": 0.0031067199300034366
    },
    "Ar38": {
        "error": 0.011610235598010372,
        "error_type": "SEM",
        "filter_outliers_dict": {
            "filter_outliers": true,
            "iterations": 1,
            "std_devs": 2,
            "use_standard_deviation_filtering": false
        },
        "fit": "Linear",
        "fn": 376,
        "include_baseline_error": false,
        "n": 400,
        "outlier_excluded": [
            133,
            9,
            274,
            155,
            31,
            162,
            46,
            308,
            60,
            65,
            206,
            79,
            334,
            338,
            348,
            355,
            101,
            103,
            235,
            111,
            116,
            249,
            250,
            255
        ],
        "reviewed": true,
        "user_excluded": [],
        "value": -0.06447459170922222
    },
    "Ar39": {
        "error": 0.020076050562504878,
        "error_type": "SEM",
        "filter_outliers_dict": {
            "filter_outliers": true,
            "iterations": 1,
            "std_devs": 2,
            "use_standard_deviation_filtering": false
        },
        "fit": "Parabolic",
        "fn": 381,
        "include_baseline_error": false,
        "n": 400,
        "outlier_excluded": [
            352,
            1,
            2,
            257,
            4,
            230,
            73,
            170,
            393,
            272,
            336,
            243,
            180,
            339,
            118,
            310,
            184,
            188,
            95
        ],
        "reviewed": true,
        "user_excluded": [],
        "value": 9.858774375907839
    },
    "Ar40": {
        "error": 0.02190771884835302,
        "error_type": "SEM",
        "filter_outliers_dict": {
            "filter_outliers": true,
            "iterations": 1,
            "std_devs": 2,
            "use_standard_deviation_filtering": false
        },
        "fit": "Parabolic",
        "fn": 381,
        "include_baseline_error": false,
        "n": 400,
        "outlier_excluded": [
            384,
            323,
            326,
            71,
            328,
            393,
            170,
            266,
            300,
            336,
            338,
            51,
            116,
            277,
            343,
            90,
            91,
            28,
            61
        ],
        "reviewed": true,
        "user_excluded": [],
        "value": 8.224295074890811
    },
    "Ar41": {
        "error": 0.00547576791882459,
        "error_type": "SEM",
        "filter_outliers_dict": {
            "filter_outliers": true,
            "iterations": 1,
            "std_devs": 2,
            "use_standard_deviation_filtering": false
        },
        "fit": "average",
        "value": -0.061546723676641935
    }
}