{
    "Ar36": {
        "error": 0.0002820117934419941,
        "error_type": "SEM",
        "filter_outliers_dict": {
            "filter_outliers": true,
            "iterations": 1,
            "std_devs": 2,
            "use_standard_deviation_filtering": false
        },
        "fit": "Parabolic",
        "fn": 379,
        "include_baseline_error": false,
        "n": 400,
        "outlier_excluded": [
            64,
            96,
            161,
            225,
            230,
            391,
            298,
            268,
            365,
            302,
            175,
            271,
            366,
            83,
            147,
            179,
            279,
            185,
            249,
            27,
            254
        ],
        "reviewed": true,
        "user_excluded": [],
        "value": 0.018561233849388774
    },
    "Ar37": {
        "error": 0.012383045100520709,
        "error_type": "SEM",
        "filter_outliers_dict": {
            "filter_outliers": true,
            "iterations": 1,
            "std_devs": 2,
            "use_standard_deviation_filtering": false
        },
        "fit": "Linear",
        "fn": 381,
        "include_baseline_error": false,
        "n": 400,
        "outlier_excluded": [
            225,
            3,
            131,
            37,
            390,
            39,
            391,
            392,
            75,
            45,
            398,
            176,
            49,
            210,
            118,
            247,
            278,
            378,
            382
        ],
        "reviewed": true,
        "user_excluded": [],
        "value": 0.03796901860456363
    },
    "Ar38": {
        "error": 0.01780341966235739,
        "error_type": "SEM",
        "filter_outliers_dict": {
            "filter_outliers": true,
            "iterations": 1,
            "std_devs": 2,
            "use_standard_deviation_filtering": false
        },
        "fit": "Linear",
        "fn": 386,
        "include_baseline_error": false,
        "n": 400,
        "outlier_excluded": [
            164,
            260,
            261,
            357,
            364,
            110,
            270,
            242,
            244,
            150,
            215,
            313,
            58,
            219
        ],
        "reviewed": true,
        "user_excluded": [],
        "value": 0.39601313186895065
    },
    "Ar39": {
        "error": 0.02765724519556595,
        "error_type": "SEM",
        "filter_outliers_dict": {
            "filter_outliers": true,
            "iterations": 1,
            "std_devs": 2,
            "use_standard_deviation_filtering": false
        },
        "fit": "Parabolic",
        "fn": 379,
        "include_baseline_error": false,
        "n": 400,
        "outlier_excluded": [
            321,
            322,
            291,
            292,
            388,
            294,
            7,
            75,
            174,
            15,
            238,
            18,
            243,
            244,
            247,
            345,
            26,
            250,
            60,
            314,
            317
        ],
        "reviewed": true,
        "user_excluded": [],
        "value": 45.85936522908337
    },
    "Ar40": {
        "error": 0.02261779910586212,
        "error_type": "SEM",
        "filter_outliers_dict": {
            "filter_outliers": true,
            "iterations": 1,
            "std_devs": 2,
            "use_standard_deviation_filtering": false
        },
        "fit": "Parabolic",
        "fn": 382,
        "include_baseline_error": false,
        "n": 400,
        "outlier_excluded": [
            66,
            163,
            292,
            262,
            136,
            105,
            168,
            201,
            264,
            360,
            46,
            367,
            369,
            119,
            55,
            312,
            158,
            350
        ],
        "reviewed": true,
        "user_excluded": [],
        "value": 21.340894478456804
    },
    "Ar41": {
        "error": 0.005274474699160518,
        "error_type": "SEM",
        "filter_outliers_dict": {
            "filter_outliers": true,
            "iterations": 1,
            "std_devs": 2,
            "use_standard_deviation_filtering": false
        },
        "fit": "average",
        "value": 0.20274230767439452
    }
}