{
    "Ar36": {
        "error": 0.00027709855069036444,
        "error_type": "SEM",
        "filter_outliers_dict": {
            "filter_outliers": true,
            "iterations": 1,
            "std_devs": 2,
            "use_standard_deviation_filtering": false
        },
        "fit": "Parabolic",
        "fn": 381,
        "include_baseline_error": false,
        "n": 400,
        "outlier_excluded": [
            96,
            354,
            328,
            393,
            12,
            109,
            46,
            238,
            112,
            300,
            364,
            398,
            149,
            118,
            341,
            216,
            314,
            284,
            61
        ],
        "reviewed": true,
        "user_excluded": [],
        "value": 0.01816852022076396
    },
    "Ar37": {
        "error": 0.012455370187188512,
        "error_type": "SEM",
        "filter_outliers_dict": {
            "filter_outliers": true,
            "iterations": 1,
            "std_devs": 2,
            "use_standard_deviation_filtering": false
        },
        "fit": "Linear",
        "fn": 380,
        "include_baseline_error": false,
        "n": 400,
        "outlier_excluded": [
            382,
            289,
            290,
            321,
            36,
            101,
            197,
            39,
            40,
            9,
            330,
            360,
            114,
            57,
            58,
            217,
            188,
            125,
            281,
            285
        ],
        "reviewed": true,
        "user_excluded": [],
        "value": -0.003052523116401147
    },
    "Ar38": {
        "error": 0.011527740368786715,
        "error_type": "SEM",
        "filter_outliers_dict": {
            "filter_outliers": true,
            "iterations": 1,
            "std_devs": 2,
            "use_standard_deviation_filtering": false
        },
        "fit": "Linear",
        "fn": 367,
        "include_baseline_error": false,
        "n": 400,
        "outlier_excluded": [
            129,
            261,
            395,
            12,
            396,
            147,
            277,
            158,
            288,
            165,
            166,
            299,
            300,
            175,
            304,
            177,
            50,
            51,
            52,
            179,
            56,
            62,
            78,
            80,
            92,
            223,
            97,
            225,
            99,
            366,
            111,
            243,
            371
        ],
        "reviewed": true,
        "user_excluded": [],
        "value": -0.05829796673623827
    },
    "Ar39": {
        "error": 0.02144734163367975,
        "error_type": "SEM",
        "filter_outliers_dict": {
            "filter_outliers": true,
            "iterations": 1,
            "std_devs": 2,
            "use_standard_deviation_filtering": false
        },
        "fit": "Parabolic",
        "fn": 382,
        "include_baseline_error": false,
        "n": 400,
        "outlier_excluded": [
            353,
            2,
            230,
            169,
            201,
            139,
            44,
            13,
            109,
            207,
            239,
            275,
            116,
            217,
            27,
            60,
            29,
            220
        ],
        "reviewed": true,
        "user_excluded": [],
        "value": 11.116795932404553
    },
    "Ar40": {
        "error": 0.021317924340260384,
        "error_type": "SEM",
        "filter_outliers_dict": {
            "filter_outliers": true,
            "iterations": 1,
            "std_devs": 2,
            "use_standard_deviation_filtering": false
        },
        "fit": "Parabolic",
        "fn": 388,
        "include_baseline_error": false,
        "n": 400,
        "outlier_excluded": [
            130,
            260,
            292,
            392,
            330,
            364,
            142,
            116,
            245,
            343,
            280,
            377
        ],
        "reviewed": true,
        "user_excluded": [],
        "value": 10.102728544569523
    },
    "Ar41": {
        "error": 0.007368305225270089,
        "error_type": "SEM",
        "filter_outliers_dict": {
            "filter_outliers": true,
            "iterations": 1,
            "std_devs": 2,
            "use_standard_deviation_filtering": false
        },
        "fit": "average",
        "value": 0.14493034305732874
    }
}