{
    "Ar36": {
        "error": 0.00020540247726994092,
        "error_type": "SEM",
        "filter_outliers_dict": {
            "filter_outliers": true,
            "iterations": 1,
            "std_devs": 2,
            "use_standard_deviation_filtering": false
        },
        "fit": "Parabolic",
        "fn": 380,
        "include_baseline_error": false,
        "n": 400,
        "outlier_excluded": [
            160,
            192,
            71,
            295,
            362,
            44,
            399,
            304,
            368,
            306,
            338,
            309,
            373,
            121,
            185,
            282,
            314,
            316,
            158,
            381
        ],
        "reviewed": true,
        "user_excluded": [],
        "value": 0.007608088160152342
    },
    "Ar37": {
        "error": 0.012811992647128963,
        "error_type": "SEM",
        "filter_outliers_dict": {
            "filter_outliers": true,
            "iterations": 1,
            "std_devs": 2,
            "use_standard_deviation_filtering": false
        },
        "fit": "Linear",
        "fn": 386,
        "include_baseline_error": false,
        "n": 400,
        "outlier_excluded": [
            193,
            66,
            167,
            200,
            263,
            359,
            332,
            398,
            271,
            367,
            337,
            245,
            153,
            380
        ],
        "reviewed": true,
        "user_excluded": [],
        "value": -0.0012511795111476457
    },
    "Ar38": {
        "error": 0.011883750868748325,
        "error_type": "SEM",
        "filter_outliers_dict": {
            "filter_outliers": true,
            "iterations": 1,
            "std_devs": 2,
            "use_standard_deviation_filtering": false
        },
        "fit": "Linear",
        "fn": 367,
        "include_baseline_error": false,
        "n": 400,
        "outlier_excluded": [
            128,
            257,
            2,
            141,
            143,
            25,
            26,
            27,
            34,
            290,
            36,
            292,
            39,
            177,
            307,
            53,
            63,
            321,
            196,
            324,
            70,
            334,
            336,
            84,
            218,
            220,
            105,
            237,
            113,
            370,
            115,
            246,
            248
        ],
        "reviewed": true,
        "user_excluded": [],
        "value": -0.03834005828820829
    },
    "Ar39": {
        "error": 0.022712351790651123,
        "error_type": "SEM",
        "filter_outliers_dict": {
            "filter_outliers": true,
            "iterations": 1,
            "std_devs": 2,
            "use_standard_deviation_filtering": false
        },
        "fit": "Parabolic",
        "fn": 388,
        "include_baseline_error": false,
        "n": 400,
        "outlier_excluded": [
            6,
            134,
            199,
            396,
            238,
            371,
            21,
            87,
            24,
            343,
            91,
            94
        ],
        "reviewed": true,
        "user_excluded": [],
        "value": 12.348995168004748
    },
    "Ar40": {
        "error": 0.02138491337173895,
        "error_type": "SEM",
        "filter_outliers_dict": {
            "filter_outliers": true,
            "iterations": 1,
            "std_devs": 2,
            "use_standard_deviation_filtering": false
        },
        "fit": "Parabolic",
        "fn": 383,
        "include_baseline_error": false,
        "n": 400,
        "outlier_excluded": [
            97,
            34,
            322,
            228,
            37,
            324,
            385,
            172,
            237,
            301,
            113,
            337,
            58,
            90,
            123,
            378,
            191
        ],
        "reviewed": true,
        "user_excluded": [],
        "value": 7.310621716186455
    },
    "Ar41": {
        "error": 0.0054229382769733735,
        "error_type": "SEM",
        "filter_outliers_dict": {
            "filter_outliers": true,
            "iterations": 1,
            "std_devs": 2,
            "use_standard_deviation_filtering": false
        },
        "fit": "average",
        "value": -0.07700229946923659
    }
}