{
    "Ar36": {
        "error": 0.00017221237823867357,
        "error_type": "SEM",
        "filter_outliers_dict": {
            "filter_outliers": true,
            "iterations": 1,
            "std_devs": 2,
            "use_standard_deviation_filtering": false
        },
        "fit": "Parabolic",
        "fn": 580,
        "include_baseline_error": false,
        "n": 600,
        "outlier_excluded": [
            448,
            289,
            327,
            519,
            426,
            428,
            462,
            48,
            82,
            243,
            276,
            370,
            342,
            469,
            248,
            376,
            532,
            443,
            535,
            599
        ],
        "reviewed": true,
        "user_excluded": [],
        "value": 0.008195145519008087
    },
    "Ar37": {
        "error": 0.010032460454586972,
        "error_type": "SEM",
        "filter_outliers_dict": {
            "filter_outliers": true,
            "iterations": 1,
            "std_devs": 2,
            "use_standard_deviation_filtering": false
        },
        "fit": "Linear",
        "fn": 571,
        "include_baseline_error": false,
        "n": 600,
        "outlier_excluded": [
            515,
            10,
            270,
            17,
            145,
            414,
            418,
            163,
            291,
            419,
            167,
            45,
            558,
            305,
            179,
            314,
            323,
            76,
            588,
            591,
            80,
            339,
            342,
            599,
            217,
            351,
            480,
            114,
            118
        ],
        "reviewed": true,
        "user_excluded": [],
        "value": 0.02188956220240168
    },
    "Ar38": {
        "error": 0.009063072657334331,
        "error_type": "SEM",
        "filter_outliers_dict": {
            "filter_outliers": true,
            "iterations": 1,
            "std_devs": 2,
            "use_standard_deviation_filtering": false
        },
        "fit": "Linear",
        "fn": 574,
        "include_baseline_error": false,
        "n": 600,
        "outlier_excluded": [
            514,
            517,
            134,
            521,
            141,
            406,
            40,
            554,
            47,
            177,
            439,
            571,
            457,
            459,
            337,
            342,
            228,
            234,
            365,
            493,
            247,
            248,
            375,
            378,
            380,
            253
        ],
        "reviewed": true,
        "user_excluded": [],
        "value": -0.14381400493445584
    },
    "Ar39": {
        "error": 0.013816173759133995,
        "error_type": "SEM",
        "filter_outliers_dict": {
            "filter_outliers": true,
            "iterations": 1,
            "std_devs": 2,
            "use_standard_deviation_filtering": false
        },
        "fit": "Parabolic",
        "fn": 570,
        "include_baseline_error": false,
        "n": 600,
        "outlier_excluded": [
            512,
            513,
            265,
            529,
            531,
            151,
            425,
            170,
            434,
            562,
            566,
            446,
            320,
            194,
            451,
            197,
            70,
            337,
            83,
            343,
            90,
            347,
            351,
            363,
            114,
            242,
            119,
            120,
            122,
            123
        ],
        "reviewed": true,
        "user_excluded": [],
        "value": 2.3712395710270338
    },
    "Ar40": {
        "error": 0.016266765655672043,
        "error_type": "SEM",
        "filter_outliers_dict": {
            "filter_outliers": true,
            "iterations": 1,
            "std_devs": 2,
            "use_standard_deviation_filtering": false
        },
        "fit": "Parabolic",
        "fn": 576,
        "include_baseline_error": false,
        "n": 600,
        "outlier_excluded": [
            384,
            255,
            525,
            531,
            151,
            163,
            432,
            179,
            576,
            193,
            579,
            454,
            457,
            461,
            462,
            82,
            594,
            595,
            476,
            224,
            109,
            241,
            248,
            511
        ],
        "reviewed": true,
        "user_excluded": [],
        "value": 3.4030791599722887
    },
    "Ar41": {
        "error": 0.004522481026799534,
        "error_type": "SEM",
        "filter_outliers_dict": {
            "filter_outliers": true,
            "iterations": 1,
            "std_devs": 2,
            "use_standard_deviation_filtering": false
        },
        "fit": "average",
        "value": 0.21007281529506452
    }
}