{
    "Ar36": {
        "error": 0.00023138596364499366,
        "error_type": "SEM",
        "filter_outliers_dict": {
            "filter_outliers": true,
            "iterations": 1,
            "std_devs": 2,
            "use_standard_deviation_filtering": false
        },
        "fit": "Parabolic",
        "fn": 568,
        "include_baseline_error": false,
        "n": 600,
        "outlier_excluded": [
            0,
            130,
            132,
            388,
            269,
            14,
            275,
            276,
            32,
            160,
            419,
            40,
            304,
            560,
            181,
            439,
            186,
            63,
            575,
            323,
            196,
            453,
            326,
            455,
            210,
            596,
            214,
            345,
            354,
            370,
            118,
            505
        ],
        "reviewed": true,
        "user_excluded": [],
        "value": 0.01925157302366854
    },
    "Ar37": {
        "error": 0.010307174851295793,
        "error_type": "SEM",
        "filter_outliers_dict": {
            "filter_outliers": true,
            "iterations": 1,
            "std_devs": 2,
            "use_standard_deviation_filtering": false
        },
        "fit": "Linear",
        "fn": 573,
        "include_baseline_error": false,
        "n": 600,
        "outlier_excluded": [
            265,
            521,
            530,
            154,
            27,
            284,
            28,
            414,
            31,
            551,
            170,
            562,
            183,
            188,
            189,
            580,
            467,
            349,
            477,
            93,
            480,
            227,
            103,
            240,
            114,
            505,
            251
        ],
        "reviewed": true,
        "user_excluded": [],
        "value": 0.029301502546497243
    },
    "Ar38": {
        "error": 0.00875900107001575,
        "error_type": "SEM",
        "filter_outliers_dict": {
            "filter_outliers": true,
            "iterations": 1,
            "std_devs": 2,
            "use_standard_deviation_filtering": false
        },
        "fit": "Linear",
        "fn": 568,
        "include_baseline_error": false,
        "n": 600,
        "outlier_excluded": [
            264,
            274,
            155,
            412,
            159,
            546,
            420,
            166,
            296,
            41,
            169,
            171,
            424,
            173,
            303,
            441,
            315,
            447,
            451,
            460,
            205,
            589,
            210,
            212,
            216,
            345,
            91,
            242,
            370,
            503,
            126,
            510
        ],
        "reviewed": true,
        "user_excluded": [],
        "value": -0.1050609836986518
    },
    "Ar39": {
        "error": 0.015218968515113562,
        "error_type": "SEM",
        "filter_outliers_dict": {
            "filter_outliers": true,
            "iterations": 1,
            "std_devs": 2,
            "use_standard_deviation_filtering": false
        },
        "fit": "Parabolic",
        "fn": 574,
        "include_baseline_error": false,
        "n": 600,
        "outlier_excluded": [
            399,
            527,
            283,
            412,
            171,
            177,
            54,
            57,
            572,
            321,
            323,
            324,
            453,
            326,
            78,
            335,
            479,
            354,
            367,
            496,
            246,
            247,
            502,
            379,
            380,
            507
        ],
        "reviewed": true,
        "user_excluded": [],
        "value": 5.833387952288879
    },
    "Ar40": {
        "error": 0.01634189938823824,
        "error_type": "SEM",
        "filter_outliers_dict": {
            "filter_outliers": true,
            "iterations": 1,
            "std_devs": 2,
            "use_standard_deviation_filtering": false
        },
        "fit": "Parabolic",
        "fn": 568,
        "include_baseline_error": false,
        "n": 600,
        "outlier_excluded": [
            130,
            7,
            268,
            396,
            143,
            401,
            157,
            415,
            545,
            546,
            547,
            166,
            550,
            172,
            302,
            566,
            57,
            320,
            65,
            450,
            577,
            70,
            465,
            82,
            212,
            226,
            102,
            493,
            496,
            498,
            250,
            509
        ],
        "reviewed": true,
        "user_excluded": [],
        "value": 8.4578806929218
    },
    "Ar41": {
        "error": 0.00472624334550779,
        "error_type": "SEM",
        "filter_outliers_dict": {
            "filter_outliers": true,
            "iterations": 1,
            "std_devs": 2,
            "use_standard_deviation_filtering": false
        },
        "fit": "average",
        "value": 0.21224296389240851
    }
}