{
    "Ar36": {
        "error": 0.00019059725959956735,
        "error_type": "SEM",
        "filter_outliers_dict": {
            "filter_outliers": true,
            "iterations": 1,
            "std_devs": 2,
            "use_standard_deviation_filtering": false
        },
        "fit": "Parabolic",
        "fn": 575,
        "include_baseline_error": false,
        "n": 600,
        "outlier_excluded": [
            256,
            4,
            133,
            139,
            533,
            23,
            158,
            159,
            416,
            291,
            423,
            431,
            54,
            322,
            450,
            459,
            460,
            465,
            594,
            340,
            596,
            490,
            236,
            365,
            506
        ],
        "reviewed": true,
        "user_excluded": [],
        "value": 0.0102595265546843
    },
    "Ar37": {
        "error": 0.009582385718309036,
        "error_type": "SEM",
        "filter_outliers_dict": {
            "filter_outliers": true,
            "iterations": 1,
            "std_devs": 2,
            "use_standard_deviation_filtering": false
        },
        "fit": "Linear",
        "fn": 569,
        "include_baseline_error": false,
        "n": 600,
        "outlier_excluded": [
            256,
            512,
            388,
            392,
            138,
            143,
            532,
            278,
            165,
            421,
            173,
            303,
            437,
            439,
            568,
            571,
            445,
            64,
            455,
            596,
            473,
            90,
            346,
            220,
            363,
            499,
            375,
            248,
            379,
            508,
            253
        ],
        "reviewed": true,
        "user_excluded": [],
        "value": 0.035686151008619556
    },
    "Ar38": {
        "error": 0.008599373783858461,
        "error_type": "SEM",
        "filter_outliers_dict": {
            "filter_outliers": true,
            "iterations": 1,
            "std_devs": 2,
            "use_standard_deviation_filtering": false
        },
        "fit": "Linear",
        "fn": 560,
        "include_baseline_error": false,
        "n": 600,
        "outlier_excluded": [
            513,
            387,
            133,
            263,
            138,
            528,
            273,
            146,
            414,
            288,
            36,
            421,
            166,
            173,
            175,
            187,
            572,
            574,
            63,
            64,
            576,
            194,
            68,
            70,
            73,
            465,
            467,
            469,
            344,
            91,
            479,
            224,
            105,
            491,
            368,
            115,
            243,
            375,
            377,
            253
        ],
        "reviewed": true,
        "user_excluded": [],
        "value": -0.05910567365610858
    },
    "Ar39": {
        "error": 0.01586542929529001,
        "error_type": "SEM",
        "filter_outliers_dict": {
            "filter_outliers": true,
            "iterations": 1,
            "std_devs": 2,
            "use_standard_deviation_filtering": false
        },
        "fit": "Parabolic",
        "fn": 577,
        "include_baseline_error": false,
        "n": 600,
        "outlier_excluded": [
            2,
            146,
            149,
            150,
            153,
            26,
            154,
            30,
            35,
            294,
            317,
            320,
            66,
            194,
            322,
            70,
            200,
            81,
            83,
            355,
            358,
            370,
            377
        ],
        "reviewed": true,
        "user_excluded": [],
        "value": 10.31322857262206
    },
    "Ar40": {
        "error": 0.017370342564069236,
        "error_type": "SEM",
        "filter_outliers_dict": {
            "filter_outliers": true,
            "iterations": 1,
            "std_devs": 2,
            "use_standard_deviation_filtering": false
        },
        "fit": "Parabolic",
        "fn": 572,
        "include_baseline_error": false,
        "n": 600,
        "outlier_excluded": [
            384,
            135,
            142,
            143,
            530,
            153,
            420,
            551,
            553,
            306,
            311,
            567,
            316,
            192,
            448,
            584,
            74,
            76,
            344,
            346,
            91,
            354,
            362,
            370,
            507,
            252,
            382,
            127
        ],
        "reviewed": true,
        "user_excluded": [],
        "value": 7.425616417249426
    },
    "Ar41": {
        "error": 0.004596937264668407,
        "error_type": "SEM",
        "filter_outliers_dict": {
            "filter_outliers": true,
            "iterations": 1,
            "std_devs": 2,
            "use_standard_deviation_filtering": false
        },
        "fit": "average",
        "value": 0.22253562493650308
    }
}