{
    "Ar36": {
        "error": 0.00019415671314902452,
        "error_type": "SEM",
        "filter_outliers_dict": {
            "filter_outliers": true,
            "iterations": 1,
            "std_devs": 2,
            "use_standard_deviation_filtering": false
        },
        "fit": "Parabolic",
        "fn": 571,
        "include_baseline_error": false,
        "n": 600,
        "outlier_excluded": [
            515,
            518,
            522,
            395,
            523,
            144,
            273,
            19,
            21,
            405,
            546,
            427,
            56,
            442,
            62,
            318,
            328,
            584,
            332,
            476,
            484,
            358,
            486,
            110,
            497,
            370,
            371,
            249,
            123
        ],
        "reviewed": true,
        "user_excluded": [],
        "value": 0.014461513789711583
    },
    "Ar37": {
        "error": 0.010041852901148852,
        "error_type": "SEM",
        "filter_outliers_dict": {
            "filter_outliers": true,
            "iterations": 1,
            "std_devs": 2,
            "use_standard_deviation_filtering": false
        },
        "fit": "Linear",
        "fn": 570,
        "include_baseline_error": false,
        "n": 600,
        "outlier_excluded": [
            1,
            2,
            386,
            513,
            6,
            134,
            31,
            160,
            164,
            165,
            550,
            426,
            557,
            49,
            55,
            186,
            195,
            196,
            208,
            338,
            213,
            488,
            107,
            111,
            239,
            367,
            368,
            499,
            509,
            511
        ],
        "reviewed": true,
        "user_excluded": [],
        "value": 0.023112673066147515
    },
    "Ar38": {
        "error": 0.008636271469381193,
        "error_type": "SEM",
        "filter_outliers_dict": {
            "filter_outliers": true,
            "iterations": 1,
            "std_devs": 2,
            "use_standard_deviation_filtering": false
        },
        "fit": "Linear",
        "fn": 565,
        "include_baseline_error": false,
        "n": 600,
        "outlier_excluded": [
            129,
            259,
            263,
            141,
            527,
            16,
            276,
            405,
            532,
            35,
            548,
            37,
            421,
            295,
            302,
            441,
            576,
            193,
            329,
            75,
            76,
            587,
            335,
            80,
            593,
            82,
            352,
            353,
            483,
            489,
            235,
            112,
            244,
            119,
            121
        ],
        "reviewed": true,
        "user_excluded": [],
        "value": -0.05826351812492141
    },
    "Ar39": {
        "error": 0.014365869343809321,
        "error_type": "SEM",
        "filter_outliers_dict": {
            "filter_outliers": true,
            "iterations": 1,
            "std_devs": 2,
            "use_standard_deviation_filtering": false
        },
        "fit": "Parabolic",
        "fn": 573,
        "include_baseline_error": false,
        "n": 600,
        "outlier_excluded": [
            133,
            400,
            405,
            286,
            158,
            160,
            33,
            416,
            291,
            558,
            65,
            321,
            460,
            205,
            461,
            336,
            464,
            467,
            223,
            226,
            364,
            237,
            115,
            372,
            502,
            378,
            125
        ],
        "reviewed": true,
        "user_excluded": [],
        "value": 7.683809009085561
    },
    "Ar40": {
        "error": 0.016434507831151628,
        "error_type": "SEM",
        "filter_outliers_dict": {
            "filter_outliers": true,
            "iterations": 1,
            "std_devs": 2,
            "use_standard_deviation_filtering": false
        },
        "fit": "Parabolic",
        "fn": 579,
        "include_baseline_error": false,
        "n": 600,
        "outlier_excluded": [
            160,
            130,
            35,
            67,
            579,
            6,
            166,
            232,
            41,
            106,
            75,
            456,
            489,
            302,
            552,
            553,
            149,
            503,
            216,
            60,
            572
        ],
        "reviewed": true,
        "user_excluded": [],
        "value": 7.671307903607776
    },
    "Ar41": {
        "error": 0.004786317732759163,
        "error_type": "SEM",
        "filter_outliers_dict": {
            "filter_outliers": true,
            "iterations": 1,
            "std_devs": 2,
            "use_standard_deviation_filtering": false
        },
        "fit": "average",
        "value": 0.2154378262430025
    }
}