{
    "Ar36": {
        "error": 0.00018013978984644007,
        "error_type": "SEM",
        "filter_outliers_dict": {
            "filter_outliers": true,
            "iterations": 1,
            "std_devs": 2,
            "use_standard_deviation_filtering": false
        },
        "fit": "Parabolic",
        "fn": 573,
        "include_baseline_error": false,
        "n": 600,
        "outlier_excluded": [
            262,
            524,
            405,
            279,
            153,
            412,
            287,
            163,
            549,
            553,
            428,
            557,
            184,
            449,
            451,
            580,
            587,
            214,
            471,
            220,
            348,
            102,
            237,
            494,
            373,
            122,
            253
        ],
        "reviewed": true,
        "user_excluded": [],
        "value": 0.009874599353730392
    },
    "Ar37": {
        "error": 0.010216587309546705,
        "error_type": "SEM",
        "filter_outliers_dict": {
            "filter_outliers": true,
            "iterations": 1,
            "std_devs": 2,
            "use_standard_deviation_filtering": false
        },
        "fit": "Linear",
        "fn": 574,
        "include_baseline_error": false,
        "n": 600,
        "outlier_excluded": [
            6,
            12,
            277,
            282,
            545,
            162,
            292,
            420,
            428,
            429,
            557,
            175,
            307,
            52,
            180,
            182,
            64,
            448,
            209,
            466,
            223,
            227,
            364,
            241,
            501,
            504
        ],
        "reviewed": true,
        "user_excluded": [],
        "value": 0.04750595388218712
    },
    "Ar38": {
        "error": 0.008896298082751539,
        "error_type": "SEM",
        "filter_outliers_dict": {
            "filter_outliers": true,
            "iterations": 1,
            "std_devs": 2,
            "use_standard_deviation_filtering": false
        },
        "fit": "Linear",
        "fn": 572,
        "include_baseline_error": false,
        "n": 600,
        "outlier_excluded": [
            3,
            521,
            15,
            399,
            282,
            286,
            34,
            549,
            550,
            555,
            429,
            439,
            568,
            570,
            584,
            457,
            331,
            460,
            462,
            463,
            209,
            595,
            86,
            87,
            94,
            230,
            378,
            510
        ],
        "reviewed": true,
        "user_excluded": [],
        "value": -0.14132534974129077
    },
    "Ar39": {
        "error": 0.01432797565976732,
        "error_type": "SEM",
        "filter_outliers_dict": {
            "filter_outliers": true,
            "iterations": 1,
            "std_devs": 2,
            "use_standard_deviation_filtering": false
        },
        "fit": "Parabolic",
        "fn": 575,
        "include_baseline_error": false,
        "n": 600,
        "outlier_excluded": [
            256,
            258,
            132,
            261,
            16,
            144,
            18,
            28,
            29,
            544,
            161,
            293,
            549,
            306,
            52,
            61,
            63,
            64,
            587,
            82,
            340,
            599,
            216,
            220,
            358
        ],
        "reviewed": true,
        "user_excluded": [],
        "value": 3.8478283529410398
    },
    "Ar40": {
        "error": 0.015543214575170293,
        "error_type": "SEM",
        "filter_outliers_dict": {
            "filter_outliers": true,
            "iterations": 1,
            "std_devs": 2,
            "use_standard_deviation_filtering": false
        },
        "fit": "Parabolic",
        "fn": 575,
        "include_baseline_error": false,
        "n": 600,
        "outlier_excluded": [
            13,
            397,
            146,
            278,
            26,
            410,
            545,
            554,
            44,
            562,
            56,
            568,
            58,
            315,
            195,
            323,
            582,
            216,
            90,
            351,
            227,
            101,
            109,
            369,
            510
        ],
        "reviewed": true,
        "user_excluded": [],
        "value": 4.6835332059133545
    },
    "Ar41": {
        "error": 0.004746828917503816,
        "error_type": "SEM",
        "filter_outliers_dict": {
            "filter_outliers": true,
            "iterations": 1,
            "std_devs": 2,
            "use_standard_deviation_filtering": false
        },
        "fit": "average",
        "value": 0.22092836888851192
    }
}