{
    "Ar36": {
        "error": 0.00020619145634296037,
        "error_type": "SEM",
        "filter_outliers_dict": {
            "filter_outliers": true,
            "iterations": 1,
            "std_devs": 2,
            "use_standard_deviation_filtering": false
        },
        "fit": "Parabolic",
        "fn": 568,
        "include_baseline_error": false,
        "n": 600,
        "outlier_excluded": [
            513,
            259,
            132,
            7,
            15,
            17,
            406,
            409,
            285,
            413,
            160,
            161,
            289,
            168,
            174,
            305,
            434,
            574,
            577,
            582,
            329,
            79,
            213,
            86,
            232,
            234,
            109,
            365,
            368,
            497,
            125,
            381
        ],
        "reviewed": true,
        "user_excluded": [],
        "value": 0.016654791570329883
    },
    "Ar37": {
        "error": 0.01007669752705645,
        "error_type": "SEM",
        "filter_outliers_dict": {
            "filter_outliers": true,
            "iterations": 1,
            "std_devs": 2,
            "use_standard_deviation_filtering": false
        },
        "fit": "Linear",
        "fn": 580,
        "include_baseline_error": false,
        "n": 600,
        "outlier_excluded": [
            481,
            226,
            259,
            323,
            363,
            239,
            272,
            529,
            592,
            179,
            403,
            277,
            22,
            279,
            504,
            409,
            597,
            219,
            94,
            383
        ],
        "reviewed": true,
        "user_excluded": [],
        "value": 0.04132825020080551
    },
    "Ar38": {
        "error": 0.01078633361755639,
        "error_type": "SEM",
        "filter_outliers_dict": {
            "filter_outliers": true,
            "iterations": 1,
            "std_devs": 2,
            "use_standard_deviation_filtering": false
        },
        "fit": "Linear",
        "fn": 560,
        "include_baseline_error": false,
        "n": 600,
        "outlier_excluded": [
            129,
            386,
            514,
            4,
            388,
            136,
            521,
            281,
            538,
            283,
            411,
            157,
            290,
            295,
            168,
            300,
            302,
            307,
            564,
            185,
            315,
            66,
            450,
            455,
            207,
            463,
            81,
            465,
            340,
            91,
            480,
            98,
            355,
            100,
            241,
            498,
            119,
            124,
            381,
            126
        ],
        "reviewed": true,
        "user_excluded": [],
        "value": -0.01892466085150838
    },
    "Ar39": {
        "error": 0.015910198014800554,
        "error_type": "SEM",
        "filter_outliers_dict": {
            "filter_outliers": true,
            "iterations": 1,
            "std_devs": 2,
            "use_standard_deviation_filtering": false
        },
        "fit": "Parabolic",
        "fn": 571,
        "include_baseline_error": false,
        "n": 600,
        "outlier_excluded": [
            129,
            263,
            11,
            14,
            22,
            540,
            285,
            32,
            289,
            48,
            49,
            190,
            65,
            449,
            324,
            69,
            455,
            73,
            341,
            218,
            347,
            95,
            96,
            230,
            106,
            495,
            112,
            499,
            124
        ],
        "reviewed": true,
        "user_excluded": [],
        "value": 15.28151236036395
    },
    "Ar40": {
        "error": 0.016732018686823565,
        "error_type": "SEM",
        "filter_outliers_dict": {
            "filter_outliers": true,
            "iterations": 1,
            "std_devs": 2,
            "use_standard_deviation_filtering": false
        },
        "fit": "Parabolic",
        "fn": 580,
        "include_baseline_error": false,
        "n": 600,
        "outlier_excluded": [
            416,
            193,
            289,
            67,
            389,
            295,
            136,
            586,
            589,
            498,
            436,
            183,
            504,
            57,
            58,
            59,
            476,
            253,
            477,
            535
        ],
        "reviewed": true,
        "user_excluded": [],
        "value": 11.612403529252022
    },
    "Ar41": {
        "error": 0.0048028932037713894,
        "error_type": "SEM",
        "filter_outliers_dict": {
            "filter_outliers": true,
            "iterations": 1,
            "std_devs": 2,
            "use_standard_deviation_filtering": false
        },
        "fit": "average",
        "value": 0.2096898208386923
    }
}