{
    "Ar36": {
        "error": 0.000142872182140216,
        "error_type": "SEM",
        "filter_outliers_dict": {
            "filter_outliers": true,
            "iterations": 1,
            "std_devs": 2,
            "use_standard_deviation_filtering": false
        },
        "fit": "Parabolic",
        "fn": 575,
        "include_baseline_error": false,
        "n": 600,
        "outlier_excluded": [
            385,
            386,
            523,
            396,
            525,
            277,
            28,
            425,
            554,
            430,
            312,
            580,
            453,
            202,
            461,
            465,
            344,
            473,
            95,
            352,
            480,
            356,
            104,
            495,
            375
        ],
        "reviewed": true,
        "user_excluded": [],
        "value": 0.005096759413566346
    },
    "Ar37": {
        "error": 0.010159752984096755,
        "error_type": "SEM",
        "filter_outliers_dict": {
            "filter_outliers": true,
            "iterations": 1,
            "std_devs": 2,
            "use_standard_deviation_filtering": false
        },
        "fit": "Linear",
        "fn": 570,
        "include_baseline_error": false,
        "n": 600,
        "outlier_excluded": [
            262,
            263,
            10,
            17,
            401,
            277,
            151,
            287,
            292,
            293,
            553,
            563,
            182,
            571,
            62,
            63,
            320,
            327,
            75,
            81,
            467,
            473,
            223,
            224,
            355,
            484,
            489,
            241,
            247,
            381
        ],
        "reviewed": true,
        "user_excluded": [],
        "value": 0.05385868835273176
    },
    "Ar38": {
        "error": 0.008599181156366304,
        "error_type": "SEM",
        "filter_outliers_dict": {
            "filter_outliers": true,
            "iterations": 1,
            "std_devs": 2,
            "use_standard_deviation_filtering": false
        },
        "fit": "Linear",
        "fn": 556,
        "include_baseline_error": false,
        "n": 600,
        "outlier_excluded": [
            0,
            512,
            2,
            389,
            521,
            395,
            269,
            14,
            143,
            16,
            17,
            397,
            399,
            530,
            21,
            534,
            153,
            417,
            291,
            421,
            555,
            179,
            52,
            436,
            437,
            183,
            563,
            185,
            189,
            325,
            199,
            327,
            77,
            212,
            596,
            470,
            598,
            219,
            352,
            111,
            112,
            372,
            382,
            255
        ],
        "reviewed": true,
        "user_excluded": [],
        "value": -0.07143254861544258
    },
    "Ar39": {
        "error": 0.014341663138231561,
        "error_type": "SEM",
        "filter_outliers_dict": {
            "filter_outliers": true,
            "iterations": 1,
            "std_devs": 2,
            "use_standard_deviation_filtering": false
        },
        "fit": "Parabolic",
        "fn": 577,
        "include_baseline_error": false,
        "n": 600,
        "outlier_excluded": [
            270,
            143,
            421,
            551,
            554,
            560,
            188,
            579,
            325,
            582,
            331,
            83,
            223,
            228,
            231,
            108,
            241,
            498,
            115,
            116,
            501,
            118,
            505
        ],
        "reviewed": true,
        "user_excluded": [],
        "value": 8.792651363444056
    },
    "Ar40": {
        "error": 0.0166020165122383,
        "error_type": "SEM",
        "filter_outliers_dict": {
            "filter_outliers": true,
            "iterations": 1,
            "std_devs": 2,
            "use_standard_deviation_filtering": false
        },
        "fit": "Parabolic",
        "fn": 577,
        "include_baseline_error": false,
        "n": 600,
        "outlier_excluded": [
            128,
            132,
            277,
            534,
            280,
            281,
            409,
            415,
            291,
            547,
            564,
            181,
            182,
            65,
            456,
            331,
            79,
            463,
            84,
            349,
            94,
            234,
            507
        ],
        "reviewed": true,
        "user_excluded": [],
        "value": 5.066500065256321
    },
    "Ar41": {
        "error": 0.0045954456224373205,
        "error_type": "SEM",
        "filter_outliers_dict": {
            "filter_outliers": true,
            "iterations": 1,
            "std_devs": 2,
            "use_standard_deviation_filtering": false
        },
        "fit": "average",
        "value": 0.21339163096317798
    }
}