{
    "Ar36": {
        "error": 0.00016046530914348839,
        "error_type": "SEM",
        "filter_outliers_dict": {
            "filter_outliers": true,
            "iterations": 1,
            "std_devs": 2,
            "use_standard_deviation_filtering": false
        },
        "fit": "Parabolic",
        "fn": 573,
        "include_baseline_error": false,
        "n": 600,
        "outlier_excluded": [
            519,
            522,
            400,
            402,
            148,
            542,
            32,
            303,
            304,
            183,
            57,
            570,
            327,
            205,
            336,
            465,
            592,
            339,
            468,
            595,
            597,
            345,
            475,
            476,
            363,
            108,
            254
        ],
        "reviewed": true,
        "user_excluded": [],
        "value": 0.007128310929595537
    },
    "Ar37": {
        "error": 0.01005259600148069,
        "error_type": "SEM",
        "filter_outliers_dict": {
            "filter_outliers": true,
            "iterations": 1,
            "std_devs": 2,
            "use_standard_deviation_filtering": false
        },
        "fit": "Linear",
        "fn": 576,
        "include_baseline_error": false,
        "n": 600,
        "outlier_excluded": [
            256,
            258,
            395,
            143,
            21,
            150,
            34,
            290,
            426,
            557,
            311,
            187,
            318,
            576,
            198,
            328,
            75,
            333,
            89,
            95,
            356,
            229,
            500,
            382
        ],
        "reviewed": true,
        "user_excluded": [],
        "value": 0.039750492828061826
    },
    "Ar38": {
        "error": 0.008737886645975622,
        "error_type": "SEM",
        "filter_outliers_dict": {
            "filter_outliers": true,
            "iterations": 1,
            "std_devs": 2,
            "use_standard_deviation_filtering": false
        },
        "fit": "Linear",
        "fn": 567,
        "include_baseline_error": false,
        "n": 600,
        "outlier_excluded": [
            10,
            396,
            271,
            407,
            27,
            283,
            285,
            165,
            40,
            299,
            300,
            555,
            431,
            562,
            179,
            311,
            184,
            567,
            322,
            197,
            330,
            205,
            466,
            347,
            355,
            101,
            235,
            109,
            118,
            119,
            376,
            380,
            381
        ],
        "reviewed": true,
        "user_excluded": [],
        "value": -0.1198267145062496
    },
    "Ar39": {
        "error": 0.013522787855219778,
        "error_type": "SEM",
        "filter_outliers_dict": {
            "filter_outliers": true,
            "iterations": 1,
            "std_devs": 2,
            "use_standard_deviation_filtering": false
        },
        "fit": "Parabolic",
        "fn": 576,
        "include_baseline_error": false,
        "n": 600,
        "outlier_excluded": [
            384,
            5,
            133,
            136,
            142,
            143,
            274,
            284,
            288,
            548,
            552,
            436,
            56,
            58,
            59,
            64,
            458,
            461,
            473,
            92,
            476,
            223,
            506,
            509
        ],
        "reviewed": true,
        "user_excluded": [],
        "value": 4.10461307088163
    },
    "Ar40": {
        "error": 0.01601945267517573,
        "error_type": "SEM",
        "filter_outliers_dict": {
            "filter_outliers": true,
            "iterations": 1,
            "std_devs": 2,
            "use_standard_deviation_filtering": false
        },
        "fit": "Parabolic",
        "fn": 572,
        "include_baseline_error": false,
        "n": 600,
        "outlier_excluded": [
            129,
            257,
            385,
            8,
            521,
            266,
            145,
            401,
            283,
            412,
            413,
            541,
            287,
            43,
            176,
            563,
            567,
            184,
            318,
            70,
            204,
            466,
            226,
            239,
            240,
            377,
            123,
            251
        ],
        "reviewed": true,
        "user_excluded": [],
        "value": 3.942230393846046
    },
    "Ar41": {
        "error": 0.004669527659440164,
        "error_type": "SEM",
        "filter_outliers_dict": {
            "filter_outliers": true,
            "iterations": 1,
            "std_devs": 2,
            "use_standard_deviation_filtering": false
        },
        "fit": "average",
        "value": 0.21855196015288433
    }
}