{
    "Ar36": {
        "error": 0.00017209271872218866,
        "error_type": "SEM",
        "filter_outliers_dict": {
            "filter_outliers": true,
            "iterations": 1,
            "std_devs": 2,
            "use_standard_deviation_filtering": false
        },
        "fit": "Parabolic",
        "fn": 575,
        "include_baseline_error": false,
        "n": 600,
        "outlier_excluded": [
            388,
            525,
            274,
            531,
            278,
            538,
            155,
            413,
            286,
            418,
            423,
            175,
            303,
            432,
            560,
            56,
            186,
            322,
            450,
            454,
            585,
            463,
            598,
            344,
            94
        ],
        "reviewed": true,
        "user_excluded": [],
        "value": 0.007119233164589583
    },
    "Ar37": {
        "error": 0.009648529156886125,
        "error_type": "SEM",
        "filter_outliers_dict": {
            "filter_outliers": true,
            "iterations": 1,
            "std_devs": 2,
            "use_standard_deviation_filtering": false
        },
        "fit": "Linear",
        "fn": 575,
        "include_baseline_error": false,
        "n": 600,
        "outlier_excluded": [
            5,
            133,
            526,
            151,
            547,
            167,
            169,
            554,
            563,
            56,
            57,
            569,
            571,
            320,
            323,
            332,
            80,
            339,
            220,
            93,
            350,
            98,
            106,
            111,
            510
        ],
        "reviewed": true,
        "user_excluded": [],
        "value": 0.06996375543134885
    },
    "Ar38": {
        "error": 0.011370359576342226,
        "error_type": "SEM",
        "filter_outliers_dict": {
            "filter_outliers": true,
            "iterations": 1,
            "std_devs": 2,
            "use_standard_deviation_filtering": false
        },
        "fit": "Linear",
        "fn": 572,
        "include_baseline_error": false,
        "n": 600,
        "outlier_excluded": [
            514,
            261,
            262,
            518,
            265,
            144,
            533,
            25,
            29,
            168,
            557,
            302,
            436,
            437,
            441,
            448,
            322,
            451,
            329,
            330,
            460,
            82,
            346,
            219,
            484,
            497,
            372,
            119
        ],
        "reviewed": true,
        "user_excluded": [],
        "value": 0.8184332987844645
    },
    "Ar39": {
        "error": 0.022101645908814783,
        "error_type": "SEM",
        "filter_outliers_dict": {
            "filter_outliers": true,
            "iterations": 1,
            "std_devs": 2,
            "use_standard_deviation_filtering": false
        },
        "fit": "Parabolic",
        "fn": 575,
        "include_baseline_error": false,
        "n": 600,
        "outlier_excluded": [
            11,
            528,
            281,
            282,
            284,
            294,
            297,
            298,
            174,
            302,
            177,
            308,
            315,
            190,
            322,
            196,
            325,
            337,
            338,
            213,
            87,
            95,
            96,
            486,
            511
        ],
        "reviewed": true,
        "user_excluded": [],
        "value": 78.35363679463882
    },
    "Ar40": {
        "error": 0.018091302028188386,
        "error_type": "SEM",
        "filter_outliers_dict": {
            "filter_outliers": true,
            "iterations": 1,
            "std_devs": 2,
            "use_standard_deviation_filtering": false
        },
        "fit": "Parabolic",
        "fn": 578,
        "include_baseline_error": false,
        "n": 600,
        "outlier_excluded": [
            525,
            405,
            539,
            284,
            285,
            177,
            434,
            435,
            573,
            447,
            322,
            199,
            205,
            336,
            228,
            497,
            116,
            117,
            246,
            501,
            122,
            508
        ],
        "reviewed": true,
        "user_excluded": [],
        "value": 28.851167377502797
    },
    "Ar41": {
        "error": 0.0047113538847093316,
        "error_type": "SEM",
        "filter_outliers_dict": {
            "filter_outliers": true,
            "iterations": 1,
            "std_devs": 2,
            "use_standard_deviation_filtering": false
        },
        "fit": "average",
        "value": -0.05595648734626795
    }
}