{
    "Ar36": {
        "error": 0.00015046872136887217,
        "error_type": "SEM",
        "filter_outliers_dict": {
            "filter_outliers": true,
            "iterations": 1,
            "std_devs": 2,
            "use_standard_deviation_filtering": false
        },
        "fit": "Parabolic",
        "fn": 578,
        "include_baseline_error": false,
        "n": 600,
        "outlier_excluded": [
            261,
            269,
            535,
            540,
            542,
            289,
            551,
            558,
            313,
            441,
            576,
            327,
            595,
            212,
            214,
            230,
            495,
            376,
            506,
            123,
            251,
            381
        ],
        "reviewed": true,
        "user_excluded": [],
        "value": 0.00428032160929423
    },
    "Ar37": {
        "error": 0.01006076344109549,
        "error_type": "SEM",
        "filter_outliers_dict": {
            "filter_outliers": true,
            "iterations": 1,
            "std_devs": 2,
            "use_standard_deviation_filtering": false
        },
        "fit": "Linear",
        "fn": 573,
        "include_baseline_error": false,
        "n": 600,
        "outlier_excluded": [
            258,
            517,
            12,
            531,
            532,
            150,
            540,
            416,
            292,
            177,
            311,
            442,
            571,
            196,
            581,
            72,
            205,
            336,
            465,
            340,
            344,
            93,
            227,
            240,
            500,
            504,
            124
        ],
        "reviewed": true,
        "user_excluded": [],
        "value": 0.0507510428678775
    },
    "Ar38": {
        "error": 0.014527921689211926,
        "error_type": "SEM",
        "filter_outliers_dict": {
            "filter_outliers": true,
            "iterations": 1,
            "std_devs": 2,
            "use_standard_deviation_filtering": false
        },
        "fit": "Linear",
        "fn": 586,
        "include_baseline_error": false,
        "n": 600,
        "outlier_excluded": [
            1,
            322,
            354,
            419,
            485,
            137,
            393,
            493,
            432,
            404,
            54,
            474,
            251,
            28
        ],
        "reviewed": true,
        "user_excluded": [],
        "value": 0.1697837646421555
    },
    "Ar39": {
        "error": 0.017687703541509222,
        "error_type": "SEM",
        "filter_outliers_dict": {
            "filter_outliers": true,
            "iterations": 1,
            "std_devs": 2,
            "use_standard_deviation_filtering": false
        },
        "fit": "Parabolic",
        "fn": 571,
        "include_baseline_error": false,
        "n": 600,
        "outlier_excluded": [
            387,
            138,
            400,
            146,
            535,
            538,
            155,
            539,
            286,
            544,
            546,
            420,
            431,
            559,
            562,
            180,
            59,
            320,
            197,
            77,
            80,
            88,
            93,
            227,
            231,
            233,
            234,
            489,
            252
        ],
        "reviewed": true,
        "user_excluded": [],
        "value": 29.665015848326334
    },
    "Ar40": {
        "error": 0.01677177737150154,
        "error_type": "SEM",
        "filter_outliers_dict": {
            "filter_outliers": true,
            "iterations": 1,
            "std_devs": 2,
            "use_standard_deviation_filtering": false
        },
        "fit": "Parabolic",
        "fn": 574,
        "include_baseline_error": false,
        "n": 600,
        "outlier_excluded": [
            3,
            396,
            272,
            19,
            287,
            415,
            31,
            424,
            171,
            172,
            299,
            301,
            304,
            434,
            310,
            566,
            443,
            574,
            323,
            581,
            594,
            224,
            355,
            229,
            501,
            118
        ],
        "reviewed": true,
        "user_excluded": [],
        "value": 11.289839319081086
    },
    "Ar41": {
        "error": 0.004565472287096998,
        "error_type": "SEM",
        "filter_outliers_dict": {
            "filter_outliers": true,
            "iterations": 1,
            "std_devs": 2,
            "use_standard_deviation_filtering": false
        },
        "fit": "average",
        "value": -0.05832847786905325
    }
}