{
    "Ar36": {
        "error": 0.00015304513985569032,
        "error_type": "SEM",
        "filter_outliers_dict": {
            "filter_outliers": true,
            "iterations": 1,
            "std_devs": 2,
            "use_standard_deviation_filtering": false
        },
        "fit": "Parabolic",
        "fn": 569,
        "include_baseline_error": false,
        "n": 600,
        "outlier_excluded": [
            396,
            269,
            398,
            524,
            409,
            412,
            547,
            424,
            555,
            558,
            177,
            436,
            567,
            445,
            323,
            451,
            197,
            70,
            457,
            462,
            463,
            590,
            597,
            471,
            88,
            473,
            99,
            497,
            242,
            502,
            255
        ],
        "reviewed": true,
        "user_excluded": [],
        "value": 0.005844670568884409
    },
    "Ar37": {
        "error": 0.009791198158874881,
        "error_type": "SEM",
        "filter_outliers_dict": {
            "filter_outliers": true,
            "iterations": 1,
            "std_devs": 2,
            "use_standard_deviation_filtering": false
        },
        "fit": "Linear",
        "fn": 573,
        "include_baseline_error": false,
        "n": 600,
        "outlier_excluded": [
            257,
            518,
            149,
            534,
            289,
            290,
            164,
            549,
            169,
            304,
            181,
            183,
            444,
            317,
            321,
            330,
            203,
            331,
            208,
            594,
            213,
            471,
            233,
            238,
            367,
            502,
            507
        ],
        "reviewed": true,
        "user_excluded": [],
        "value": 0.0448515810433521
    },
    "Ar38": {
        "error": 0.012654672288920447,
        "error_type": "SEM",
        "filter_outliers_dict": {
            "filter_outliers": true,
            "iterations": 1,
            "std_devs": 2,
            "use_standard_deviation_filtering": false
        },
        "fit": "Linear",
        "fn": 577,
        "include_baseline_error": false,
        "n": 600,
        "outlier_excluded": [
            396,
            269,
            528,
            403,
            156,
            168,
            425,
            51,
            441,
            59,
            316,
            574,
            325,
            70,
            581,
            328,
            332,
            77,
            206,
            92,
            99,
            361,
            250
        ],
        "reviewed": true,
        "user_excluded": [],
        "value": 0.6728714351810303
    },
    "Ar39": {
        "error": 0.021519601208907432,
        "error_type": "SEM",
        "filter_outliers_dict": {
            "filter_outliers": true,
            "iterations": 1,
            "std_devs": 2,
            "use_standard_deviation_filtering": false
        },
        "fit": "Parabolic",
        "fn": 567,
        "include_baseline_error": false,
        "n": 600,
        "outlier_excluded": [
            386,
            3,
            390,
            137,
            138,
            524,
            16,
            22,
            279,
            153,
            546,
            433,
            439,
            185,
            58,
            443,
            320,
            197,
            201,
            329,
            330,
            333,
            463,
            208,
            464,
            84,
            231,
            117,
            119,
            379,
            507,
            125,
            127
        ],
        "reviewed": true,
        "user_excluded": [],
        "value": 68.79399043795368
    },
    "Ar40": {
        "error": 0.017050052566509565,
        "error_type": "SEM",
        "filter_outliers_dict": {
            "filter_outliers": true,
            "iterations": 1,
            "std_devs": 2,
            "use_standard_deviation_filtering": false
        },
        "fit": "Parabolic",
        "fn": 571,
        "include_baseline_error": false,
        "n": 600,
        "outlier_excluded": [
            263,
            137,
            11,
            150,
            151,
            534,
            28,
            417,
            34,
            164,
            552,
            170,
            48,
            561,
            50,
            51,
            308,
            568,
            57,
            452,
            581,
            456,
            335,
            336,
            356,
            357,
            489,
            497,
            122
        ],
        "reviewed": true,
        "user_excluded": [],
        "value": 25.23455631274618
    },
    "Ar41": {
        "error": 0.004697488627716815,
        "error_type": "SEM",
        "filter_outliers_dict": {
            "filter_outliers": true,
            "iterations": 1,
            "std_devs": 2,
            "use_standard_deviation_filtering": false
        },
        "fit": "average",
        "value": -0.05159904477710776
    }
}