{
    "Ar36": {
        "error": 0.0002672947305582307,
        "error_type": "SEM",
        "filter_outliers_dict": {
            "filter_outliers": true,
            "iterations": 1,
            "std_devs": 2,
            "use_standard_deviation_filtering": false
        },
        "fit": "Parabolic",
        "fn": 570,
        "include_baseline_error": false,
        "n": 600,
        "outlier_excluded": [
            5,
            136,
            266,
            394,
            525,
            271,
            272,
            30,
            287,
            416,
            33,
            554,
            304,
            562,
            56,
            445,
            66,
            450,
            455,
            202,
            333,
            342,
            217,
            92,
            220,
            95,
            107,
            494,
            114,
            508
        ],
        "reviewed": true,
        "user_excluded": [],
        "value": 0.031521113535105116
    },
    "Ar37": {
        "error": 0.01011375191058001,
        "error_type": "SEM",
        "filter_outliers_dict": {
            "filter_outliers": true,
            "iterations": 1,
            "std_devs": 2,
            "use_standard_deviation_filtering": false
        },
        "fit": "Linear",
        "fn": 575,
        "include_baseline_error": false,
        "n": 600,
        "outlier_excluded": [
            134,
            8,
            9,
            270,
            143,
            402,
            277,
            413,
            417,
            552,
            300,
            558,
            47,
            303,
            434,
            565,
            316,
            324,
            479,
            223,
            116,
            120,
            378,
            379,
            506
        ],
        "reviewed": true,
        "user_excluded": [],
        "value": 0.10336268884629195
    },
    "Ar38": {
        "error": 0.010542392612465368,
        "error_type": "SEM",
        "filter_outliers_dict": {
            "filter_outliers": true,
            "iterations": 1,
            "std_devs": 2,
            "use_standard_deviation_filtering": false
        },
        "fit": "Linear",
        "fn": 571,
        "include_baseline_error": false,
        "n": 600,
        "outlier_excluded": [
            7,
            265,
            143,
            529,
            285,
            542,
            288,
            545,
            547,
            298,
            303,
            562,
            180,
            54,
            312,
            185,
            189,
            321,
            197,
            455,
            474,
            476,
            477,
            223,
            102,
            489,
            107,
            372,
            250
        ],
        "reviewed": true,
        "user_excluded": [],
        "value": 1.2789532348004125
    },
    "Ar39": {
        "error": 0.025829242140048374,
        "error_type": "SEM",
        "filter_outliers_dict": {
            "filter_outliers": true,
            "iterations": 1,
            "std_devs": 2,
            "use_standard_deviation_filtering": false
        },
        "fit": "Parabolic",
        "fn": 578,
        "include_baseline_error": false,
        "n": 600,
        "outlier_excluded": [
            130,
            517,
            276,
            161,
            417,
            165,
            552,
            301,
            311,
            320,
            450,
            333,
            90,
            220,
            93,
            228,
            237,
            244,
            501,
            503,
            248,
            378
        ],
        "reviewed": true,
        "user_excluded": [],
        "value": 113.51719425030956
    },
    "Ar40": {
        "error": 0.018222261572655274,
        "error_type": "SEM",
        "filter_outliers_dict": {
            "filter_outliers": true,
            "iterations": 1,
            "std_devs": 2,
            "use_standard_deviation_filtering": false
        },
        "fit": "Parabolic",
        "fn": 575,
        "include_baseline_error": false,
        "n": 600,
        "outlier_excluded": [
            258,
            264,
            269,
            146,
            22,
            152,
            410,
            31,
            552,
            553,
            43,
            171,
            429,
            558,
            187,
            315,
            317,
            63,
            330,
            335,
            87,
            218,
            92,
            480,
            357
        ],
        "reviewed": true,
        "user_excluded": [],
        "value": 48.54476708438456
    },
    "Ar41": {
        "error": 0.004657269968157916,
        "error_type": "SEM",
        "filter_outliers_dict": {
            "filter_outliers": true,
            "iterations": 1,
            "std_devs": 2,
            "use_standard_deviation_filtering": false
        },
        "fit": "average",
        "value": -0.061650037858156904
    }
}