{
    "Ar36": {
        "error": 0.00013786159297798857,
        "error_type": "SEM",
        "filter_outliers_dict": {
            "filter_outliers": true,
            "iterations": 1,
            "std_devs": 2,
            "use_standard_deviation_filtering": false
        },
        "fit": "Parabolic",
        "fn": 570,
        "include_baseline_error": false,
        "n": 600,
        "outlier_excluded": [
            388,
            134,
            524,
            271,
            16,
            282,
            27,
            539,
            547,
            551,
            181,
            565,
            315,
            317,
            592,
            593,
            467,
            340,
            469,
            595,
            598,
            350,
            483,
            485,
            486,
            360,
            367,
            241,
            497,
            372
        ],
        "reviewed": true,
        "user_excluded": [],
        "value": 0.004632267148790522
    },
    "Ar37": {
        "error": 0.00946049656376738,
        "error_type": "SEM",
        "filter_outliers_dict": {
            "filter_outliers": true,
            "iterations": 1,
            "std_devs": 2,
            "use_standard_deviation_filtering": false
        },
        "fit": "Linear",
        "fn": 566,
        "include_baseline_error": false,
        "n": 600,
        "outlier_excluded": [
            512,
            3,
            515,
            8,
            146,
            149,
            533,
            23,
            24,
            279,
            280,
            534,
            163,
            170,
            171,
            301,
            432,
            568,
            68,
            453,
            71,
            201,
            203,
            590,
            81,
            339,
            90,
            107,
            495,
            496,
            371,
            373,
            374,
            122
        ],
        "reviewed": true,
        "user_excluded": [],
        "value": 0.06013893679242812
    },
    "Ar38": {
        "error": 0.015226326267864859,
        "error_type": "SEM",
        "filter_outliers_dict": {
            "filter_outliers": true,
            "iterations": 1,
            "std_devs": 2,
            "use_standard_deviation_filtering": false
        },
        "fit": "Linear",
        "fn": 583,
        "include_baseline_error": false,
        "n": 600,
        "outlier_excluded": [
            481,
            2,
            323,
            132,
            260,
            324,
            200,
            456,
            109,
            334,
            590,
            275,
            563,
            246,
            28,
            412,
            446
        ],
        "reviewed": true,
        "user_excluded": [],
        "value": 0.2931601035758967
    },
    "Ar39": {
        "error": 0.01904407340389136,
        "error_type": "SEM",
        "filter_outliers_dict": {
            "filter_outliers": true,
            "iterations": 1,
            "std_devs": 2,
            "use_standard_deviation_filtering": false
        },
        "fit": "Parabolic",
        "fn": 576,
        "include_baseline_error": false,
        "n": 600,
        "outlier_excluded": [
            385,
            3,
            13,
            269,
            538,
            155,
            296,
            426,
            172,
            302,
            175,
            305,
            178,
            310,
            62,
            588,
            348,
            227,
            229,
            489,
            115,
            247,
            250,
            253
        ],
        "reviewed": true,
        "user_excluded": [],
        "value": 40.17811209617069
    },
    "Ar40": {
        "error": 0.016588948366294105,
        "error_type": "SEM",
        "filter_outliers_dict": {
            "filter_outliers": true,
            "iterations": 1,
            "std_devs": 2,
            "use_standard_deviation_filtering": false
        },
        "fit": "Parabolic",
        "fn": 575,
        "include_baseline_error": false,
        "n": 600,
        "outlier_excluded": [
            3,
            4,
            7,
            139,
            14,
            405,
            535,
            281,
            543,
            290,
            296,
            562,
            567,
            61,
            457,
            589,
            82,
            468,
            231,
            492,
            371,
            376,
            249,
            122,
            251
        ],
        "reviewed": true,
        "user_excluded": [],
        "value": 15.015821801021659
    },
    "Ar41": {
        "error": 0.004502078207489251,
        "error_type": "SEM",
        "filter_outliers_dict": {
            "filter_outliers": true,
            "iterations": 1,
            "std_devs": 2,
            "use_standard_deviation_filtering": false
        },
        "fit": "average",
        "value": -0.04676453144482086
    }
}