{
    "Ar36": {
        "error": 0.00013487820072542335,
        "error_type": "SEM",
        "filter_outliers_dict": {
            "filter_outliers": true,
            "iterations": 1,
            "std_devs": 2,
            "use_standard_deviation_filtering": false
        },
        "fit": "Parabolic",
        "fn": 573,
        "include_baseline_error": false,
        "n": 600,
        "outlier_excluded": [
            513,
            517,
            392,
            520,
            399,
            146,
            275,
            21,
            424,
            41,
            553,
            174,
            559,
            567,
            569,
            188,
            575,
            457,
            460,
            590,
            343,
            93,
            481,
            356,
            494,
            509,
            254
        ],
        "reviewed": true,
        "user_excluded": [],
        "value": 0.004108947526137359
    },
    "Ar37": {
        "error": 0.01013883614646514,
        "error_type": "SEM",
        "filter_outliers_dict": {
            "filter_outliers": true,
            "iterations": 1,
            "std_devs": 2,
            "use_standard_deviation_filtering": false
        },
        "fit": "Linear",
        "fn": 573,
        "include_baseline_error": false,
        "n": 600,
        "outlier_excluded": [
            2,
            259,
            132,
            387,
            136,
            264,
            403,
            277,
            418,
            421,
            42,
            427,
            430,
            431,
            177,
            180,
            565,
            183,
            447,
            83,
            90,
            218,
            97,
            365,
            239,
            369,
            382
        ],
        "reviewed": true,
        "user_excluded": [],
        "value": 0.010952862520200822
    },
    "Ar38": {
        "error": 0.014910780252550817,
        "error_type": "SEM",
        "filter_outliers_dict": {
            "filter_outliers": true,
            "iterations": 1,
            "std_devs": 2,
            "use_standard_deviation_filtering": false
        },
        "fit": "Linear",
        "fn": 587,
        "include_baseline_error": false,
        "n": 600,
        "outlier_excluded": [
            192,
            164,
            389,
            166,
            139,
            209,
            50,
            371,
            594,
            181,
            150,
            311,
            446
        ],
        "reviewed": true,
        "user_excluded": [],
        "value": 0.2501143165081742
    },
    "Ar39": {
        "error": 0.016812768697331202,
        "error_type": "SEM",
        "filter_outliers_dict": {
            "filter_outliers": true,
            "iterations": 1,
            "std_devs": 2,
            "use_standard_deviation_filtering": false
        },
        "fit": "Parabolic",
        "fn": 574,
        "include_baseline_error": false,
        "n": 600,
        "outlier_excluded": [
            0,
            1,
            512,
            4,
            399,
            283,
            548,
            550,
            174,
            176,
            177,
            316,
            320,
            198,
            588,
            209,
            212,
            343,
            220,
            476,
            480,
            360,
            237,
            501,
            253,
            511
        ],
        "reviewed": true,
        "user_excluded": [],
        "value": 34.28710207371881
    },
    "Ar40": {
        "error": 0.01734997513975285,
        "error_type": "SEM",
        "filter_outliers_dict": {
            "filter_outliers": true,
            "iterations": 1,
            "std_devs": 2,
            "use_standard_deviation_filtering": false
        },
        "fit": "Parabolic",
        "fn": 576,
        "include_baseline_error": false,
        "n": 600,
        "outlier_excluded": [
            257,
            513,
            132,
            13,
            397,
            400,
            274,
            27,
            289,
            35,
            553,
            554,
            182,
            55,
            572,
            328,
            212,
            468,
            478,
            482,
            363,
            239,
            246,
            378
        ],
        "reviewed": true,
        "user_excluded": [],
        "value": 12.831014509106868
    },
    "Ar41": {
        "error": 0.004396308528478918,
        "error_type": "SEM",
        "filter_outliers_dict": {
            "filter_outliers": true,
            "iterations": 1,
            "std_devs": 2,
            "use_standard_deviation_filtering": false
        },
        "fit": "average",
        "value": -0.04878882172869375
    }
}