{
    "Ar36": {
        "error": 0.00020489672267020133,
        "error_type": "SEM",
        "filter_outliers_dict": {
            "filter_outliers": true,
            "iterations": 1,
            "std_devs": 2,
            "use_standard_deviation_filtering": false
        },
        "fit": "Parabolic",
        "fn": 379,
        "include_baseline_error": false,
        "n": 400,
        "outlier_excluded": [
            0,
            227,
            389,
            70,
            296,
            362,
            107,
            235,
            236,
            271,
            303,
            145,
            178,
            336,
            371,
            122,
            314,
            28,
            188,
            349,
            378
        ],
        "reviewed": true,
        "user_excluded": [],
        "value": 0.010119815317890904
    },
    "Ar37": {
        "error": 0.012701195448093318,
        "error_type": "SEM",
        "filter_outliers_dict": {
            "filter_outliers": true,
            "iterations": 1,
            "std_devs": 2,
            "use_standard_deviation_filtering": false
        },
        "fit": "Linear",
        "fn": 383,
        "include_baseline_error": false,
        "n": 400,
        "outlier_excluded": [
            32,
            257,
            34,
            259,
            36,
            39,
            40,
            45,
            240,
            178,
            306,
            311,
            313,
            28,
            156,
            286,
            319
        ],
        "reviewed": true,
        "user_excluded": [],
        "value": 0.02126848820248258
    },
    "Ar38": {
        "error": 0.012406068067255737,
        "error_type": "SEM",
        "filter_outliers_dict": {
            "filter_outliers": true,
            "iterations": 1,
            "std_devs": 2,
            "use_standard_deviation_filtering": false
        },
        "fit": "Linear",
        "fn": 382,
        "include_baseline_error": false,
        "n": 400,
        "outlier_excluded": [
            66,
            229,
            390,
            170,
            203,
            205,
            83,
            52,
            149,
            86,
            119,
            23,
            183,
            184,
            187,
            248,
            251,
            383
        ],
        "reviewed": true,
        "user_excluded": [],
        "value": 1.5898332626792222
    },
    "Ar39": {
        "error": 0.033871640640719604,
        "error_type": "SEM",
        "filter_outliers_dict": {
            "filter_outliers": true,
            "iterations": 1,
            "std_devs": 2,
            "use_standard_deviation_filtering": false
        },
        "fit": "Parabolic",
        "fn": 377,
        "include_baseline_error": false,
        "n": 400,
        "outlier_excluded": [
            128,
            129,
            5,
            390,
            141,
            154,
            162,
            166,
            41,
            171,
            176,
            186,
            188,
            190,
            67,
            71,
            84,
            340,
            90,
            219,
            98,
            358,
            239
        ],
        "reviewed": true,
        "user_excluded": [],
        "value": 137.45382331670987
    },
    "Ar40": {
        "error": 0.021019927071590953,
        "error_type": "SEM",
        "filter_outliers_dict": {
            "filter_outliers": true,
            "iterations": 1,
            "std_devs": 2,
            "use_standard_deviation_filtering": false
        },
        "fit": "Parabolic",
        "fn": 381,
        "include_baseline_error": false,
        "n": 400,
        "outlier_excluded": [
            223,
            385,
            354,
            3,
            291,
            69,
            166,
            200,
            328,
            202,
            302,
            146,
            52,
            21,
            276,
            23,
            279,
            379,
            127
        ],
        "reviewed": true,
        "user_excluded": [],
        "value": 24.222887231200836
    },
    "Ar41": {
        "error": 0.005786118248011439,
        "error_type": "SEM",
        "filter_outliers_dict": {
            "filter_outliers": true,
            "iterations": 1,
            "std_devs": 2,
            "use_standard_deviation_filtering": false
        },
        "fit": "average",
        "value": -0.07048588808877662
    }
}