{
    "Ar36": {
        "error": 0.00015502134615083847,
        "error_type": "SEM",
        "filter_outliers_dict": {
            "filter_outliers": true,
            "iterations": 1,
            "std_devs": 2,
            "use_standard_deviation_filtering": false
        },
        "fit": "Parabolic",
        "fn": 379,
        "include_baseline_error": false,
        "n": 400,
        "outlier_excluded": [
            352,
            354,
            4,
            133,
            228,
            388,
            169,
            202,
            363,
            140,
            396,
            368,
            241,
            243,
            307,
            372,
            247,
            185,
            218,
            379,
            127
        ],
        "reviewed": true,
        "user_excluded": [],
        "value": 0.003957191402195887
    },
    "Ar37": {
        "error": 0.012779187996176214,
        "error_type": "SEM",
        "filter_outliers_dict": {
            "filter_outliers": true,
            "iterations": 1,
            "std_devs": 2,
            "use_standard_deviation_filtering": false
        },
        "fit": "Linear",
        "fn": 383,
        "include_baseline_error": false,
        "n": 400,
        "outlier_excluded": [
            1,
            193,
            134,
            135,
            232,
            9,
            170,
            266,
            362,
            395,
            366,
            49,
            241,
            115,
            373,
            151,
            191
        ],
        "reviewed": true,
        "user_excluded": [],
        "value": 0.020608670657697788
    },
    "Ar38": {
        "error": 0.013273305092397984,
        "error_type": "SEM",
        "filter_outliers_dict": {
            "filter_outliers": true,
            "iterations": 1,
            "std_devs": 2,
            "use_standard_deviation_filtering": false
        },
        "fit": "Linear",
        "fn": 375,
        "include_baseline_error": false,
        "n": 400,
        "outlier_excluded": [
            133,
            9,
            282,
            294,
            167,
            42,
            46,
            177,
            306,
            311,
            58,
            187,
            60,
            189,
            320,
            201,
            86,
            214,
            345,
            219,
            101,
            233,
            368,
            241,
            248
        ],
        "reviewed": true,
        "user_excluded": [],
        "value": 0.03713141601742696
    },
    "Ar39": {
        "error": 0.0211113913210052,
        "error_type": "SEM",
        "filter_outliers_dict": {
            "filter_outliers": true,
            "iterations": 1,
            "std_devs": 2,
            "use_standard_deviation_filtering": false
        },
        "fit": "Parabolic",
        "fn": 382,
        "include_baseline_error": false,
        "n": 400,
        "outlier_excluded": [
            224,
            97,
            66,
            259,
            326,
            329,
            42,
            43,
            338,
            243,
            275,
            280,
            89,
            121,
            122,
            60,
            92,
            93
        ],
        "reviewed": true,
        "user_excluded": [],
        "value": 18.045682348094545
    },
    "Ar40": {
        "error": 0.020995358070266985,
        "error_type": "SEM",
        "filter_outliers_dict": {
            "filter_outliers": true,
            "iterations": 1,
            "std_devs": 2,
            "use_standard_deviation_filtering": false
        },
        "fit": "Parabolic",
        "fn": 380,
        "include_baseline_error": false,
        "n": 400,
        "outlier_excluded": [
            160,
            130,
            323,
            228,
            69,
            101,
            260,
            389,
            297,
            172,
            15,
            239,
            240,
            370,
            277,
            186,
            218,
            92,
            125,
            318
        ],
        "reviewed": true,
        "user_excluded": [],
        "value": 3.8748965220675364
    },
    "Ar41": {
        "error": 0.0058751069272987575,
        "error_type": "SEM",
        "filter_outliers_dict": {
            "filter_outliers": true,
            "iterations": 1,
            "std_devs": 2,
            "use_standard_deviation_filtering": false
        },
        "fit": "average",
        "value": -0.052855148051041634
    }
}