{
    "Ar36": {
        "error": 0.00014300889849058082,
        "error_type": "SEM",
        "filter_outliers_dict": {
            "filter_outliers": true,
            "iterations": 1,
            "std_devs": 2,
            "use_standard_deviation_filtering": false
        },
        "fit": "Parabolic",
        "fn": 378,
        "include_baseline_error": false,
        "n": 400,
        "outlier_excluded": [
            260,
            142,
            274,
            19,
            277,
            279,
            280,
            155,
            290,
            301,
            184,
            317,
            196,
            198,
            326,
            210,
            221,
            112,
            241,
            368,
            373,
            383
        ],
        "reviewed": true,
        "user_excluded": [],
        "value": 0.0031399810137046893
    },
    "Ar37": {
        "error": 0.012287971758327146,
        "error_type": "SEM",
        "filter_outliers_dict": {
            "filter_outliers": true,
            "iterations": 1,
            "std_devs": 2,
            "use_standard_deviation_filtering": false
        },
        "fit": "Linear",
        "fn": 380,
        "include_baseline_error": false,
        "n": 400,
        "outlier_excluded": [
            259,
            132,
            36,
            68,
            103,
            229,
            265,
            328,
            331,
            13,
            340,
            213,
            309,
            215,
            152,
            185,
            154,
            374,
            61,
            255
        ],
        "reviewed": true,
        "user_excluded": [],
        "value": 0.024028938554574435
    },
    "Ar38": {
        "error": 0.012548216586944464,
        "error_type": "SEM",
        "filter_outliers_dict": {
            "filter_outliers": true,
            "iterations": 1,
            "std_devs": 2,
            "use_standard_deviation_filtering": false
        },
        "fit": "Linear",
        "fn": 372,
        "include_baseline_error": false,
        "n": 400,
        "outlier_excluded": [
            266,
            269,
            14,
            144,
            149,
            27,
            170,
            48,
            184,
            314,
            189,
            319,
            66,
            68,
            203,
            76,
            332,
            336,
            341,
            344,
            221,
            236,
            112,
            114,
            246,
            252,
            126,
            255
        ],
        "reviewed": true,
        "user_excluded": [],
        "value": -0.00409954047605024
    },
    "Ar39": {
        "error": 0.02151275188216771,
        "error_type": "SEM",
        "filter_outliers_dict": {
            "filter_outliers": true,
            "iterations": 1,
            "std_devs": 2,
            "use_standard_deviation_filtering": false
        },
        "fit": "Parabolic",
        "fn": 381,
        "include_baseline_error": false,
        "n": 400,
        "outlier_excluded": [
            160,
            347,
            162,
            3,
            101,
            6,
            71,
            199,
            267,
            77,
            270,
            86,
            120,
            154,
            218,
            156,
            61,
            158,
            159
        ],
        "reviewed": true,
        "user_excluded": [],
        "value": 15.719948467075
    },
    "Ar40": {
        "error": 0.02126927501241681,
        "error_type": "SEM",
        "filter_outliers_dict": {
            "filter_outliers": true,
            "iterations": 1,
            "std_devs": 2,
            "use_standard_deviation_filtering": false
        },
        "fit": "Parabolic",
        "fn": 380,
        "include_baseline_error": false,
        "n": 400,
        "outlier_excluded": [
            256,
            257,
            388,
            166,
            264,
            42,
            138,
            267,
            13,
            268,
            396,
            240,
            113,
            146,
            147,
            52,
            57,
            346,
            380,
            63
        ],
        "reviewed": true,
        "user_excluded": [],
        "value": 3.3701148999654675
    },
    "Ar41": {
        "error": 0.005659187954119233,
        "error_type": "SEM",
        "filter_outliers_dict": {
            "filter_outliers": true,
            "iterations": 1,
            "std_devs": 2,
            "use_standard_deviation_filtering": false
        },
        "fit": "average",
        "value": -0.07007700551169262
    }
}