{
    "Ar36": {
        "error": 0.00018318428367636766,
        "error_type": "SEM",
        "filter_outliers_dict": {
            "filter_outliers": true,
            "iterations": 1,
            "std_devs": 2,
            "use_standard_deviation_filtering": false
        },
        "fit": "Parabolic",
        "fn": 382,
        "include_baseline_error": false,
        "n": 400,
        "outlier_excluded": [
            319,
            387,
            388,
            262,
            390,
            232,
            395,
            78,
            272,
            273,
            374,
            248,
            218,
            283,
            316,
            317,
            222,
            286
        ],
        "reviewed": true,
        "user_excluded": [],
        "value": 0.005515176619130327
    },
    "Ar37": {
        "error": 0.012439627465225497,
        "error_type": "SEM",
        "filter_outliers_dict": {
            "filter_outliers": true,
            "iterations": 1,
            "std_devs": 2,
            "use_standard_deviation_filtering": false
        },
        "fit": "Linear",
        "fn": 383,
        "include_baseline_error": false,
        "n": 400,
        "outlier_excluded": [
            33,
            129,
            260,
            200,
            298,
            171,
            396,
            77,
            334,
            49,
            209,
            306,
            341,
            182,
            375,
            218,
            219
        ],
        "reviewed": true,
        "user_excluded": [],
        "value": -0.004803353242067068
    },
    "Ar38": {
        "error": 0.01666668153396133,
        "error_type": "SEM",
        "filter_outliers_dict": {
            "filter_outliers": true,
            "iterations": 1,
            "std_devs": 2,
            "use_standard_deviation_filtering": false
        },
        "fit": "Linear",
        "fn": 384,
        "include_baseline_error": false,
        "n": 400,
        "outlier_excluded": [
            320,
            257,
            324,
            298,
            107,
            299,
            396,
            334,
            143,
            176,
            53,
            86,
            213,
            90,
            28,
            253
        ],
        "reviewed": true,
        "user_excluded": [],
        "value": 0.41147575589978846
    },
    "Ar39": {
        "error": 0.024644026530502024,
        "error_type": "SEM",
        "filter_outliers_dict": {
            "filter_outliers": true,
            "iterations": 1,
            "std_devs": 2,
            "use_standard_deviation_filtering": false
        },
        "fit": "Parabolic",
        "fn": 382,
        "include_baseline_error": false,
        "n": 400,
        "outlier_excluded": [
            353,
            386,
            227,
            230,
            167,
            358,
            392,
            234,
            144,
            304,
            18,
            336,
            341,
            182,
            217,
            282,
            187,
            92
        ],
        "reviewed": true,
        "user_excluded": [],
        "value": 45.080069669860535
    },
    "Ar40": {
        "error": 0.020566996344331314,
        "error_type": "SEM",
        "filter_outliers_dict": {
            "filter_outliers": true,
            "iterations": 1,
            "std_devs": 2,
            "use_standard_deviation_filtering": false
        },
        "fit": "Parabolic",
        "fn": 378,
        "include_baseline_error": false,
        "n": 400,
        "outlier_excluded": [
            5,
            135,
            136,
            142,
            16,
            152,
            290,
            41,
            313,
            314,
            64,
            196,
            78,
            89,
            94,
            96,
            360,
            371,
            374,
            375,
            380,
            255
        ],
        "reviewed": true,
        "user_excluded": [],
        "value": 8.752849997098203
    },
    "Ar41": {
        "error": 0.005909696297931716,
        "error_type": "SEM",
        "filter_outliers_dict": {
            "filter_outliers": true,
            "iterations": 1,
            "std_devs": 2,
            "use_standard_deviation_filtering": false
        },
        "fit": "average",
        "value": -0.06305324823748985
    }
}