{
    "Ar36": {
        "error": 0.00021386010611864638,
        "error_type": "SD",
        "filter_outliers_dict": {
            "filter_outliers": true,
            "iterations": 1,
            "std_devs": 2,
            "use_standard_deviation_filtering": false
        },
        "fit": "Parabolic",
        "fn": 382,
        "include_baseline_error": false,
        "n": 400,
        "outlier_excluded": [
            128,
            289,
            262,
            199,
            6,
            329,
            359,
            397,
            302,
            367,
            208,
            273,
            150,
            342,
            375,
            376,
            378,
            287
        ],
        "reviewed": true,
        "user_excluded": [],
        "value": 0.008861608015680412
    },
    "Ar37": {
        "error": 0.013013062945240525,
        "error_type": "SD",
        "filter_outliers_dict": {
            "filter_outliers": true,
            "iterations": 1,
            "std_devs": 2,
            "use_standard_deviation_filtering": false
        },
        "fit": "Linear",
        "fn": 381,
        "include_baseline_error": false,
        "n": 400,
        "outlier_excluded": [
            64,
            159,
            34,
            162,
            354,
            168,
            105,
            170,
            76,
            141,
            79,
            176,
            369,
            370,
            339,
            22,
            310,
            123,
            63
        ],
        "reviewed": true,
        "user_excluded": [],
        "value": 0.03960741156666123
    },
    "Ar38": {
        "error": 0.018441637835243753,
        "error_type": "SD",
        "filter_outliers_dict": {
            "filter_outliers": true,
            "iterations": 1,
            "std_devs": 2,
            "use_standard_deviation_filtering": false
        },
        "fit": "Linear",
        "fn": 386,
        "include_baseline_error": false,
        "n": 400,
        "outlier_excluded": [
            352,
            129,
            321,
            7,
            169,
            74,
            110,
            14,
            240,
            209,
            274,
            338,
            310,
            120
        ],
        "reviewed": true,
        "user_excluded": [],
        "value": 0.44164461304942115
    },
    "Ar39": {
        "error": 0.013212747244768704,
        "error_type": "SD",
        "filter_outliers_dict": {
            "filter_outliers": true,
            "iterations": 1,
            "std_devs": 2,
            "use_standard_deviation_filtering": false
        },
        "fit": "Parabolic",
        "fn": 384,
        "include_baseline_error": false,
        "n": 400,
        "outlier_excluded": [
            131,
            228,
            229,
            39,
            231,
            76,
            300,
            112,
            210,
            19,
            244,
            149,
            56,
            282,
            222,
            350
        ],
        "reviewed": true,
        "user_excluded": [],
        "value": 38.54441950501298
    },
    "Ar40": {
        "error": 0.021565525756584228,
        "error_type": "SD",
        "filter_outliers_dict": {
            "filter_outliers": true,
            "iterations": 1,
            "std_devs": 2,
            "use_standard_deviation_filtering": false
        },
        "fit": "Parabolic",
        "fn": 382,
        "include_baseline_error": false,
        "n": 400,
        "outlier_excluded": [
            228,
            294,
            327,
            361,
            10,
            75,
            138,
            109,
            363,
            143,
            18,
            340,
            309,
            342,
            373,
            378,
            91,
            155
        ],
        "reviewed": true,
        "user_excluded": [],
        "value": 8.641018812462201
    },
    "Ar41": {
        "error": 0.13458224597718985,
        "error_type": "SD",
        "filter_outliers_dict": {
            "filter_outliers": false,
            "iterations": 1,
            "std_devs": 1,
            "use_standard_deviation_filtering": false
        },
        "fit": "average_SEM",
        "value": 0.2615759472222999
    }
}