{
    "Ar36": {
        "error": 0.00012982555423487105,
        "error_type": "SEM",
        "filter_outliers_dict": {
            "filter_outliers": true,
            "iterations": 1,
            "std_devs": 2,
            "use_standard_deviation_filtering": false
        },
        "fit": "Parabolic",
        "fn": 578,
        "include_baseline_error": false,
        "n": 600,
        "outlier_excluded": [
            515,
            393,
            405,
            155,
            285,
            552,
            556,
            558,
            304,
            440,
            570,
            320,
            323,
            324,
            592,
            337,
            338,
            479,
            356,
            365,
            498,
            123
        ],
        "reviewed": true,
        "user_excluded": [],
        "value": 0.0032384901238250987
    },
    "Ar37": {
        "error": 0.009710908789543714,
        "error_type": "SEM",
        "filter_outliers_dict": {
            "filter_outliers": true,
            "iterations": 1,
            "std_devs": 2,
            "use_standard_deviation_filtering": false
        },
        "fit": "Linear",
        "fn": 570,
        "include_baseline_error": false,
        "n": 600,
        "outlier_excluded": [
            134,
            390,
            267,
            271,
            531,
            151,
            541,
            171,
            176,
            436,
            57,
            316,
            446,
            456,
            458,
            587,
            590,
            591,
            592,
            98,
            228,
            233,
            237,
            370,
            245,
            502,
            248,
            377,
            378,
            511
        ],
        "reviewed": true,
        "user_excluded": [],
        "value": 0.028539637852664987
    },
    "Ar38": {
        "error": 0.00875042729495353,
        "error_type": "SEM",
        "filter_outliers_dict": {
            "filter_outliers": true,
            "iterations": 1,
            "std_devs": 2,
            "use_standard_deviation_filtering": false
        },
        "fit": "Linear",
        "fn": 562,
        "include_baseline_error": false,
        "n": 600,
        "outlier_excluded": [
            387,
            132,
            520,
            396,
            13,
            524,
            21,
            409,
            411,
            156,
            30,
            159,
            287,
            292,
            295,
            169,
            47,
            304,
            561,
            56,
            569,
            187,
            449,
            325,
            453,
            585,
            77,
            207,
            94,
            350,
            352,
            97,
            107,
            235,
            367,
            122,
            124,
            509
        ],
        "reviewed": true,
        "user_excluded": [],
        "value": -0.08377575466787479
    },
    "Ar39": {
        "error": 0.014832061784850697,
        "error_type": "SEM",
        "filter_outliers_dict": {
            "filter_outliers": true,
            "iterations": 1,
            "std_devs": 2,
            "use_standard_deviation_filtering": false
        },
        "fit": "Parabolic",
        "fn": 570,
        "include_baseline_error": false,
        "n": 600,
        "outlier_excluded": [
            512,
            1,
            129,
            3,
            257,
            259,
            260,
            517,
            143,
            145,
            146,
            22,
            419,
            292,
            39,
            167,
            173,
            558,
            71,
            75,
            331,
            595,
            471,
            485,
            486,
            120,
            504,
            123,
            124,
            382
        ],
        "reviewed": true,
        "user_excluded": [],
        "value": 7.882421226975518
    },
    "Ar40": {
        "error": 0.01625050418715181,
        "error_type": "SEM",
        "filter_outliers_dict": {
            "filter_outliers": true,
            "iterations": 1,
            "std_devs": 2,
            "use_standard_deviation_filtering": false
        },
        "fit": "Parabolic",
        "fn": 568,
        "include_baseline_error": false,
        "n": 600,
        "outlier_excluded": [
            517,
            521,
            395,
            398,
            401,
            531,
            150,
            285,
            542,
            159,
            32,
            289,
            543,
            36,
            168,
            51,
            570,
            190,
            63,
            582,
            215,
            471,
            89,
            359,
            106,
            491,
            496,
            498,
            250,
            251,
            124,
            511
        ],
        "reviewed": true,
        "user_excluded": [],
        "value": 2.154378110079671
    },
    "Ar41": {
        "error": 0.004414724002729066,
        "error_type": "SEM",
        "filter_outliers_dict": {
            "filter_outliers": true,
            "iterations": 1,
            "std_devs": 2,
            "use_standard_deviation_filtering": false
        },
        "fit": "average",
        "value": -0.05391674008325452
    }
}