{
    "Ar36": {
        "error": 0.00015205822754875298,
        "error_type": "SEM",
        "filter_outliers_dict": {
            "filter_outliers": true,
            "iterations": 1,
            "std_devs": 2,
            "use_standard_deviation_filtering": false
        },
        "fit": "Parabolic",
        "fn": 379,
        "include_baseline_error": false,
        "n": 400,
        "outlier_excluded": [
            380,
            193,
            385,
            37,
            103,
            360,
            267,
            76,
            398,
            273,
            337,
            372,
            375,
            56,
            216,
            313,
            91,
            251,
            253,
            346,
            319
        ],
        "reviewed": true,
        "user_excluded": [],
        "value": 0.002996939617138936
    },
    "Ar37": {
        "error": 0.013183018342282467,
        "error_type": "SEM",
        "filter_outliers_dict": {
            "filter_outliers": true,
            "iterations": 1,
            "std_devs": 2,
            "use_standard_deviation_filtering": false
        },
        "fit": "Linear",
        "fn": 379,
        "include_baseline_error": false,
        "n": 400,
        "outlier_excluded": [
            258,
            163,
            100,
            260,
            6,
            290,
            357,
            329,
            234,
            203,
            236,
            237,
            110,
            47,
            399,
            113,
            21,
            22,
            278,
            343,
            91
        ],
        "reviewed": true,
        "user_excluded": [],
        "value": 0.009015801189526388
    },
    "Ar38": {
        "error": 0.01023565324153284,
        "error_type": "SEM",
        "filter_outliers_dict": {
            "filter_outliers": true,
            "iterations": 1,
            "std_devs": 2,
            "use_standard_deviation_filtering": false
        },
        "fit": "Linear",
        "fn": 374,
        "include_baseline_error": false,
        "n": 400,
        "outlier_excluded": [
            131,
            132,
            387,
            391,
            136,
            13,
            15,
            275,
            150,
            154,
            163,
            165,
            304,
            178,
            309,
            183,
            63,
            320,
            198,
            201,
            204,
            339,
            355,
            231,
            248,
            382
        ],
        "reviewed": true,
        "user_excluded": [],
        "value": -0.0678889175294658
    },
    "Ar39": {
        "error": 0.020492170110936587,
        "error_type": "SEM",
        "filter_outliers_dict": {
            "filter_outliers": true,
            "iterations": 1,
            "std_devs": 2,
            "use_standard_deviation_filtering": false
        },
        "fit": "Parabolic",
        "fn": 379,
        "include_baseline_error": false,
        "n": 400,
        "outlier_excluded": [
            351,
            352,
            226,
            258,
            292,
            325,
            167,
            11,
            171,
            368,
            83,
            308,
            181,
            340,
            183,
            152,
            27,
            28,
            251,
            381,
            63
        ],
        "reviewed": true,
        "user_excluded": [],
        "value": 11.380944790024618
    },
    "Ar40": {
        "error": 0.01941964103820542,
        "error_type": "SEM",
        "filter_outliers_dict": {
            "filter_outliers": true,
            "iterations": 1,
            "std_devs": 2,
            "use_standard_deviation_filtering": false
        },
        "fit": "Parabolic",
        "fn": 377,
        "include_baseline_error": false,
        "n": 400,
        "outlier_excluded": [
            4,
            138,
            267,
            141,
            398,
            15,
            271,
            147,
            292,
            38,
            295,
            299,
            300,
            176,
            327,
            72,
            334,
            362,
            236,
            237,
            374,
            120,
            382
        ],
        "reviewed": true,
        "user_excluded": [],
        "value": 2.617775698510062
    },
    "Ar41": {
        "error": 0.006102602483099516,
        "error_type": "SEM",
        "filter_outliers_dict": {
            "filter_outliers": true,
            "iterations": 1,
            "std_devs": 2,
            "use_standard_deviation_filtering": false
        },
        "fit": "average",
        "value": -0.05987852457216528
    }
}