{
    "Ar36": {
        "error": 0.0002063786401474678,
        "error_type": "SD",
        "filter_outliers_dict": {
            "filter_outliers": true,
            "iterations": 1,
            "std_devs": 2,
            "use_standard_deviation_filtering": false
        },
        "fit": "Parabolic",
        "fn": 384,
        "include_baseline_error": false,
        "n": 400,
        "outlier_excluded": [
            350,
            194,
            131,
            163,
            137,
            173,
            368,
            274,
            179,
            312,
            282,
            187,
            92,
            189,
            348,
            159
        ],
        "reviewed": true,
        "user_excluded": [],
        "value": 0.00871272511110056
    },
    "Ar37": {
        "error": 0.012973312199251736,
        "error_type": "SD",
        "filter_outliers_dict": {
            "filter_outliers": true,
            "iterations": 1,
            "std_devs": 2,
            "use_standard_deviation_filtering": false
        },
        "fit": "Linear",
        "fn": 381,
        "include_baseline_error": false,
        "n": 400,
        "outlier_excluded": [
            288,
            66,
            354,
            196,
            386,
            7,
            264,
            171,
            12,
            205,
            235,
            236,
            368,
            113,
            212,
            216,
            219,
            157,
            318
        ],
        "reviewed": true,
        "user_excluded": [],
        "value": 0.05277052363106674
    },
    "Ar38": {
        "error": 0.013826390870449998,
        "error_type": "SD",
        "filter_outliers_dict": {
            "filter_outliers": true,
            "iterations": 1,
            "std_devs": 2,
            "use_standard_deviation_filtering": false
        },
        "fit": "Linear",
        "fn": 375,
        "include_baseline_error": false,
        "n": 400,
        "outlier_excluded": [
            384,
            134,
            266,
            268,
            398,
            145,
            26,
            29,
            36,
            165,
            293,
            295,
            46,
            52,
            309,
            201,
            330,
            80,
            218,
            225,
            227,
            367,
            114,
            250,
            127
        ],
        "reviewed": true,
        "user_excluded": [],
        "value": 0.09649766413397104
    },
    "Ar39": {
        "error": 0.010213077613810195,
        "error_type": "SD",
        "filter_outliers_dict": {
            "filter_outliers": true,
            "iterations": 1,
            "std_devs": 2,
            "use_standard_deviation_filtering": false
        },
        "fit": "Parabolic",
        "fn": 383,
        "include_baseline_error": false,
        "n": 400,
        "outlier_excluded": [
            2,
            5,
            39,
            8,
            264,
            141,
            334,
            16,
            273,
            308,
            149,
            247,
            375,
            281,
            348,
            61,
            127
        ],
        "reviewed": true,
        "user_excluded": [],
        "value": 13.464107019342926
    },
    "Ar40": {
        "error": 0.022007580285703942,
        "error_type": "SD",
        "filter_outliers_dict": {
            "filter_outliers": true,
            "iterations": 1,
            "std_devs": 2,
            "use_standard_deviation_filtering": false
        },
        "fit": "Parabolic",
        "fn": 385,
        "include_baseline_error": false,
        "n": 400,
        "outlier_excluded": [
            227,
            323,
            387,
            6,
            390,
            328,
            364,
            110,
            79,
            305,
            84,
            246,
            155,
            285,
            30
        ],
        "reviewed": true,
        "user_excluded": [],
        "value": 6.229055005532974
    },
    "Ar41": {
        "error": 0.14898098127619047,
        "error_type": "SD",
        "filter_outliers_dict": {
            "filter_outliers": false,
            "iterations": 1,
            "std_devs": 1,
            "use_standard_deviation_filtering": false
        },
        "fit": "average_SEM",
        "value": 0.27463498357927163
    }
}