{
    "Ar36": {
        "error": 0.00025674189711935434,
        "error_type": "SD",
        "filter_outliers_dict": {
            "filter_outliers": true,
            "iterations": 1,
            "std_devs": 2,
            "use_standard_deviation_filtering": false
        },
        "fit": "Parabolic",
        "fn": 381,
        "include_baseline_error": false,
        "n": 400,
        "outlier_excluded": [
            224,
            259,
            100,
            261,
            233,
            330,
            268,
            269,
            238,
            367,
            305,
            306,
            179,
            116,
            308,
            375,
            186,
            60,
            380
        ],
        "reviewed": true,
        "user_excluded": [],
        "value": 0.013358737810569656
    },
    "Ar37": {
        "error": 0.012928960157356142,
        "error_type": "SD",
        "filter_outliers_dict": {
            "filter_outliers": true,
            "iterations": 1,
            "std_devs": 2,
            "use_standard_deviation_filtering": false
        },
        "fit": "Linear",
        "fn": 375,
        "include_baseline_error": false,
        "n": 400,
        "outlier_excluded": [
            257,
            138,
            398,
            17,
            19,
            148,
            291,
            165,
            168,
            170,
            179,
            180,
            182,
            188,
            76,
            332,
            216,
            226,
            227,
            359,
            236,
            241,
            374,
            252,
            255
        ],
        "reviewed": true,
        "user_excluded": [],
        "value": 0.007397927801712129
    },
    "Ar38": {
        "error": 0.01591778445761791,
        "error_type": "SD",
        "filter_outliers_dict": {
            "filter_outliers": true,
            "iterations": 1,
            "std_devs": 2,
            "use_standard_deviation_filtering": false
        },
        "fit": "Linear",
        "fn": 382,
        "include_baseline_error": false,
        "n": 400,
        "outlier_excluded": [
            322,
            5,
            102,
            361,
            138,
            75,
            107,
            330,
            80,
            19,
            84,
            374,
            184,
            313,
            250,
            92,
            93,
            125
        ],
        "reviewed": true,
        "user_excluded": [],
        "value": 0.9781966790631011
    },
    "Ar39": {
        "error": 0.016153860423822934,
        "error_type": "SD",
        "filter_outliers_dict": {
            "filter_outliers": true,
            "iterations": 1,
            "std_devs": 2,
            "use_standard_deviation_filtering": false
        },
        "fit": "Parabolic",
        "fn": 384,
        "include_baseline_error": false,
        "n": 400,
        "outlier_excluded": [
            0,
            287,
            352,
            353,
            380,
            167,
            327,
            394,
            77,
            177,
            154,
            155,
            218,
            250,
            286,
            31
        ],
        "reviewed": true,
        "user_excluded": [],
        "value": 79.32482415511814
    },
    "Ar40": {
        "error": 0.02294326435561852,
        "error_type": "SD",
        "filter_outliers_dict": {
            "filter_outliers": true,
            "iterations": 1,
            "std_devs": 2,
            "use_standard_deviation_filtering": false
        },
        "fit": "Parabolic",
        "fn": 384,
        "include_baseline_error": false,
        "n": 400,
        "outlier_excluded": [
            229,
            359,
            328,
            270,
            79,
            143,
            15,
            304,
            336,
            84,
            214,
            119,
            379,
            92,
            380,
            381
        ],
        "reviewed": true,
        "user_excluded": [],
        "value": 17.166404641190653
    },
    "Ar41": {
        "error": 0.1361936615162494,
        "error_type": "SD",
        "filter_outliers_dict": {
            "filter_outliers": false,
            "iterations": 1,
            "std_devs": 1,
            "use_standard_deviation_filtering": false
        },
        "fit": "average_SEM",
        "value": 0.2689894497215937
    }
}