{
    "Ar36": {
        "error": 0.0002011635783616019,
        "error_type": "SD",
        "filter_outliers_dict": {
            "filter_outliers": true,
            "iterations": 1,
            "std_devs": 2,
            "use_standard_deviation_filtering": false
        },
        "fit": "Parabolic",
        "fn": 382,
        "include_baseline_error": false,
        "n": 400,
        "outlier_excluded": [
            0,
            196,
            165,
            261,
            326,
            389,
            11,
            235,
            267,
            16,
            241,
            338,
            147,
            308,
            369,
            151,
            153,
            286
        ],
        "reviewed": true,
        "user_excluded": [],
        "value": 0.00734014810145112
    },
    "Ar37": {
        "error": 0.013530779635158734,
        "error_type": "SD",
        "filter_outliers_dict": {
            "filter_outliers": true,
            "iterations": 1,
            "std_devs": 2,
            "use_standard_deviation_filtering": false
        },
        "fit": "Linear",
        "fn": 382,
        "include_baseline_error": false,
        "n": 400,
        "outlier_excluded": [
            96,
            195,
            36,
            100,
            228,
            324,
            168,
            390,
            267,
            140,
            14,
            366,
            112,
            242,
            52,
            279,
            88,
            351
        ],
        "reviewed": true,
        "user_excluded": [],
        "value": 0.057470035005439686
    },
    "Ar38": {
        "error": 0.010392003144677548,
        "error_type": "SD",
        "filter_outliers_dict": {
            "filter_outliers": true,
            "iterations": 1,
            "std_devs": 2,
            "use_standard_deviation_filtering": false
        },
        "fit": "Linear",
        "fn": 376,
        "include_baseline_error": false,
        "n": 400,
        "outlier_excluded": [
            256,
            263,
            391,
            394,
            395,
            144,
            29,
            168,
            169,
            170,
            45,
            303,
            305,
            55,
            186,
            60,
            326,
            204,
            336,
            219,
            357,
            106,
            373,
            377
        ],
        "reviewed": true,
        "user_excluded": [],
        "value": 0.02455676351419121
    },
    "Ar39": {
        "error": 0.009710458757012203,
        "error_type": "SD",
        "filter_outliers_dict": {
            "filter_outliers": true,
            "iterations": 1,
            "std_devs": 2,
            "use_standard_deviation_filtering": false
        },
        "fit": "Parabolic",
        "fn": 380,
        "include_baseline_error": false,
        "n": 400,
        "outlier_excluded": [
            290,
            103,
            296,
            361,
            300,
            141,
            398,
            272,
            178,
            306,
            84,
            180,
            278,
            119,
            217,
            219,
            316,
            347,
            381,
            255
        ],
        "reviewed": true,
        "user_excluded": [],
        "value": 7.2273450519636775
    },
    "Ar40": {
        "error": 0.022247033984600723,
        "error_type": "SD",
        "filter_outliers_dict": {
            "filter_outliers": true,
            "iterations": 1,
            "std_devs": 2,
            "use_standard_deviation_filtering": false
        },
        "fit": "Parabolic",
        "fn": 385,
        "include_baseline_error": false,
        "n": 400,
        "outlier_excluded": [
            32,
            384,
            5,
            6,
            262,
            72,
            105,
            295,
            237,
            270,
            207,
            177,
            54,
            215,
            91
        ],
        "reviewed": true,
        "user_excluded": [],
        "value": 3.353140766017225
    },
    "Ar41": {
        "error": 0.15746660109028188,
        "error_type": "SD",
        "filter_outliers_dict": {
            "filter_outliers": false,
            "iterations": 1,
            "std_devs": 1,
            "use_standard_deviation_filtering": false
        },
        "fit": "average_SEM",
        "value": 0.27685400299480534
    }
}