{
    "Ar36": {
        "error": 0.00022276354580332694,
        "error_type": "SD",
        "filter_outliers_dict": {
            "filter_outliers": true,
            "iterations": 1,
            "std_devs": 2,
            "use_standard_deviation_filtering": false
        },
        "fit": "Parabolic",
        "fn": 384,
        "include_baseline_error": false,
        "n": 400,
        "outlier_excluded": [
            1,
            226,
            388,
            359,
            232,
            41,
            169,
            299,
            13,
            333,
            244,
            181,
            245,
            312,
            347,
            318
        ],
        "reviewed": true,
        "user_excluded": [],
        "value": 0.007679634446814323
    },
    "Ar37": {
        "error": 0.012858821342173372,
        "error_type": "SD",
        "filter_outliers_dict": {
            "filter_outliers": true,
            "iterations": 1,
            "std_devs": 2,
            "use_standard_deviation_filtering": false
        },
        "fit": "Linear",
        "fn": 384,
        "include_baseline_error": false,
        "n": 400,
        "outlier_excluded": [
            385,
            386,
            299,
            13,
            109,
            301,
            304,
            177,
            146,
            276,
            118,
            90,
            59,
            283,
            94,
            383
        ],
        "reviewed": true,
        "user_excluded": [],
        "value": 0.04557088468884575
    },
    "Ar38": {
        "error": 0.010260769507318338,
        "error_type": "SD",
        "filter_outliers_dict": {
            "filter_outliers": true,
            "iterations": 1,
            "std_devs": 2,
            "use_standard_deviation_filtering": false
        },
        "fit": "Linear",
        "fn": 372,
        "include_baseline_error": false,
        "n": 400,
        "outlier_excluded": [
            256,
            135,
            263,
            137,
            16,
            155,
            289,
            43,
            303,
            176,
            55,
            311,
            186,
            60,
            196,
            333,
            335,
            211,
            84,
            341,
            91,
            229,
            230,
            231,
            108,
            369,
            374,
            251
        ],
        "reviewed": true,
        "user_excluded": [],
        "value": 0.05229481804462473
    },
    "Ar39": {
        "error": 0.009957501787784297,
        "error_type": "SD",
        "filter_outliers_dict": {
            "filter_outliers": true,
            "iterations": 1,
            "std_devs": 2,
            "use_standard_deviation_filtering": false
        },
        "fit": "Parabolic",
        "fn": 380,
        "include_baseline_error": false,
        "n": 400,
        "outlier_excluded": [
            255,
            352,
            3,
            291,
            37,
            387,
            392,
            233,
            265,
            81,
            50,
            149,
            214,
            278,
            152,
            57,
            282,
            27,
            254,
            223
        ],
        "reviewed": true,
        "user_excluded": [],
        "value": 9.747698787728167
    },
    "Ar40": {
        "error": 0.021481253621324525,
        "error_type": "SD",
        "filter_outliers_dict": {
            "filter_outliers": true,
            "iterations": 1,
            "std_devs": 2,
            "use_standard_deviation_filtering": false
        },
        "fit": "Parabolic",
        "fn": 383,
        "include_baseline_error": false,
        "n": 400,
        "outlier_excluded": [
            131,
            291,
            323,
            262,
            263,
            326,
            355,
            10,
            108,
            398,
            209,
            241,
            83,
            340,
            121,
            155,
            349
        ],
        "reviewed": true,
        "user_excluded": [],
        "value": 4.154347085395322
    },
    "Ar41": {
        "error": 0.16042915935729876,
        "error_type": "SD",
        "filter_outliers_dict": {
            "filter_outliers": false,
            "iterations": 1,
            "std_devs": 1,
            "use_standard_deviation_filtering": false
        },
        "fit": "average_SEM",
        "value": 0.282671012445353
    }
}