{
    "Ar36": {
        "error": 0.00019282247998055562,
        "error_type": "SD",
        "filter_outliers_dict": {
            "filter_outliers": true,
            "iterations": 1,
            "std_devs": 2,
            "use_standard_deviation_filtering": false
        },
        "fit": "Parabolic",
        "fn": 378,
        "include_baseline_error": false,
        "n": 400,
        "outlier_excluded": [
            9,
            140,
            272,
            149,
            156,
            159,
            51,
            310,
            189,
            322,
            69,
            203,
            208,
            211,
            216,
            346,
            94,
            96,
            352,
            119,
            381,
            254
        ],
        "reviewed": true,
        "user_excluded": [],
        "value": 0.006751531326685662
    },
    "Ar37": {
        "error": 0.012374592609881661,
        "error_type": "SD",
        "filter_outliers_dict": {
            "filter_outliers": true,
            "iterations": 1,
            "std_devs": 2,
            "use_standard_deviation_filtering": false
        },
        "fit": "Linear",
        "fn": 384,
        "include_baseline_error": false,
        "n": 400,
        "outlier_excluded": [
            354,
            103,
            39,
            12,
            108,
            236,
            207,
            208,
            369,
            211,
            308,
            373,
            57,
            59,
            92,
            155
        ],
        "reviewed": true,
        "user_excluded": [],
        "value": 0.06493340674055811
    },
    "Ar38": {
        "error": 0.0135028441000788,
        "error_type": "SD",
        "filter_outliers_dict": {
            "filter_outliers": true,
            "iterations": 1,
            "std_devs": 2,
            "use_standard_deviation_filtering": false
        },
        "fit": "Linear",
        "fn": 375,
        "include_baseline_error": false,
        "n": 400,
        "outlier_excluded": [
            5,
            390,
            140,
            18,
            275,
            27,
            163,
            38,
            297,
            172,
            302,
            311,
            188,
            71,
            344,
            93,
            354,
            227,
            234,
            238,
            367,
            368,
            117,
            121,
            378
        ],
        "reviewed": true,
        "user_excluded": [],
        "value": 0.1346267032590956
    },
    "Ar39": {
        "error": 0.010760113010955134,
        "error_type": "SD",
        "filter_outliers_dict": {
            "filter_outliers": true,
            "iterations": 1,
            "std_devs": 2,
            "use_standard_deviation_filtering": false
        },
        "fit": "Parabolic",
        "fn": 382,
        "include_baseline_error": false,
        "n": 400,
        "outlier_excluded": [
            224,
            66,
            323,
            165,
            38,
            71,
            390,
            10,
            106,
            299,
            142,
            177,
            372,
            277,
            313,
            156,
            93,
            381
        ],
        "reviewed": true,
        "user_excluded": [],
        "value": 15.740605709743058
    },
    "Ar40": {
        "error": 0.02342497069558141,
        "error_type": "SD",
        "filter_outliers_dict": {
            "filter_outliers": true,
            "iterations": 1,
            "std_devs": 2,
            "use_standard_deviation_filtering": false
        },
        "fit": "Parabolic",
        "fn": 381,
        "include_baseline_error": false,
        "n": 400,
        "outlier_excluded": [
            131,
            68,
            37,
            132,
            164,
            294,
            326,
            355,
            356,
            389,
            14,
            341,
            151,
            57,
            121,
            377,
            380,
            125,
            381
        ],
        "reviewed": true,
        "user_excluded": [],
        "value": 36.327955303012
    },
    "Ar41": {
        "error": 0.15878682718462747,
        "error_type": "SD",
        "filter_outliers_dict": {
            "filter_outliers": false,
            "iterations": 1,
            "std_devs": 1,
            "use_standard_deviation_filtering": false
        },
        "fit": "average_SEM",
        "value": 0.2654809275209118
    }
}