{
    "Ar36": {
        "error": 0.00018566371295482858,
        "error_type": "SD",
        "filter_outliers_dict": {
            "filter_outliers": true,
            "iterations": 1,
            "std_devs": 2,
            "use_standard_deviation_filtering": false
        },
        "fit": "Parabolic",
        "fn": 377,
        "include_baseline_error": false,
        "n": 400,
        "outlier_excluded": [
            130,
            260,
            133,
            140,
            25,
            281,
            286,
            30,
            292,
            296,
            178,
            52,
            191,
            195,
            210,
            212,
            347,
            220,
            355,
            231,
            360,
            235,
            251
        ],
        "reviewed": true,
        "user_excluded": [],
        "value": 0.006990409913865986
    },
    "Ar37": {
        "error": 0.012613950076137298,
        "error_type": "SD",
        "filter_outliers_dict": {
            "filter_outliers": true,
            "iterations": 1,
            "std_devs": 2,
            "use_standard_deviation_filtering": false
        },
        "fit": "Linear",
        "fn": 382,
        "include_baseline_error": false,
        "n": 400,
        "outlier_excluded": [
            64,
            257,
            318,
            320,
            353,
            262,
            295,
            171,
            14,
            302,
            116,
            21,
            245,
            88,
            152,
            283,
            158,
            190
        ],
        "reviewed": true,
        "user_excluded": [],
        "value": 0.08943466453886223
    },
    "Ar38": {
        "error": 0.014353914332201229,
        "error_type": "SD",
        "filter_outliers_dict": {
            "filter_outliers": true,
            "iterations": 1,
            "std_devs": 2,
            "use_standard_deviation_filtering": false
        },
        "fit": "Linear",
        "fn": 382,
        "include_baseline_error": false,
        "n": 400,
        "outlier_excluded": [
            65,
            36,
            164,
            229,
            39,
            260,
            393,
            395,
            44,
            174,
            207,
            144,
            179,
            309,
            217,
            284,
            94,
            191
        ],
        "reviewed": true,
        "user_excluded": [],
        "value": 0.1631145448889333
    },
    "Ar39": {
        "error": 0.010464702790811483,
        "error_type": "SD",
        "filter_outliers_dict": {
            "filter_outliers": true,
            "iterations": 1,
            "std_devs": 2,
            "use_standard_deviation_filtering": false
        },
        "fit": "Parabolic",
        "fn": 386,
        "include_baseline_error": false,
        "n": 400,
        "outlier_excluded": [
            192,
            353,
            263,
            73,
            17,
            337,
            149,
            87,
            24,
            57,
            23,
            88,
            250,
            284
        ],
        "reviewed": true,
        "user_excluded": [],
        "value": 17.781337032657508
    },
    "Ar40": {
        "error": 0.021615538933124928,
        "error_type": "SD",
        "filter_outliers_dict": {
            "filter_outliers": true,
            "iterations": 1,
            "std_devs": 2,
            "use_standard_deviation_filtering": false
        },
        "fit": "Parabolic",
        "fn": 381,
        "include_baseline_error": false,
        "n": 400,
        "outlier_excluded": [
            128,
            99,
            164,
            260,
            361,
            330,
            13,
            14,
            399,
            368,
            113,
            242,
            371,
            180,
            183,
            25,
            378,
            283,
            94
        ],
        "reviewed": true,
        "user_excluded": [],
        "value": 4.724974577360222
    },
    "Ar41": {
        "error": 0.15851963343652975,
        "error_type": "SD",
        "filter_outliers_dict": {
            "filter_outliers": false,
            "iterations": 1,
            "std_devs": 1,
            "use_standard_deviation_filtering": false
        },
        "fit": "average_SEM",
        "value": 0.28307326456648296
    }
}