{
    "Ar36": {
        "error": 0.00022474903791180932,
        "error_type": "SD",
        "filter_outliers_dict": {
            "filter_outliers": true,
            "iterations": 1,
            "std_devs": 2,
            "use_standard_deviation_filtering": false
        },
        "fit": "Parabolic",
        "fn": 377,
        "include_baseline_error": false,
        "n": 400,
        "outlier_excluded": [
            0,
            132,
            137,
            142,
            289,
            297,
            50,
            180,
            308,
            310,
            56,
            312,
            199,
            211,
            355,
            360,
            363,
            112,
            241,
            243,
            379,
            254,
            383
        ],
        "reviewed": true,
        "user_excluded": [],
        "value": 0.008843435971706764
    },
    "Ar37": {
        "error": 0.01300262768058974,
        "error_type": "SD",
        "filter_outliers_dict": {
            "filter_outliers": true,
            "iterations": 1,
            "std_devs": 2,
            "use_standard_deviation_filtering": false
        },
        "fit": "Linear",
        "fn": 383,
        "include_baseline_error": false,
        "n": 400,
        "outlier_excluded": [
            320,
            322,
            227,
            132,
            260,
            230,
            325,
            365,
            302,
            143,
            399,
            17,
            118,
            375,
            90,
            219,
            283
        ],
        "reviewed": true,
        "user_excluded": [],
        "value": 0.05769879170233513
    },
    "Ar38": {
        "error": 0.015625956906822978,
        "error_type": "SD",
        "filter_outliers_dict": {
            "filter_outliers": true,
            "iterations": 1,
            "std_devs": 2,
            "use_standard_deviation_filtering": false
        },
        "fit": "Linear",
        "fn": 386,
        "include_baseline_error": false,
        "n": 400,
        "outlier_excluded": [
            255,
            225,
            132,
            38,
            202,
            394,
            44,
            332,
            214,
            184,
            122,
            123,
            250,
            191
        ],
        "reviewed": true,
        "user_excluded": [],
        "value": 0.18175400665056274
    },
    "Ar39": {
        "error": 0.010071153859756873,
        "error_type": "SD",
        "filter_outliers_dict": {
            "filter_outliers": true,
            "iterations": 1,
            "std_devs": 2,
            "use_standard_deviation_filtering": false
        },
        "fit": "Parabolic",
        "fn": 383,
        "include_baseline_error": false,
        "n": 400,
        "outlier_excluded": [
            256,
            161,
            289,
            354,
            103,
            41,
            109,
            174,
            205,
            239,
            334,
            335,
            307,
            399,
            245,
            88,
            286
        ],
        "reviewed": true,
        "user_excluded": [],
        "value": 19.163095666305864
    },
    "Ar40": {
        "error": 0.022068836448086333,
        "error_type": "SD",
        "filter_outliers_dict": {
            "filter_outliers": true,
            "iterations": 1,
            "std_devs": 2,
            "use_standard_deviation_filtering": false
        },
        "fit": "Parabolic",
        "fn": 382,
        "include_baseline_error": false,
        "n": 400,
        "outlier_excluded": [
            128,
            255,
            349,
            99,
            4,
            357,
            386,
            390,
            76,
            238,
            80,
            276,
            373,
            281,
            252,
            29,
            94,
            93
        ],
        "reviewed": true,
        "user_excluded": [],
        "value": 6.1703886831069905
    },
    "Ar41": {
        "error": 0.14710283714795527,
        "error_type": "SD",
        "filter_outliers_dict": {
            "filter_outliers": false,
            "iterations": 1,
            "std_devs": 1,
            "use_standard_deviation_filtering": false
        },
        "fit": "average_SEM",
        "value": 0.2660717678029323
    }
}