{
    "Ar36": {
        "error": 0.00018110916725247672,
        "error_type": "SD",
        "filter_outliers_dict": {
            "filter_outliers": true,
            "iterations": 1,
            "std_devs": 2,
            "use_standard_deviation_filtering": false
        },
        "fit": "Parabolic",
        "fn": 381,
        "include_baseline_error": false,
        "n": 400,
        "outlier_excluded": [
            0,
            383,
            260,
            356,
            296,
            42,
            363,
            140,
            333,
            14,
            399,
            145,
            341,
            150,
            215,
            311,
            376,
            350,
            255
        ],
        "reviewed": true,
        "user_excluded": [],
        "value": 0.00619022682874742
    },
    "Ar37": {
        "error": 0.01352908944236868,
        "error_type": "SD",
        "filter_outliers_dict": {
            "filter_outliers": true,
            "iterations": 1,
            "std_devs": 2,
            "use_standard_deviation_filtering": false
        },
        "fit": "Linear",
        "fn": 381,
        "include_baseline_error": false,
        "n": 400,
        "outlier_excluded": [
            349,
            261,
            358,
            395,
            396,
            397,
            334,
            48,
            338,
            278,
            215,
            152,
            89,
            314,
            251,
            343,
            61,
            189,
            348
        ],
        "reviewed": true,
        "user_excluded": [],
        "value": 0.07016986676992612
    },
    "Ar38": {
        "error": 0.010483539624938852,
        "error_type": "SD",
        "filter_outliers_dict": {
            "filter_outliers": true,
            "iterations": 1,
            "std_devs": 2,
            "use_standard_deviation_filtering": false
        },
        "fit": "Linear",
        "fn": 376,
        "include_baseline_error": false,
        "n": 400,
        "outlier_excluded": [
            3,
            261,
            285,
            31,
            160,
            288,
            162,
            36,
            49,
            305,
            308,
            55,
            58,
            190,
            69,
            327,
            202,
            75,
            348,
            96,
            104,
            240,
            244,
            372
        ],
        "reviewed": true,
        "user_excluded": [],
        "value": 0.013977356723376624
    },
    "Ar39": {
        "error": 0.009567413975145832,
        "error_type": "SD",
        "filter_outliers_dict": {
            "filter_outliers": true,
            "iterations": 1,
            "std_devs": 2,
            "use_standard_deviation_filtering": false
        },
        "fit": "Parabolic",
        "fn": 383,
        "include_baseline_error": false,
        "n": 400,
        "outlier_excluded": [
            96,
            160,
            384,
            68,
            133,
            390,
            139,
            79,
            145,
            180,
            119,
            312,
            25,
            153,
            344,
            378,
            286
        ],
        "reviewed": true,
        "user_excluded": [],
        "value": 5.958662422366498
    },
    "Ar40": {
        "error": 0.02185503281552096,
        "error_type": "SD",
        "filter_outliers_dict": {
            "filter_outliers": true,
            "iterations": 1,
            "std_devs": 2,
            "use_standard_deviation_filtering": false
        },
        "fit": "Parabolic",
        "fn": 385,
        "include_baseline_error": false,
        "n": 400,
        "outlier_excluded": [
            320,
            384,
            196,
            389,
            169,
            42,
            106,
            233,
            304,
            274,
            117,
            376,
            25,
            123,
            283
        ],
        "reviewed": true,
        "user_excluded": [],
        "value": 2.735009642864524
    },
    "Ar41": {
        "error": 0.15966417452222656,
        "error_type": "SD",
        "filter_outliers_dict": {
            "filter_outliers": false,
            "iterations": 1,
            "std_devs": 1,
            "use_standard_deviation_filtering": false
        },
        "fit": "average_SEM",
        "value": 0.27709158774261594
    }
}