{
    "Ar36": {
        "error": 0.00020254903871097185,
        "error_type": "SD",
        "filter_outliers_dict": {
            "filter_outliers": true,
            "iterations": 1,
            "std_devs": 2,
            "use_standard_deviation_filtering": false
        },
        "fit": "Parabolic",
        "fn": 379,
        "include_baseline_error": false,
        "n": 400,
        "outlier_excluded": [
            255,
            1,
            226,
            67,
            132,
            257,
            261,
            387,
            136,
            202,
            299,
            362,
            205,
            399,
            85,
            343,
            312,
            281,
            347,
            379,
            159
        ],
        "reviewed": true,
        "user_excluded": [],
        "value": 0.0075646736055065816
    },
    "Ar37": {
        "error": 0.013328888822289376,
        "error_type": "SD",
        "filter_outliers_dict": {
            "filter_outliers": true,
            "iterations": 1,
            "std_devs": 2,
            "use_standard_deviation_filtering": false
        },
        "fit": "Linear",
        "fn": 381,
        "include_baseline_error": false,
        "n": 400,
        "outlier_excluded": [
            96,
            193,
            194,
            226,
            259,
            37,
            230,
            352,
            40,
            200,
            74,
            233,
            44,
            397,
            48,
            272,
            86,
            183,
            186
        ],
        "reviewed": true,
        "user_excluded": [],
        "value": 0.042486331150238386
    },
    "Ar38": {
        "error": 0.012582880031596612,
        "error_type": "SD",
        "filter_outliers_dict": {
            "filter_outliers": true,
            "iterations": 1,
            "std_devs": 2,
            "use_standard_deviation_filtering": false
        },
        "fit": "Linear",
        "fn": 372,
        "include_baseline_error": false,
        "n": 400,
        "outlier_excluded": [
            274,
            148,
            32,
            37,
            44,
            308,
            54,
            312,
            315,
            188,
            61,
            62,
            192,
            200,
            85,
            346,
            97,
            225,
            227,
            354,
            102,
            359,
            104,
            361,
            237,
            114,
            122,
            252
        ],
        "reviewed": true,
        "user_excluded": [],
        "value": 0.14021941717792916
    },
    "Ar39": {
        "error": 0.010891534857642847,
        "error_type": "SD",
        "filter_outliers_dict": {
            "filter_outliers": true,
            "iterations": 1,
            "std_devs": 2,
            "use_standard_deviation_filtering": false
        },
        "fit": "Parabolic",
        "fn": 388,
        "include_baseline_error": false,
        "n": 400,
        "outlier_excluded": [
            129,
            130,
            132,
            39,
            235,
            142,
            17,
            177,
            20,
            244,
            277,
            28
        ],
        "reviewed": true,
        "user_excluded": [],
        "value": 12.509615601256158
    },
    "Ar40": {
        "error": 0.02052731720066789,
        "error_type": "SD",
        "filter_outliers_dict": {
            "filter_outliers": true,
            "iterations": 1,
            "std_devs": 2,
            "use_standard_deviation_filtering": false
        },
        "fit": "Parabolic",
        "fn": 383,
        "include_baseline_error": false,
        "n": 400,
        "outlier_excluded": [
            1,
            3,
            228,
            7,
            295,
            361,
            268,
            242,
            275,
            119,
            215,
            26,
            218,
            252,
            93,
            283,
            316
        ],
        "reviewed": true,
        "user_excluded": [],
        "value": 4.397775974729397
    },
    "Ar41": {
        "error": 0.15362016008914955,
        "error_type": "SD",
        "filter_outliers_dict": {
            "filter_outliers": false,
            "iterations": 1,
            "std_devs": 1,
            "use_standard_deviation_filtering": false
        },
        "fit": "average_SEM",
        "value": 0.26998144526034595
    }
}