{
    "Ar36": {
        "error": 0.0002045763296618331,
        "error_type": "SD",
        "filter_outliers_dict": {
            "filter_outliers": true,
            "iterations": 1,
            "std_devs": 2,
            "use_standard_deviation_filtering": false
        },
        "fit": "Parabolic",
        "fn": 380,
        "include_baseline_error": false,
        "n": 400,
        "outlier_excluded": [
            353,
            385,
            387,
            357,
            360,
            236,
            205,
            79,
            207,
            239,
            18,
            50,
            147,
            277,
            306,
            279,
            152,
            309,
            370,
            222
        ],
        "reviewed": true,
        "user_excluded": [],
        "value": 0.007545733784882424
    },
    "Ar37": {
        "error": 0.012701437866310164,
        "error_type": "SD",
        "filter_outliers_dict": {
            "filter_outliers": true,
            "iterations": 1,
            "std_devs": 2,
            "use_standard_deviation_filtering": false
        },
        "fit": "Linear",
        "fn": 388,
        "include_baseline_error": false,
        "n": 400,
        "outlier_excluded": [
            129,
            165,
            171,
            204,
            364,
            17,
            180,
            244,
            340,
            220,
            382,
            191
        ],
        "reviewed": true,
        "user_excluded": [],
        "value": 0.08435724793247323
    },
    "Ar38": {
        "error": 0.012551716890480053,
        "error_type": "SD",
        "filter_outliers_dict": {
            "filter_outliers": true,
            "iterations": 1,
            "std_devs": 2,
            "use_standard_deviation_filtering": false
        },
        "fit": "Linear",
        "fn": 372,
        "include_baseline_error": false,
        "n": 400,
        "outlier_excluded": [
            393,
            268,
            14,
            271,
            144,
            273,
            146,
            292,
            299,
            173,
            174,
            176,
            58,
            315,
            63,
            69,
            197,
            74,
            75,
            204,
            216,
            351,
            360,
            235,
            240,
            114,
            116,
            382
        ],
        "reviewed": true,
        "user_excluded": [],
        "value": 0.08111021884078785
    },
    "Ar39": {
        "error": 0.010404077997210423,
        "error_type": "SD",
        "filter_outliers_dict": {
            "filter_outliers": true,
            "iterations": 1,
            "std_devs": 2,
            "use_standard_deviation_filtering": false
        },
        "fit": "Parabolic",
        "fn": 387,
        "include_baseline_error": false,
        "n": 400,
        "outlier_excluded": [
            32,
            353,
            196,
            72,
            41,
            42,
            299,
            329,
            365,
            303,
            309,
            155,
            315
        ],
        "reviewed": true,
        "user_excluded": [],
        "value": 10.959040581848488
    },
    "Ar40": {
        "error": 0.020537418209200416,
        "error_type": "SD",
        "filter_outliers_dict": {
            "filter_outliers": true,
            "iterations": 1,
            "std_devs": 2,
            "use_standard_deviation_filtering": false
        },
        "fit": "Parabolic",
        "fn": 381,
        "include_baseline_error": false,
        "n": 400,
        "outlier_excluded": [
            224,
            382,
            69,
            166,
            389,
            299,
            76,
            332,
            14,
            206,
            365,
            49,
            213,
            150,
            246,
            25,
            314,
            94,
            126
        ],
        "reviewed": true,
        "user_excluded": [],
        "value": 5.067641544691744
    },
    "Ar41": {
        "error": 0.1483218883609518,
        "error_type": "SD",
        "filter_outliers_dict": {
            "filter_outliers": false,
            "iterations": 1,
            "std_devs": 1,
            "use_standard_deviation_filtering": false
        },
        "fit": "average_SEM",
        "value": 0.2602784202597104
    }
}