{
    "Ar36": {
        "error": 0.00012264095308916155,
        "error_type": "SEM",
        "filter_outliers_dict": {
            "filter_outliers": true,
            "iterations": 1,
            "std_devs": 2,
            "use_standard_deviation_filtering": false
        },
        "fit": "Parabolic",
        "fn": 566,
        "include_baseline_error": false,
        "n": 600,
        "outlier_excluded": [
            257,
            389,
            265,
            395,
            405,
            283,
            412,
            542,
            287,
            303,
            304,
            311,
            569,
            571,
            576,
            450,
            452,
            331,
            460,
            467,
            347,
            348,
            222,
            351,
            478,
            481,
            359,
            489,
            238,
            495,
            501,
            251,
            510,
            511
        ],
        "reviewed": true,
        "user_excluded": [],
        "value": 0.0035214438359326074
    },
    "Ar37": {
        "error": 0.009519468445141325,
        "error_type": "SEM",
        "filter_outliers_dict": {
            "filter_outliers": true,
            "iterations": 1,
            "std_devs": 2,
            "use_standard_deviation_filtering": false
        },
        "fit": "Linear",
        "fn": 573,
        "include_baseline_error": false,
        "n": 600,
        "outlier_excluded": [
            8,
            137,
            10,
            271,
            405,
            547,
            549,
            423,
            433,
            565,
            312,
            186,
            61,
            63,
            578,
            585,
            330,
            341,
            214,
            598,
            473,
            96,
            480,
            109,
            497,
            374,
            255
        ],
        "reviewed": true,
        "user_excluded": [],
        "value": 0.025982142768590306
    },
    "Ar38": {
        "error": 0.009460516238990148,
        "error_type": "SEM",
        "filter_outliers_dict": {
            "filter_outliers": true,
            "iterations": 1,
            "std_devs": 2,
            "use_standard_deviation_filtering": false
        },
        "fit": "Linear",
        "fn": 561,
        "include_baseline_error": false,
        "n": 600,
        "outlier_excluded": [
            256,
            129,
            258,
            4,
            9,
            400,
            148,
            412,
            35,
            421,
            427,
            44,
            173,
            301,
            302,
            303,
            304,
            431,
            432,
            562,
            437,
            441,
            444,
            189,
            449,
            585,
            215,
            350,
            229,
            108,
            493,
            367,
            496,
            369,
            500,
            501,
            246,
            122,
            126
        ],
        "reviewed": true,
        "user_excluded": [],
        "value": -0.04734343771747546
    },
    "Ar39": {
        "error": 0.014810516342077008,
        "error_type": "SEM",
        "filter_outliers_dict": {
            "filter_outliers": true,
            "iterations": 1,
            "std_devs": 2,
            "use_standard_deviation_filtering": false
        },
        "fit": "Parabolic",
        "fn": 574,
        "include_baseline_error": false,
        "n": 600,
        "outlier_excluded": [
            2,
            388,
            261,
            273,
            531,
            152,
            156,
            413,
            164,
            39,
            299,
            45,
            302,
            303,
            304,
            559,
            183,
            569,
            442,
            443,
            574,
            575,
            320,
            207,
            598,
            102
        ],
        "reviewed": true,
        "user_excluded": [],
        "value": 13.174845478656469
    },
    "Ar40": {
        "error": 0.01577132380146459,
        "error_type": "SEM",
        "filter_outliers_dict": {
            "filter_outliers": true,
            "iterations": 1,
            "std_devs": 2,
            "use_standard_deviation_filtering": false
        },
        "fit": "Parabolic",
        "fn": 564,
        "include_baseline_error": false,
        "n": 600,
        "outlier_excluded": [
            390,
            139,
            400,
            401,
            24,
            409,
            410,
            540,
            541,
            543,
            41,
            557,
            178,
            563,
            436,
            312,
            313,
            314,
            67,
            580,
            582,
            327,
            333,
            593,
            595,
            84,
            213,
            468,
            94,
            95,
            478,
            481,
            493,
            374,
            251,
            381
        ],
        "reviewed": true,
        "user_excluded": [],
        "value": 2.936667598578981
    },
    "Ar41": {
        "error": 0.00461819726925048,
        "error_type": "SEM",
        "filter_outliers_dict": {
            "filter_outliers": true,
            "iterations": 1,
            "std_devs": 2,
            "use_standard_deviation_filtering": false
        },
        "fit": "average",
        "value": 0.20783664178732789
    }
}