{
    "Ar36": {
        "error": 0.00016102234124186292,
        "error_type": "SEM",
        "filter_outliers_dict": {
            "filter_outliers": true,
            "iterations": 1,
            "std_devs": 2,
            "use_standard_deviation_filtering": false
        },
        "fit": "Parabolic",
        "fn": 570,
        "include_baseline_error": false,
        "n": 600,
        "outlier_excluded": [
            513,
            263,
            391,
            394,
            527,
            400,
            528,
            540,
            286,
            166,
            563,
            441,
            574,
            447,
            579,
            454,
            582,
            201,
            587,
            589,
            592,
            351,
            357,
            359,
            233,
            243,
            374,
            376,
            253,
            255
        ],
        "reviewed": true,
        "user_excluded": [],
        "value": 0.0052670582052194185
    },
    "Ar37": {
        "error": 0.009435956717812005,
        "error_type": "SEM",
        "filter_outliers_dict": {
            "filter_outliers": true,
            "iterations": 1,
            "std_devs": 2,
            "use_standard_deviation_filtering": false
        },
        "fit": "Linear",
        "fn": 567,
        "include_baseline_error": false,
        "n": 600,
        "outlier_excluded": [
            4,
            395,
            404,
            278,
            280,
            409,
            540,
            287,
            171,
            45,
            434,
            52,
            566,
            312,
            443,
            188,
            574,
            323,
            324,
            201,
            458,
            461,
            210,
            596,
            89,
            483,
            104,
            239,
            112,
            240,
            241,
            115,
            242
        ],
        "reviewed": true,
        "user_excluded": [],
        "value": 0.020636948009478448
    },
    "Ar38": {
        "error": 0.012081243677399073,
        "error_type": "SEM",
        "filter_outliers_dict": {
            "filter_outliers": true,
            "iterations": 1,
            "std_devs": 2,
            "use_standard_deviation_filtering": false
        },
        "fit": "Linear",
        "fn": 572,
        "include_baseline_error": false,
        "n": 600,
        "outlier_excluded": [
            8,
            268,
            400,
            22,
            535,
            156,
            547,
            170,
            300,
            187,
            65,
            455,
            80,
            208,
            594,
            599,
            349,
            479,
            352,
            229,
            108,
            368,
            113,
            370,
            498,
            372,
            510,
            127
        ],
        "reviewed": true,
        "user_excluded": [],
        "value": 0.053897561972182775
    },
    "Ar39": {
        "error": 0.01644402948510751,
        "error_type": "SEM",
        "filter_outliers_dict": {
            "filter_outliers": true,
            "iterations": 1,
            "std_devs": 2,
            "use_standard_deviation_filtering": false
        },
        "fit": "Parabolic",
        "fn": 572,
        "include_baseline_error": false,
        "n": 600,
        "outlier_excluded": [
            513,
            2,
            387,
            388,
            395,
            404,
            407,
            24,
            287,
            290,
            169,
            174,
            434,
            58,
            446,
            67,
            325,
            198,
            203,
            334,
            595,
            213,
            214,
            599,
            113,
            115,
            116,
            511
        ],
        "reviewed": true,
        "user_excluded": [],
        "value": 19.56002210587107
    },
    "Ar40": {
        "error": 0.018976775740406047,
        "error_type": "SEM",
        "filter_outliers_dict": {
            "filter_outliers": true,
            "iterations": 1,
            "std_devs": 2,
            "use_standard_deviation_filtering": false
        },
        "fit": "Parabolic",
        "fn": 579,
        "include_baseline_error": false,
        "n": 600,
        "outlier_excluded": [
            162,
            419,
            388,
            5,
            454,
            263,
            360,
            392,
            424,
            489,
            396,
            77,
            46,
            492,
            113,
            212,
            566,
            279,
            314,
            157,
            319
        ],
        "reviewed": true,
        "user_excluded": [],
        "value": 4.68664083456798
    },
    "Ar41": {
        "error": 0.00442124544819537,
        "error_type": "SEM",
        "filter_outliers_dict": {
            "filter_outliers": true,
            "iterations": 1,
            "std_devs": 2,
            "use_standard_deviation_filtering": false
        },
        "fit": "average",
        "value": 0.21050258131017696
    }
}