{
    "Ar36": {
        "error": 0.00015891066634558947,
        "error_type": "SEM",
        "filter_outliers_dict": {
            "filter_outliers": true,
            "iterations": 1,
            "std_devs": 2,
            "use_standard_deviation_filtering": false
        },
        "fit": "Parabolic",
        "fn": 570,
        "include_baseline_error": false,
        "n": 600,
        "outlier_excluded": [
            0,
            132,
            519,
            393,
            269,
            397,
            529,
            147,
            536,
            287,
            420,
            294,
            167,
            168,
            557,
            571,
            574,
            457,
            465,
            597,
            217,
            473,
            219,
            477,
            479,
            230,
            233,
            362,
            366,
            247
        ],
        "reviewed": true,
        "user_excluded": [],
        "value": 0.007384395599109706
    },
    "Ar37": {
        "error": 0.010282557121664343,
        "error_type": "SEM",
        "filter_outliers_dict": {
            "filter_outliers": true,
            "iterations": 1,
            "std_devs": 2,
            "use_standard_deviation_filtering": false
        },
        "fit": "Linear",
        "fn": 570,
        "include_baseline_error": false,
        "n": 600,
        "outlier_excluded": [
            259,
            395,
            140,
            524,
            15,
            275,
            151,
            281,
            538,
            540,
            543,
            43,
            427,
            56,
            446,
            192,
            195,
            68,
            579,
            340,
            214,
            598,
            92,
            349,
            480,
            100,
            356,
            365,
            376,
            250
        ],
        "reviewed": true,
        "user_excluded": [],
        "value": 0.014231406373032787
    },
    "Ar38": {
        "error": 0.011118767462030226,
        "error_type": "SEM",
        "filter_outliers_dict": {
            "filter_outliers": true,
            "iterations": 1,
            "std_devs": 2,
            "use_standard_deviation_filtering": false
        },
        "fit": "Linear",
        "fn": 574,
        "include_baseline_error": false,
        "n": 600,
        "outlier_excluded": [
            130,
            389,
            520,
            526,
            533,
            537,
            26,
            411,
            542,
            174,
            184,
            443,
            444,
            190,
            579,
            198,
            76,
            594,
            343,
            93,
            488,
            489,
            114,
            504,
            121,
            254
        ],
        "reviewed": true,
        "user_excluded": [],
        "value": 0.9647967310402203
    },
    "Ar39": {
        "error": 0.023289607993427688,
        "error_type": "SEM",
        "filter_outliers_dict": {
            "filter_outliers": true,
            "iterations": 1,
            "std_devs": 2,
            "use_standard_deviation_filtering": false
        },
        "fit": "Parabolic",
        "fn": 575,
        "include_baseline_error": false,
        "n": 600,
        "outlier_excluded": [
            2,
            156,
            284,
            542,
            417,
            37,
            175,
            437,
            442,
            449,
            453,
            589,
            475,
            476,
            225,
            101,
            102,
            109,
            366,
            118,
            121,
            506,
            507,
            124,
            125
        ],
        "reviewed": true,
        "user_excluded": [],
        "value": 90.42828798301015
    },
    "Ar40": {
        "error": 0.016660085474254942,
        "error_type": "SEM",
        "filter_outliers_dict": {
            "filter_outliers": true,
            "iterations": 1,
            "std_devs": 2,
            "use_standard_deviation_filtering": false
        },
        "fit": "Parabolic",
        "fn": 571,
        "include_baseline_error": false,
        "n": 600,
        "outlier_excluded": [
            128,
            396,
            397,
            144,
            21,
            149,
            150,
            409,
            174,
            180,
            57,
            315,
            316,
            192,
            326,
            333,
            335,
            85,
            344,
            474,
            222,
            351,
            224,
            100,
            487,
            233,
            366,
            369,
            510
        ],
        "reviewed": true,
        "user_excluded": [],
        "value": 16.42734902338051
    },
    "Ar41": {
        "error": 0.0045162889795358,
        "error_type": "SEM",
        "filter_outliers_dict": {
            "filter_outliers": true,
            "iterations": 1,
            "std_devs": 2,
            "use_standard_deviation_filtering": false
        },
        "fit": "average",
        "value": 0.20177961954721826
    }
}