{
    "Ar36": {
        "error": 0.00013567551612943428,
        "error_type": "SEM",
        "filter_outliers_dict": {
            "filter_outliers": true,
            "iterations": 1,
            "std_devs": 2,
            "use_standard_deviation_filtering": false
        },
        "fit": "Parabolic",
        "fn": 575,
        "include_baseline_error": false,
        "n": 600,
        "outlier_excluded": [
            0,
            384,
            512,
            514,
            516,
            389,
            517,
            519,
            141,
            404,
            535,
            300,
            436,
            567,
            449,
            66,
            196,
            584,
            330,
            331,
            461,
            478,
            228,
            358,
            233
        ],
        "reviewed": true,
        "user_excluded": [],
        "value": 0.003267966683138764
    },
    "Ar37": {
        "error": 0.010202223033589792,
        "error_type": "SEM",
        "filter_outliers_dict": {
            "filter_outliers": true,
            "iterations": 1,
            "std_devs": 2,
            "use_standard_deviation_filtering": false
        },
        "fit": "Linear",
        "fn": 576,
        "include_baseline_error": false,
        "n": 600,
        "outlier_excluded": [
            1,
            385,
            525,
            546,
            296,
            553,
            440,
            570,
            67,
            456,
            201,
            74,
            332,
            461,
            341,
            90,
            219,
            98,
            226,
            358,
            103,
            490,
            239,
            113
        ],
        "reviewed": true,
        "user_excluded": [],
        "value": 0.0058309962250766255
    },
    "Ar38": {
        "error": 0.008294960679308187,
        "error_type": "SEM",
        "filter_outliers_dict": {
            "filter_outliers": true,
            "iterations": 1,
            "std_devs": 2,
            "use_standard_deviation_filtering": false
        },
        "fit": "Linear",
        "fn": 552,
        "include_baseline_error": false,
        "n": 600,
        "outlier_excluded": [
            0,
            512,
            514,
            519,
            269,
            398,
            400,
            528,
            147,
            21,
            534,
            538,
            30,
            159,
            542,
            33,
            419,
            165,
            166,
            296,
            558,
            433,
            182,
            63,
            65,
            196,
            201,
            462,
            210,
            338,
            468,
            85,
            596,
            598,
            473,
            347,
            475,
            93,
            96,
            97,
            103,
            489,
            108,
            236,
            115,
            243,
            499,
            510
        ],
        "reviewed": true,
        "user_excluded": [],
        "value": -0.039962468673608545
    },
    "Ar39": {
        "error": 0.01591026908571523,
        "error_type": "SEM",
        "filter_outliers_dict": {
            "filter_outliers": true,
            "iterations": 1,
            "std_devs": 2,
            "use_standard_deviation_filtering": false
        },
        "fit": "Parabolic",
        "fn": 573,
        "include_baseline_error": false,
        "n": 600,
        "outlier_excluded": [
            387,
            260,
            147,
            403,
            149,
            405,
            155,
            29,
            30,
            293,
            299,
            557,
            558,
            561,
            185,
            186,
            441,
            68,
            71,
            211,
            472,
            477,
            223,
            364,
            109,
            365,
            126
        ],
        "reviewed": true,
        "user_excluded": [],
        "value": 12.765798685424691
    },
    "Ar40": {
        "error": 0.015287783033610917,
        "error_type": "SEM",
        "filter_outliers_dict": {
            "filter_outliers": true,
            "iterations": 1,
            "std_devs": 2,
            "use_standard_deviation_filtering": false
        },
        "fit": "Parabolic",
        "fn": 570,
        "include_baseline_error": false,
        "n": 600,
        "outlier_excluded": [
            1,
            261,
            522,
            12,
            275,
            534,
            280,
            536,
            282,
            34,
            438,
            183,
            440,
            575,
            327,
            76,
            78,
            592,
            339,
            470,
            472,
            91,
            97,
            228,
            484,
            358,
            103,
            361,
            375,
            252
        ],
        "reviewed": true,
        "user_excluded": [],
        "value": 2.9572247948534875
    },
    "Ar41": {
        "error": 0.004525765044159522,
        "error_type": "SEM",
        "filter_outliers_dict": {
            "filter_outliers": true,
            "iterations": 1,
            "std_devs": 2,
            "use_standard_deviation_filtering": false
        },
        "fit": "average",
        "value": 0.20668698110136133
    }
}