{
    "Ar36": {
        "error": 0.00013737167692967527,
        "error_type": "SEM",
        "filter_outliers_dict": {
            "filter_outliers": true,
            "iterations": 1,
            "std_devs": 2,
            "use_standard_deviation_filtering": false
        },
        "fit": "Parabolic",
        "fn": 573,
        "include_baseline_error": false,
        "n": 600,
        "outlier_excluded": [
            258,
            391,
            519,
            524,
            271,
            404,
            532,
            426,
            172,
            174,
            308,
            565,
            182,
            566,
            579,
            590,
            210,
            338,
            598,
            471,
            216,
            475,
            225,
            98,
            367,
            498,
            503
        ],
        "reviewed": true,
        "user_excluded": [],
        "value": 0.003929167273632551
    },
    "Ar37": {
        "error": 0.010320534834598064,
        "error_type": "SEM",
        "filter_outliers_dict": {
            "filter_outliers": true,
            "iterations": 1,
            "std_devs": 2,
            "use_standard_deviation_filtering": false
        },
        "fit": "Linear",
        "fn": 575,
        "include_baseline_error": false,
        "n": 600,
        "outlier_excluded": [
            391,
            392,
            17,
            401,
            19,
            154,
            419,
            42,
            171,
            61,
            573,
            319,
            451,
            330,
            79,
            352,
            480,
            233,
            491,
            367,
            368,
            370,
            371,
            503,
            122
        ],
        "reviewed": true,
        "user_excluded": [],
        "value": -0.012582573574133428
    },
    "Ar38": {
        "error": 0.011303800156532762,
        "error_type": "SEM",
        "filter_outliers_dict": {
            "filter_outliers": true,
            "iterations": 1,
            "std_devs": 2,
            "use_standard_deviation_filtering": false
        },
        "fit": "Linear",
        "fn": 565,
        "include_baseline_error": false,
        "n": 600,
        "outlier_excluded": [
            385,
            267,
            528,
            150,
            151,
            157,
            544,
            291,
            36,
            164,
            427,
            46,
            431,
            569,
            64,
            576,
            199,
            329,
            586,
            204,
            461,
            335,
            342,
            471,
            220,
            232,
            239,
            369,
            242,
            370,
            371,
            498,
            119,
            248,
            505
        ],
        "reviewed": true,
        "user_excluded": [],
        "value": 0.06322880878129465
    },
    "Ar39": {
        "error": 0.016932476020963413,
        "error_type": "SEM",
        "filter_outliers_dict": {
            "filter_outliers": true,
            "iterations": 1,
            "std_devs": 2,
            "use_standard_deviation_filtering": false
        },
        "fit": "Parabolic",
        "fn": 574,
        "include_baseline_error": false,
        "n": 600,
        "outlier_excluded": [
            260,
            134,
            411,
            30,
            160,
            161,
            41,
            173,
            174,
            303,
            304,
            49,
            53,
            185,
            69,
            581,
            585,
            331,
            335,
            341,
            478,
            479,
            227,
            356,
            108,
            244
        ],
        "reviewed": true,
        "user_excluded": [],
        "value": 21.163333237062375
    },
    "Ar40": {
        "error": 0.01588711363173464,
        "error_type": "SEM",
        "filter_outliers_dict": {
            "filter_outliers": true,
            "iterations": 1,
            "std_devs": 2,
            "use_standard_deviation_filtering": false
        },
        "fit": "Parabolic",
        "fn": 573,
        "include_baseline_error": false,
        "n": 600,
        "outlier_excluded": [
            388,
            390,
            18,
            282,
            295,
            173,
            433,
            449,
            326,
            329,
            590,
            466,
            467,
            92,
            220,
            481,
            486,
            103,
            231,
            105,
            359,
            498,
            121,
            379,
            124,
            381,
            510
        ],
        "reviewed": true,
        "user_excluded": [],
        "value": 4.3209535430397
    },
    "Ar41": {
        "error": 0.004482187876594558,
        "error_type": "SEM",
        "filter_outliers_dict": {
            "filter_outliers": true,
            "iterations": 1,
            "std_devs": 2,
            "use_standard_deviation_filtering": false
        },
        "fit": "average",
        "value": 0.207011204472662
    }
}