{
    "Ar36": {
        "error": 0.0001372314785271892,
        "error_type": "SEM",
        "filter_outliers_dict": {
            "filter_outliers": true,
            "iterations": 1,
            "std_devs": 2,
            "use_standard_deviation_filtering": false
        },
        "fit": "Parabolic",
        "fn": 571,
        "include_baseline_error": false,
        "n": 600,
        "outlier_excluded": [
            1,
            533,
            411,
            289,
            546,
            549,
            556,
            311,
            439,
            442,
            573,
            574,
            451,
            579,
            454,
            458,
            338,
            468,
            471,
            480,
            353,
            226,
            355,
            235,
            242,
            115,
            245,
            373,
            248
        ],
        "reviewed": true,
        "user_excluded": [],
        "value": 0.0035152007838416674
    },
    "Ar37": {
        "error": 0.01017453520240662,
        "error_type": "SEM",
        "filter_outliers_dict": {
            "filter_outliers": true,
            "iterations": 1,
            "std_devs": 2,
            "use_standard_deviation_filtering": false
        },
        "fit": "Linear",
        "fn": 571,
        "include_baseline_error": false,
        "n": 600,
        "outlier_excluded": [
            136,
            268,
            16,
            17,
            402,
            406,
            409,
            158,
            287,
            31,
            291,
            40,
            169,
            300,
            559,
            192,
            195,
            69,
            585,
            592,
            347,
            484,
            359,
            107,
            492,
            245,
            247,
            251,
            255
        ],
        "reviewed": true,
        "user_excluded": [],
        "value": 0.03779971503026161
    },
    "Ar38": {
        "error": 0.008547178318155877,
        "error_type": "SEM",
        "filter_outliers_dict": {
            "filter_outliers": true,
            "iterations": 1,
            "std_devs": 2,
            "use_standard_deviation_filtering": false
        },
        "fit": "Linear",
        "fn": 557,
        "include_baseline_error": false,
        "n": 600,
        "outlier_excluded": [
            515,
            516,
            389,
            518,
            519,
            392,
            394,
            273,
            152,
            282,
            159,
            544,
            295,
            425,
            43,
            171,
            428,
            51,
            575,
            322,
            67,
            196,
            582,
            457,
            586,
            331,
            589,
            207,
            83,
            596,
            343,
            89,
            218,
            345,
            222,
            103,
            487,
            105,
            364,
            369,
            252,
            380,
            254
        ],
        "reviewed": true,
        "user_excluded": [],
        "value": -0.04321627695415195
    },
    "Ar39": {
        "error": 0.016254009861040156,
        "error_type": "SEM",
        "filter_outliers_dict": {
            "filter_outliers": true,
            "iterations": 1,
            "std_devs": 2,
            "use_standard_deviation_filtering": false
        },
        "fit": "Parabolic",
        "fn": 576,
        "include_baseline_error": false,
        "n": 600,
        "outlier_excluded": [
            261,
            6,
            8,
            9,
            398,
            29,
            31,
            164,
            423,
            41,
            556,
            558,
            184,
            444,
            195,
            73,
            336,
            86,
            481,
            355,
            229,
            495,
            500,
            506
        ],
        "reviewed": true,
        "user_excluded": [],
        "value": 12.865947798726488
    },
    "Ar40": {
        "error": 0.01651155122588385,
        "error_type": "SEM",
        "filter_outliers_dict": {
            "filter_outliers": true,
            "iterations": 1,
            "std_devs": 2,
            "use_standard_deviation_filtering": false
        },
        "fit": "Parabolic",
        "fn": 574,
        "include_baseline_error": false,
        "n": 600,
        "outlier_excluded": [
            260,
            11,
            274,
            277,
            540,
            34,
            300,
            556,
            565,
            59,
            574,
            64,
            590,
            79,
            476,
            221,
            223,
            484,
            488,
            115,
            243,
            502,
            376,
            121,
            251,
            383
        ],
        "reviewed": true,
        "user_excluded": [],
        "value": 3.0419576899759475
    },
    "Ar41": {
        "error": 0.004673840322713586,
        "error_type": "SEM",
        "filter_outliers_dict": {
            "filter_outliers": true,
            "iterations": 1,
            "std_devs": 2,
            "use_standard_deviation_filtering": false
        },
        "fit": "average",
        "value": 0.2128970254488976
    }
}