{
    "Ar36": {
        "error": 0.00013194786508485563,
        "error_type": "SEM",
        "filter_outliers_dict": {
            "filter_outliers": true,
            "iterations": 1,
            "std_devs": 2,
            "use_standard_deviation_filtering": false
        },
        "fit": "Parabolic",
        "fn": 574,
        "include_baseline_error": false,
        "n": 600,
        "outlier_excluded": [
            516,
            518,
            522,
            140,
            525,
            281,
            538,
            410,
            413,
            286,
            415,
            295,
            426,
            556,
            184,
            440,
            444,
            574,
            320,
            581,
            595,
            216,
            358,
            505,
            253,
            511
        ],
        "reviewed": true,
        "user_excluded": [],
        "value": 0.003921329855605645
    },
    "Ar37": {
        "error": 0.010340970157900418,
        "error_type": "SEM",
        "filter_outliers_dict": {
            "filter_outliers": true,
            "iterations": 1,
            "std_devs": 2,
            "use_standard_deviation_filtering": false
        },
        "fit": "Linear",
        "fn": 573,
        "include_baseline_error": false,
        "n": 600,
        "outlier_excluded": [
            131,
            394,
            139,
            399,
            273,
            530,
            404,
            532,
            153,
            26,
            547,
            39,
            168,
            169,
            170,
            427,
            58,
            319,
            64,
            341,
            348,
            478,
            353,
            484,
            236,
            373,
            511
        ],
        "reviewed": true,
        "user_excluded": [],
        "value": -0.019202376048181046
    },
    "Ar38": {
        "error": 0.013599901822824025,
        "error_type": "SEM",
        "filter_outliers_dict": {
            "filter_outliers": true,
            "iterations": 1,
            "std_devs": 2,
            "use_standard_deviation_filtering": false
        },
        "fit": "Linear",
        "fn": 588,
        "include_baseline_error": false,
        "n": 600,
        "outlier_excluded": [
            69,
            167,
            135,
            265,
            487,
            236,
            589,
            145,
            212,
            378,
            442,
            571
        ],
        "reviewed": true,
        "user_excluded": [],
        "value": 0.13664179177353217
    },
    "Ar39": {
        "error": 0.01716395723577624,
        "error_type": "SEM",
        "filter_outliers_dict": {
            "filter_outliers": true,
            "iterations": 1,
            "std_devs": 2,
            "use_standard_deviation_filtering": false
        },
        "fit": "Parabolic",
        "fn": 574,
        "include_baseline_error": false,
        "n": 600,
        "outlier_excluded": [
            524,
            146,
            531,
            535,
            293,
            551,
            555,
            558,
            47,
            563,
            565,
            566,
            192,
            448,
            323,
            579,
            329,
            203,
            462,
            207,
            83,
            212,
            104,
            233,
            235,
            118
        ],
        "reviewed": true,
        "user_excluded": [],
        "value": 27.097895165544973
    },
    "Ar40": {
        "error": 0.016777005455135403,
        "error_type": "SEM",
        "filter_outliers_dict": {
            "filter_outliers": true,
            "iterations": 1,
            "std_devs": 2,
            "use_standard_deviation_filtering": false
        },
        "fit": "Parabolic",
        "fn": 575,
        "include_baseline_error": false,
        "n": 600,
        "outlier_excluded": [
            256,
            384,
            7,
            8,
            396,
            397,
            528,
            21,
            537,
            553,
            427,
            576,
            577,
            583,
            458,
            333,
            593,
            352,
            488,
            368,
            498,
            371,
            121,
            250,
            509
        ],
        "reviewed": true,
        "user_excluded": [],
        "value": 5.75612476511834
    },
    "Ar41": {
        "error": 0.004709775785167734,
        "error_type": "SEM",
        "filter_outliers_dict": {
            "filter_outliers": true,
            "iterations": 1,
            "std_devs": 2,
            "use_standard_deviation_filtering": false
        },
        "fit": "average",
        "value": 0.20219581271521747
    }
}