{
    "Ar36": {
        "error": 0.00022067160238139013,
        "error_type": "SD",
        "filter_outliers_dict": {
            "filter_outliers": true,
            "iterations": 1,
            "std_devs": 2,
            "use_standard_deviation_filtering": false
        },
        "fit": "Parabolic",
        "fn": 379,
        "include_baseline_error": false,
        "n": 400,
        "outlier_excluded": [
            288,
            322,
            228,
            101,
            165,
            39,
            326,
            393,
            298,
            171,
            235,
            394,
            399,
            48,
            20,
            277,
            88,
            89,
            155,
            157,
            382
        ],
        "reviewed": true,
        "user_excluded": [],
        "value": 0.009046571377390136
    },
    "Ar37": {
        "error": 0.012459344878259287,
        "error_type": "SD",
        "filter_outliers_dict": {
            "filter_outliers": true,
            "iterations": 1,
            "std_devs": 2,
            "use_standard_deviation_filtering": false
        },
        "fit": "Linear",
        "fn": 379,
        "include_baseline_error": false,
        "n": 400,
        "outlier_excluded": [
            0,
            288,
            353,
            354,
            36,
            164,
            134,
            390,
            328,
            74,
            332,
            396,
            397,
            56,
            152,
            153,
            216,
            217,
            61,
            62,
            31
        ],
        "reviewed": true,
        "user_excluded": [],
        "value": 0.06304938425132646
    },
    "Ar38": {
        "error": 0.011758989721164008,
        "error_type": "SD",
        "filter_outliers_dict": {
            "filter_outliers": true,
            "iterations": 1,
            "std_devs": 2,
            "use_standard_deviation_filtering": false
        },
        "fit": "Linear",
        "fn": 370,
        "include_baseline_error": false,
        "n": 400,
        "outlier_excluded": [
            4,
            262,
            391,
            9,
            274,
            148,
            286,
            288,
            295,
            297,
            304,
            51,
            313,
            337,
            218,
            219,
            222,
            95,
            96,
            98,
            355,
            100,
            228,
            236,
            368,
            244,
            245,
            373,
            377,
            124
        ],
        "reviewed": true,
        "user_excluded": [],
        "value": 0.10067933329696696
    },
    "Ar39": {
        "error": 0.010085647643052757,
        "error_type": "SD",
        "filter_outliers_dict": {
            "filter_outliers": true,
            "iterations": 1,
            "std_devs": 2,
            "use_standard_deviation_filtering": false
        },
        "fit": "Parabolic",
        "fn": 376,
        "include_baseline_error": false,
        "n": 400,
        "outlier_excluded": [
            260,
            388,
            6,
            144,
            145,
            20,
            24,
            25,
            159,
            160,
            301,
            306,
            182,
            183,
            315,
            320,
            97,
            228,
            103,
            232,
            106,
            241,
            372,
            124
        ],
        "reviewed": true,
        "user_excluded": [],
        "value": 12.713427918763152
    },
    "Ar40": {
        "error": 0.022018239114096796,
        "error_type": "SD",
        "filter_outliers_dict": {
            "filter_outliers": true,
            "iterations": 1,
            "std_devs": 2,
            "use_standard_deviation_filtering": false
        },
        "fit": "Parabolic",
        "fn": 385,
        "include_baseline_error": false,
        "n": 400,
        "outlier_excluded": [
            0,
            289,
            105,
            361,
            11,
            393,
            366,
            17,
            373,
            342,
            23,
            26,
            314,
            346,
            190
        ],
        "reviewed": true,
        "user_excluded": [],
        "value": 4.921632750098002
    },
    "Ar41": {
        "error": 0.1543028119739076,
        "error_type": "SD",
        "filter_outliers_dict": {
            "filter_outliers": false,
            "iterations": 1,
            "std_devs": 1,
            "use_standard_deviation_filtering": false
        },
        "fit": "average_SEM",
        "value": 0.272259328654618
    }
}