{
    "Ar36": {
        "error": 0.0001554605439051773,
        "error_type": "SD",
        "filter_outliers_dict": {
            "filter_outliers": true,
            "iterations": 1,
            "std_devs": 2,
            "use_standard_deviation_filtering": false
        },
        "fit": "Parabolic",
        "fn": 570,
        "include_baseline_error": false,
        "n": 600,
        "outlier_excluded": [
            512,
            132,
            133,
            393,
            524,
            273,
            401,
            28,
            543,
            33,
            292,
            165,
            174,
            311,
            441,
            569,
            574,
            579,
            324,
            325,
            457,
            589,
            592,
            478,
            357,
            364,
            496,
            114,
            121,
            383
        ],
        "reviewed": true,
        "user_excluded": [],
        "value": 0.01016267462167253
    },
    "Ar37": {
        "error": 0.01026276204631542,
        "error_type": "SD",
        "filter_outliers_dict": {
            "filter_outliers": true,
            "iterations": 1,
            "std_devs": 2,
            "use_standard_deviation_filtering": false
        },
        "fit": "Linear",
        "fn": 570,
        "include_baseline_error": false,
        "n": 600,
        "outlier_excluded": [
            512,
            138,
            394,
            12,
            524,
            15,
            16,
            148,
            286,
            287,
            415,
            159,
            550,
            426,
            45,
            50,
            435,
            316,
            70,
            199,
            589,
            82,
            342,
            346,
            347,
            487,
            491,
            110,
            113,
            378
        ],
        "reviewed": true,
        "user_excluded": [],
        "value": 0.03065121054511278
    },
    "Ar38": {
        "error": 0.013621835697517534,
        "error_type": "SD",
        "filter_outliers_dict": {
            "filter_outliers": true,
            "iterations": 1,
            "std_devs": 2,
            "use_standard_deviation_filtering": false
        },
        "fit": "Linear",
        "fn": 575,
        "include_baseline_error": false,
        "n": 600,
        "outlier_excluded": [
            127,
            513,
            514,
            515,
            269,
            532,
            540,
            33,
            547,
            442,
            188,
            578,
            579,
            197,
            71,
            213,
            214,
            599,
            479,
            101,
            239,
            499,
            507,
            381,
            511
        ],
        "reviewed": true,
        "user_excluded": [],
        "value": 0.5385243438083535
    },
    "Ar39": {
        "error": 0.01008837698882607,
        "error_type": "SD",
        "filter_outliers_dict": {
            "filter_outliers": true,
            "iterations": 1,
            "std_devs": 2,
            "use_standard_deviation_filtering": false
        },
        "fit": "Parabolic",
        "fn": 575,
        "include_baseline_error": false,
        "n": 600,
        "outlier_excluded": [
            1,
            2,
            129,
            385,
            519,
            267,
            270,
            403,
            148,
            405,
            24,
            287,
            165,
            431,
            566,
            453,
            456,
            335,
            592,
            337,
            345,
            91,
            482,
            245,
            503
        ],
        "reviewed": true,
        "user_excluded": [],
        "value": 46.406664535174265
    },
    "Ar40": {
        "error": 0.016531296214961053,
        "error_type": "SD",
        "filter_outliers_dict": {
            "filter_outliers": true,
            "iterations": 1,
            "std_devs": 2,
            "use_standard_deviation_filtering": false
        },
        "fit": "Parabolic",
        "fn": 573,
        "include_baseline_error": false,
        "n": 600,
        "outlier_excluded": [
            514,
            10,
            11,
            266,
            30,
            158,
            35,
            423,
            40,
            43,
            173,
            304,
            436,
            571,
            319,
            64,
            578,
            203,
            461,
            79,
            345,
            220,
            480,
            500,
            245,
            120,
            248
        ],
        "reviewed": true,
        "user_excluded": [],
        "value": 10.940390134509606
    },
    "Ar41": {
        "error": 0.14480414360320026,
        "error_type": "SD",
        "filter_outliers_dict": {
            "filter_outliers": false,
            "iterations": 1,
            "std_devs": 1,
            "use_standard_deviation_filtering": false
        },
        "fit": "average_SEM",
        "value": -0.008434214519899494
    }
}