{
    "Ar36": {
        "error": 0.00014472006950629903,
        "error_type": "SD",
        "filter_outliers_dict": {
            "filter_outliers": true,
            "iterations": 1,
            "std_devs": 2,
            "use_standard_deviation_filtering": false
        },
        "fit": "Parabolic",
        "fn": 576,
        "include_baseline_error": false,
        "n": 600,
        "outlier_excluded": [
            131,
            526,
            403,
            535,
            152,
            282,
            411,
            427,
            556,
            57,
            442,
            572,
            317,
            575,
            450,
            195,
            581,
            465,
            349,
            94,
            480,
            226,
            502,
            503
        ],
        "reviewed": true,
        "user_excluded": [],
        "value": 0.00766082362535969
    },
    "Ar37": {
        "error": 0.01013411705429384,
        "error_type": "SD",
        "filter_outliers_dict": {
            "filter_outliers": true,
            "iterations": 1,
            "std_devs": 2,
            "use_standard_deviation_filtering": false
        },
        "fit": "Linear",
        "fn": 575,
        "include_baseline_error": false,
        "n": 600,
        "outlier_excluded": [
            263,
            519,
            400,
            26,
            542,
            292,
            549,
            554,
            431,
            568,
            188,
            69,
            454,
            457,
            334,
            213,
            89,
            475,
            97,
            486,
            105,
            361,
            109,
            237,
            374
        ],
        "reviewed": true,
        "user_excluded": [],
        "value": 0.021067705269098996
    },
    "Ar38": {
        "error": 0.008919331658915378,
        "error_type": "SD",
        "filter_outliers_dict": {
            "filter_outliers": true,
            "iterations": 1,
            "std_devs": 2,
            "use_standard_deviation_filtering": false
        },
        "fit": "Linear",
        "fn": 565,
        "include_baseline_error": false,
        "n": 600,
        "outlier_excluded": [
            511,
            6,
            262,
            9,
            521,
            13,
            397,
            143,
            525,
            527,
            20,
            29,
            160,
            435,
            572,
            317,
            575,
            66,
            67,
            584,
            587,
            592,
            337,
            466,
            468,
            218,
            360,
            108,
            113,
            245,
            375,
            376,
            122,
            254,
            510
        ],
        "reviewed": true,
        "user_excluded": [],
        "value": -0.03769336613936647
    },
    "Ar39": {
        "error": 0.007410749346274746,
        "error_type": "SD",
        "filter_outliers_dict": {
            "filter_outliers": true,
            "iterations": 1,
            "std_devs": 2,
            "use_standard_deviation_filtering": false
        },
        "fit": "Parabolic",
        "fn": 573,
        "include_baseline_error": false,
        "n": 600,
        "outlier_excluded": [
            264,
            527,
            275,
            151,
            543,
            430,
            182,
            186,
            59,
            63,
            64,
            582,
            201,
            332,
            460,
            78,
            207,
            471,
            476,
            99,
            355,
            487,
            499,
            122,
            380,
            253,
            254
        ],
        "reviewed": true,
        "user_excluded": [],
        "value": 1.4609463361050579
    },
    "Ar40": {
        "error": 0.014927108192703303,
        "error_type": "SD",
        "filter_outliers_dict": {
            "filter_outliers": true,
            "iterations": 1,
            "std_devs": 2,
            "use_standard_deviation_filtering": false
        },
        "fit": "Parabolic",
        "fn": 566,
        "include_baseline_error": false,
        "n": 600,
        "outlier_excluded": [
            1,
            516,
            138,
            142,
            270,
            398,
            528,
            531,
            276,
            278,
            152,
            411,
            33,
            545,
            37,
            167,
            296,
            435,
            190,
            191,
            454,
            206,
            467,
            218,
            95,
            229,
            363,
            494,
            113,
            243,
            376,
            505,
            122,
            506
        ],
        "reviewed": true,
        "user_excluded": [],
        "value": 2.4483109374900103
    },
    "Ar41": {
        "error": 0.1470790112787795,
        "error_type": "SD",
        "filter_outliers_dict": {
            "filter_outliers": false,
            "iterations": 1,
            "std_devs": 1,
            "use_standard_deviation_filtering": false
        },
        "fit": "average_SEM",
        "value": 0.0032603860702268626
    }
}