{
    "Ar36": {
        "error": 0.00015009008980752846,
        "error_type": "SD",
        "filter_outliers_dict": {
            "filter_outliers": true,
            "iterations": 1,
            "std_devs": 2,
            "use_standard_deviation_filtering": false
        },
        "fit": "Parabolic",
        "fn": 574,
        "include_baseline_error": false,
        "n": 600,
        "outlier_excluded": [
            262,
            138,
            266,
            524,
            144,
            406,
            415,
            290,
            419,
            546,
            170,
            556,
            440,
            62,
            576,
            577,
            195,
            453,
            198,
            73,
            329,
            345,
            350,
            479,
            243,
            125
        ],
        "reviewed": true,
        "user_excluded": [],
        "value": 0.007508395032538178
    },
    "Ar37": {
        "error": 0.01057345042933775,
        "error_type": "SD",
        "filter_outliers_dict": {
            "filter_outliers": true,
            "iterations": 1,
            "std_devs": 2,
            "use_standard_deviation_filtering": false
        },
        "fit": "Linear",
        "fn": 572,
        "include_baseline_error": false,
        "n": 600,
        "outlier_excluded": [
            513,
            396,
            528,
            145,
            275,
            534,
            151,
            536,
            412,
            166,
            39,
            294,
            550,
            303,
            559,
            560,
            311,
            184,
            57,
            570,
            576,
            452,
            591,
            468,
            223,
            480,
            370,
            254
        ],
        "reviewed": true,
        "user_excluded": [],
        "value": 0.024012335028070226
    },
    "Ar38": {
        "error": 0.008722794463197564,
        "error_type": "SD",
        "filter_outliers_dict": {
            "filter_outliers": true,
            "iterations": 1,
            "std_devs": 2,
            "use_standard_deviation_filtering": false
        },
        "fit": "Linear",
        "fn": 554,
        "include_baseline_error": false,
        "n": 600,
        "outlier_excluded": [
            0,
            384,
            5,
            389,
            391,
            517,
            265,
            522,
            395,
            399,
            146,
            278,
            23,
            409,
            27,
            539,
            300,
            173,
            176,
            55,
            319,
            448,
            586,
            78,
            591,
            80,
            81,
            209,
            467,
            214,
            343,
            91,
            220,
            350,
            97,
            100,
            233,
            107,
            239,
            112,
            497,
            114,
            117,
            121,
            250,
            380
        ],
        "reviewed": true,
        "user_excluded": [],
        "value": 0.01293954738675339
    },
    "Ar39": {
        "error": 0.007471462109975171,
        "error_type": "SD",
        "filter_outliers_dict": {
            "filter_outliers": true,
            "iterations": 1,
            "std_devs": 2,
            "use_standard_deviation_filtering": false
        },
        "fit": "Parabolic",
        "fn": 574,
        "include_baseline_error": false,
        "n": 600,
        "outlier_excluded": [
            0,
            261,
            394,
            268,
            405,
            24,
            536,
            156,
            547,
            38,
            41,
            426,
            560,
            52,
            455,
            201,
            208,
            81,
            464,
            465,
            217,
            102,
            361,
            373,
            380,
            126
        ],
        "reviewed": true,
        "user_excluded": [],
        "value": 5.213604910010722
    },
    "Ar40": {
        "error": 0.015023326514937308,
        "error_type": "SD",
        "filter_outliers_dict": {
            "filter_outliers": true,
            "iterations": 1,
            "std_devs": 2,
            "use_standard_deviation_filtering": false
        },
        "fit": "Parabolic",
        "fn": 577,
        "include_baseline_error": false,
        "n": 600,
        "outlier_excluded": [
            514,
            131,
            523,
            140,
            142,
            271,
            273,
            402,
            148,
            408,
            161,
            554,
            561,
            440,
            451,
            201,
            335,
            338,
            594,
            340,
            93,
            485,
            125
        ],
        "reviewed": true,
        "user_excluded": [],
        "value": 2.993084685279841
    },
    "Ar41": {
        "error": 0.15073101283936638,
        "error_type": "SD",
        "filter_outliers_dict": {
            "filter_outliers": false,
            "iterations": 1,
            "std_devs": 1,
            "use_standard_deviation_filtering": false
        },
        "fit": "average_SEM",
        "value": 0.004267420644612988
    }
}