{
    "Ar36": {
        "error": 0.0002117979567563676,
        "error_type": "SD",
        "filter_outliers_dict": {
            "filter_outliers": true,
            "iterations": 1,
            "std_devs": 2,
            "use_standard_deviation_filtering": false
        },
        "fit": "Parabolic",
        "fn": 383,
        "include_baseline_error": false,
        "n": 400,
        "outlier_excluded": [
            258,
            355,
            326,
            391,
            137,
            203,
            364,
            142,
            399,
            117,
            118,
            214,
            278,
            341,
            347,
            285,
            191
        ],
        "reviewed": true,
        "user_excluded": [],
        "value": 0.007454652889429851
    },
    "Ar37": {
        "error": 0.012952372274709358,
        "error_type": "SD",
        "filter_outliers_dict": {
            "filter_outliers": true,
            "iterations": 1,
            "std_devs": 2,
            "use_standard_deviation_filtering": false
        },
        "fit": "Linear",
        "fn": 379,
        "include_baseline_error": false,
        "n": 400,
        "outlier_excluded": [
            288,
            257,
            34,
            351,
            352,
            388,
            6,
            327,
            137,
            202,
            302,
            241,
            179,
            373,
            88,
            217,
            58,
            155,
            186,
            378,
            287
        ],
        "reviewed": true,
        "user_excluded": [],
        "value": 0.06581939394629403
    },
    "Ar38": {
        "error": 0.013076816399769396,
        "error_type": "SD",
        "filter_outliers_dict": {
            "filter_outliers": true,
            "iterations": 1,
            "std_devs": 2,
            "use_standard_deviation_filtering": false
        },
        "fit": "Linear",
        "fn": 378,
        "include_baseline_error": false,
        "n": 400,
        "outlier_excluded": [
            0,
            5,
            138,
            12,
            269,
            15,
            35,
            42,
            49,
            306,
            308,
            56,
            318,
            66,
            325,
            204,
            77,
            211,
            244,
            372,
            377,
            380
        ],
        "reviewed": true,
        "user_excluded": [],
        "value": 0.1255384485850135
    },
    "Ar39": {
        "error": 0.01017112747581819,
        "error_type": "SD",
        "filter_outliers_dict": {
            "filter_outliers": true,
            "iterations": 1,
            "std_devs": 2,
            "use_standard_deviation_filtering": false
        },
        "fit": "Parabolic",
        "fn": 383,
        "include_baseline_error": false,
        "n": 400,
        "outlier_excluded": [
            257,
            195,
            132,
            133,
            80,
            210,
            19,
            179,
            85,
            244,
            247,
            280,
            339,
            186,
            377,
            125,
            126
        ],
        "reviewed": true,
        "user_excluded": [],
        "value": 14.316653005919866
    },
    "Ar40": {
        "error": 0.020393477133159848,
        "error_type": "SD",
        "filter_outliers_dict": {
            "filter_outliers": true,
            "iterations": 1,
            "std_devs": 2,
            "use_standard_deviation_filtering": false
        },
        "fit": "Parabolic",
        "fn": 383,
        "include_baseline_error": false,
        "n": 400,
        "outlier_excluded": [
            357,
            199,
            75,
            140,
            173,
            235,
            270,
            80,
            272,
            339,
            117,
            277,
            119,
            88,
            87,
            315,
            189
        ],
        "reviewed": true,
        "user_excluded": [],
        "value": 4.458172317065673
    },
    "Ar41": {
        "error": 0.1539503933822093,
        "error_type": "SD",
        "filter_outliers_dict": {
            "filter_outliers": false,
            "iterations": 1,
            "std_devs": 1,
            "use_standard_deviation_filtering": false
        },
        "fit": "average_SEM",
        "value": 0.28258348040806597
    }
}