{
    "Ar36": {
        "error": 0.00019341091158486557,
        "error_type": "SD",
        "filter_outliers_dict": {
            "filter_outliers": true,
            "iterations": 1,
            "std_devs": 2,
            "use_standard_deviation_filtering": false
        },
        "fit": "Parabolic",
        "fn": 382,
        "include_baseline_error": false,
        "n": 400,
        "outlier_excluded": [
            384,
            2,
            195,
            4,
            228,
            230,
            392,
            393,
            107,
            142,
            79,
            145,
            211,
            245,
            214,
            59,
            315,
            349
        ],
        "reviewed": true,
        "user_excluded": [],
        "value": 0.006636717446367882
    },
    "Ar37": {
        "error": 0.013254733426930707,
        "error_type": "SD",
        "filter_outliers_dict": {
            "filter_outliers": true,
            "iterations": 1,
            "std_devs": 2,
            "use_standard_deviation_filtering": false
        },
        "fit": "Linear",
        "fn": 384,
        "include_baseline_error": false,
        "n": 400,
        "outlier_excluded": [
            225,
            67,
            164,
            293,
            104,
            106,
            266,
            141,
            207,
            114,
            341,
            55,
            121,
            313,
            347,
            252
        ],
        "reviewed": true,
        "user_excluded": [],
        "value": 0.02582107818323075
    },
    "Ar38": {
        "error": 0.014812170031700904,
        "error_type": "SD",
        "filter_outliers_dict": {
            "filter_outliers": true,
            "iterations": 1,
            "std_devs": 2,
            "use_standard_deviation_filtering": false
        },
        "fit": "Linear",
        "fn": 380,
        "include_baseline_error": false,
        "n": 400,
        "outlier_excluded": [
            65,
            260,
            101,
            37,
            262,
            390,
            137,
            361,
            44,
            268,
            269,
            270,
            242,
            339,
            53,
            55,
            184,
            153,
            280,
            316
        ],
        "reviewed": true,
        "user_excluded": [],
        "value": 0.1585639189376689
    },
    "Ar39": {
        "error": 0.010340872983524,
        "error_type": "SD",
        "filter_outliers_dict": {
            "filter_outliers": true,
            "iterations": 1,
            "std_devs": 2,
            "use_standard_deviation_filtering": false
        },
        "fit": "Parabolic",
        "fn": 376,
        "include_baseline_error": false,
        "n": 400,
        "outlier_excluded": [
            384,
            130,
            388,
            389,
            391,
            393,
            266,
            152,
            280,
            158,
            289,
            42,
            43,
            76,
            78,
            206,
            336,
            82,
            345,
            91,
            229,
            236,
            371,
            251
        ],
        "reviewed": true,
        "user_excluded": [],
        "value": 16.164915164967574
    },
    "Ar40": {
        "error": 0.020536528534976676,
        "error_type": "SD",
        "filter_outliers_dict": {
            "filter_outliers": true,
            "iterations": 1,
            "std_devs": 2,
            "use_standard_deviation_filtering": false
        },
        "fit": "Parabolic",
        "fn": 381,
        "include_baseline_error": false,
        "n": 400,
        "outlier_excluded": [
            192,
            319,
            2,
            34,
            100,
            130,
            385,
            72,
            169,
            200,
            393,
            206,
            270,
            370,
            52,
            281,
            91,
            381,
            287
        ],
        "reviewed": true,
        "user_excluded": [],
        "value": 4.518744392750303
    },
    "Ar41": {
        "error": 0.15914712209723417,
        "error_type": "SD",
        "filter_outliers_dict": {
            "filter_outliers": false,
            "iterations": 1,
            "std_devs": 1,
            "use_standard_deviation_filtering": false
        },
        "fit": "average_SEM",
        "value": 0.26884740781904837
    }
}