{
    "Ar36": {
        "error": 0.00020405270687870504,
        "error_type": "SD",
        "filter_outliers_dict": {
            "filter_outliers": true,
            "iterations": 1,
            "std_devs": 2,
            "use_standard_deviation_filtering": false
        },
        "fit": "Parabolic",
        "fn": 385,
        "include_baseline_error": false,
        "n": 400,
        "outlier_excluded": [
            128,
            353,
            294,
            327,
            104,
            171,
            204,
            395,
            46,
            335,
            274,
            338,
            182,
            187,
            127
        ],
        "reviewed": true,
        "user_excluded": [],
        "value": 0.006772894821455983
    },
    "Ar37": {
        "error": 0.0129522755309835,
        "error_type": "SD",
        "filter_outliers_dict": {
            "filter_outliers": true,
            "iterations": 1,
            "std_devs": 2,
            "use_standard_deviation_filtering": false
        },
        "fit": "Linear",
        "fn": 380,
        "include_baseline_error": false,
        "n": 400,
        "outlier_excluded": [
            6,
            230,
            200,
            233,
            74,
            109,
            14,
            173,
            302,
            113,
            177,
            178,
            275,
            336,
            311,
            376,
            25,
            26,
            124,
            159
        ],
        "reviewed": true,
        "user_excluded": [],
        "value": 0.028304402945765063
    },
    "Ar38": {
        "error": 0.010735918125511962,
        "error_type": "SD",
        "filter_outliers_dict": {
            "filter_outliers": true,
            "iterations": 1,
            "std_devs": 2,
            "use_standard_deviation_filtering": false
        },
        "fit": "Linear",
        "fn": 364,
        "include_baseline_error": false,
        "n": 400,
        "outlier_excluded": [
            2,
            135,
            137,
            267,
            397,
            398,
            15,
            272,
            146,
            275,
            154,
            27,
            160,
            35,
            40,
            171,
            54,
            311,
            65,
            69,
            78,
            207,
            212,
            88,
            224,
            99,
            106,
            234,
            239,
            241,
            242,
            120,
            248,
            122,
            250,
            381
        ],
        "reviewed": true,
        "user_excluded": [],
        "value": 0.09286963223324984
    },
    "Ar39": {
        "error": 0.009562349740072446,
        "error_type": "SD",
        "filter_outliers_dict": {
            "filter_outliers": true,
            "iterations": 1,
            "std_devs": 2,
            "use_standard_deviation_filtering": false
        },
        "fit": "Parabolic",
        "fn": 386,
        "include_baseline_error": false,
        "n": 400,
        "outlier_excluded": [
            33,
            194,
            99,
            69,
            229,
            293,
            110,
            208,
            307,
            308,
            277,
            152,
            122,
            126
        ],
        "reviewed": true,
        "user_excluded": [],
        "value": 12.43913305839505
    },
    "Ar40": {
        "error": 0.021934059366477524,
        "error_type": "SD",
        "filter_outliers_dict": {
            "filter_outliers": true,
            "iterations": 1,
            "std_devs": 2,
            "use_standard_deviation_filtering": false
        },
        "fit": "Parabolic",
        "fn": 384,
        "include_baseline_error": false,
        "n": 400,
        "outlier_excluded": [
            160,
            35,
            73,
            234,
            14,
            335,
            112,
            81,
            339,
            212,
            118,
            150,
            344,
            281,
            27,
            190
        ],
        "reviewed": true,
        "user_excluded": [],
        "value": 7.778739615568041
    },
    "Ar41": {
        "error": 0.15064415463920794,
        "error_type": "SD",
        "filter_outliers_dict": {
            "filter_outliers": false,
            "iterations": 1,
            "std_devs": 1,
            "use_standard_deviation_filtering": false
        },
        "fit": "average_SEM",
        "value": 0.26573099622299196
    }
}