{
    "Ar36": {
        "error": 0.00024741028733200025,
        "error_type": "SD",
        "filter_outliers_dict": {
            "filter_outliers": true,
            "iterations": 1,
            "std_devs": 2,
            "use_standard_deviation_filtering": false
        },
        "fit": "Parabolic",
        "fn": 381,
        "include_baseline_error": false,
        "n": 400,
        "outlier_excluded": [
            0,
            160,
            99,
            325,
            295,
            169,
            201,
            329,
            300,
            331,
            363,
            271,
            144,
            211,
            213,
            373,
            155,
            254,
            159
        ],
        "reviewed": true,
        "user_excluded": [],
        "value": 0.012917105840282134
    },
    "Ar37": {
        "error": 0.012694926973154665,
        "error_type": "SD",
        "filter_outliers_dict": {
            "filter_outliers": true,
            "iterations": 1,
            "std_devs": 2,
            "use_standard_deviation_filtering": false
        },
        "fit": "Linear",
        "fn": 378,
        "include_baseline_error": false,
        "n": 400,
        "outlier_excluded": [
            384,
            388,
            133,
            137,
            396,
            20,
            36,
            168,
            43,
            306,
            189,
            66,
            325,
            71,
            76,
            344,
            348,
            361,
            373,
            375,
            377,
            378
        ],
        "reviewed": true,
        "user_excluded": [],
        "value": 0.06276133629635755
    },
    "Ar38": {
        "error": 0.0173256659536097,
        "error_type": "SD",
        "filter_outliers_dict": {
            "filter_outliers": true,
            "iterations": 1,
            "std_devs": 2,
            "use_standard_deviation_filtering": false
        },
        "fit": "Linear",
        "fn": 389,
        "include_baseline_error": false,
        "n": 400,
        "outlier_excluded": [
            225,
            72,
            266,
            11,
            268,
            303,
            145,
            23,
            216,
            186,
            92
        ],
        "reviewed": true,
        "user_excluded": [],
        "value": 0.3543531135932032
    },
    "Ar39": {
        "error": 0.011849680473837622,
        "error_type": "SD",
        "filter_outliers_dict": {
            "filter_outliers": true,
            "iterations": 1,
            "std_devs": 2,
            "use_standard_deviation_filtering": false
        },
        "fit": "Parabolic",
        "fn": 375,
        "include_baseline_error": false,
        "n": 400,
        "outlier_excluded": [
            128,
            258,
            261,
            134,
            8,
            10,
            395,
            268,
            397,
            398,
            18,
            19,
            21,
            28,
            29,
            178,
            342,
            221,
            222,
            95,
            98,
            232,
            108,
            246,
            251
        ],
        "reviewed": true,
        "user_excluded": [],
        "value": 31.7702045108175
    },
    "Ar40": {
        "error": 0.02555829946076571,
        "error_type": "SD",
        "filter_outliers_dict": {
            "filter_outliers": true,
            "iterations": 1,
            "std_devs": 2,
            "use_standard_deviation_filtering": false
        },
        "fit": "Parabolic",
        "fn": 386,
        "include_baseline_error": false,
        "n": 400,
        "outlier_excluded": [
            97,
            67,
            4,
            198,
            11,
            396,
            17,
            340,
            374,
            88,
            121,
            313,
            91,
            378
        ],
        "reviewed": true,
        "user_excluded": [],
        "value": 8.994052309133439
    },
    "Ar41": {
        "error": 0.15443348538613735,
        "error_type": "SD",
        "filter_outliers_dict": {
            "filter_outliers": false,
            "iterations": 1,
            "std_devs": 1,
            "use_standard_deviation_filtering": false
        },
        "fit": "average_SEM",
        "value": 0.27092776701203547
    }
}