{
    "Ar36": {
        "error": 0.00022242620873794597,
        "error_type": "SD",
        "filter_outliers_dict": {
            "filter_outliers": true,
            "iterations": 1,
            "std_devs": 2,
            "use_standard_deviation_filtering": false
        },
        "fit": "Parabolic",
        "fn": 383,
        "include_baseline_error": false,
        "n": 400,
        "outlier_excluded": [
            255,
            353,
            230,
            232,
            74,
            43,
            394,
            365,
            114,
            147,
            307,
            370,
            247,
            121,
            156,
            252,
            223
        ],
        "reviewed": true,
        "user_excluded": [],
        "value": 0.008052542353239732
    },
    "Ar37": {
        "error": 0.013015317791352586,
        "error_type": "SD",
        "filter_outliers_dict": {
            "filter_outliers": true,
            "iterations": 1,
            "std_devs": 2,
            "use_standard_deviation_filtering": false
        },
        "fit": "Linear",
        "fn": 379,
        "include_baseline_error": false,
        "n": 400,
        "outlier_excluded": [
            250,
            253,
            378,
            131,
            4,
            133,
            134,
            197,
            168,
            388,
            392,
            142,
            48,
            181,
            245,
            90,
            186,
            92,
            157,
            158,
            188
        ],
        "reviewed": true,
        "user_excluded": [],
        "value": 0.05116595614028914
    },
    "Ar38": {
        "error": 0.017249862668526166,
        "error_type": "SD",
        "filter_outliers_dict": {
            "filter_outliers": true,
            "iterations": 1,
            "std_devs": 2,
            "use_standard_deviation_filtering": false
        },
        "fit": "Linear",
        "fn": 387,
        "include_baseline_error": false,
        "n": 400,
        "outlier_excluded": [
            129,
            353,
            163,
            325,
            166,
            72,
            139,
            174,
            17,
            182,
            375,
            249,
            220
        ],
        "reviewed": true,
        "user_excluded": [],
        "value": 0.4288664325519497
    },
    "Ar39": {
        "error": 0.011585619248993215,
        "error_type": "SD",
        "filter_outliers_dict": {
            "filter_outliers": true,
            "iterations": 1,
            "std_devs": 2,
            "use_standard_deviation_filtering": false
        },
        "fit": "Parabolic",
        "fn": 376,
        "include_baseline_error": false,
        "n": 400,
        "outlier_excluded": [
            393,
            396,
            142,
            144,
            22,
            29,
            161,
            164,
            294,
            169,
            304,
            50,
            80,
            211,
            89,
            92,
            228,
            357,
            359,
            109,
            111,
            113,
            242,
            370
        ],
        "reviewed": true,
        "user_excluded": [],
        "value": 36.48036873632209
    },
    "Ar40": {
        "error": 0.02263313222267106,
        "error_type": "SD",
        "filter_outliers_dict": {
            "filter_outliers": true,
            "iterations": 1,
            "std_devs": 2,
            "use_standard_deviation_filtering": false
        },
        "fit": "Parabolic",
        "fn": 381,
        "include_baseline_error": false,
        "n": 400,
        "outlier_excluded": [
            0,
            64,
            160,
            353,
            69,
            390,
            233,
            14,
            80,
            17,
            178,
            83,
            277,
            214,
            23,
            341,
            282,
            283,
            124
        ],
        "reviewed": true,
        "user_excluded": [],
        "value": 8.441362933767284
    },
    "Ar41": {
        "error": 0.15382606574919827,
        "error_type": "SD",
        "filter_outliers_dict": {
            "filter_outliers": false,
            "iterations": 1,
            "std_devs": 1,
            "use_standard_deviation_filtering": false
        },
        "fit": "average_SEM",
        "value": 0.2692436876555439
    }
}