{
    "Ar36": {
        "error": 0.00027547570482368294,
        "error_type": "SD",
        "filter_outliers_dict": {
            "filter_outliers": true,
            "iterations": 1,
            "std_devs": 2,
            "use_standard_deviation_filtering": false
        },
        "fit": "Parabolic",
        "fn": 379,
        "include_baseline_error": false,
        "n": 400,
        "outlier_excluded": [
            2,
            67,
            68,
            290,
            230,
            356,
            388,
            169,
            171,
            12,
            332,
            110,
            143,
            178,
            308,
            214,
            119,
            376,
            218,
            250,
            319
        ],
        "reviewed": true,
        "user_excluded": [],
        "value": 0.017623547136530297
    },
    "Ar37": {
        "error": 0.012940722249365287,
        "error_type": "SD",
        "filter_outliers_dict": {
            "filter_outliers": true,
            "iterations": 1,
            "std_devs": 2,
            "use_standard_deviation_filtering": false
        },
        "fit": "Linear",
        "fn": 378,
        "include_baseline_error": false,
        "n": 400,
        "outlier_excluded": [
            390,
            10,
            35,
            163,
            292,
            38,
            166,
            299,
            46,
            53,
            319,
            65,
            67,
            198,
            210,
            339,
            220,
            221,
            96,
            359,
            379,
            381
        ],
        "reviewed": true,
        "user_excluded": [],
        "value": 0.045527039556769976
    },
    "Ar38": {
        "error": 0.01590313344728428,
        "error_type": "SD",
        "filter_outliers_dict": {
            "filter_outliers": true,
            "iterations": 1,
            "std_devs": 2,
            "use_standard_deviation_filtering": false
        },
        "fit": "Linear",
        "fn": 389,
        "include_baseline_error": false,
        "n": 400,
        "outlier_excluded": [
            352,
            41,
            44,
            141,
            111,
            113,
            178,
            310,
            376,
            92,
            348
        ],
        "reviewed": true,
        "user_excluded": [],
        "value": 0.8672196699404591
    },
    "Ar39": {
        "error": 0.014694365443353542,
        "error_type": "SD",
        "filter_outliers_dict": {
            "filter_outliers": true,
            "iterations": 1,
            "std_devs": 2,
            "use_standard_deviation_filtering": false
        },
        "fit": "Parabolic",
        "fn": 378,
        "include_baseline_error": false,
        "n": 400,
        "outlier_excluded": [
            261,
            134,
            24,
            282,
            31,
            288,
            293,
            303,
            304,
            58,
            59,
            187,
            317,
            188,
            191,
            198,
            85,
            367,
            114,
            246,
            374,
            382
        ],
        "reviewed": true,
        "user_excluded": [],
        "value": 71.76512434211853
    },
    "Ar40": {
        "error": 0.022193425465542385,
        "error_type": "SD",
        "filter_outliers_dict": {
            "filter_outliers": true,
            "iterations": 1,
            "std_devs": 2,
            "use_standard_deviation_filtering": false
        },
        "fit": "Parabolic",
        "fn": 381,
        "include_baseline_error": false,
        "n": 400,
        "outlier_excluded": [
            357,
            39,
            7,
            172,
            268,
            300,
            48,
            17,
            144,
            242,
            304,
            119,
            56,
            377,
            122,
            315,
            93,
            62,
            286
        ],
        "reviewed": true,
        "user_excluded": [],
        "value": 18.73222796615071
    },
    "Ar41": {
        "error": 0.14425171004951673,
        "error_type": "SD",
        "filter_outliers_dict": {
            "filter_outliers": false,
            "iterations": 1,
            "std_devs": 1,
            "use_standard_deviation_filtering": false
        },
        "fit": "average_SEM",
        "value": 0.2597540756437229
    }
}