{
    "Ar36": {
        "error": 0.0001897174359043332,
        "error_type": "SD",
        "filter_outliers_dict": {
            "filter_outliers": true,
            "iterations": 1,
            "std_devs": 2,
            "use_standard_deviation_filtering": false
        },
        "fit": "Parabolic",
        "fn": 379,
        "include_baseline_error": false,
        "n": 400,
        "outlier_excluded": [
            0,
            385,
            34,
            227,
            291,
            165,
            230,
            355,
            138,
            266,
            300,
            301,
            333,
            364,
            240,
            241,
            337,
            399,
            347,
            381,
            382
        ],
        "reviewed": true,
        "user_excluded": [],
        "value": 0.007755093001985713
    },
    "Ar37": {
        "error": 0.01138266852662417,
        "error_type": "SD",
        "filter_outliers_dict": {
            "filter_outliers": true,
            "iterations": 1,
            "std_devs": 2,
            "use_standard_deviation_filtering": false
        },
        "fit": "Linear",
        "fn": 379,
        "include_baseline_error": false,
        "n": 400,
        "outlier_excluded": [
            351,
            3,
            164,
            261,
            7,
            393,
            330,
            203,
            396,
            173,
            271,
            335,
            367,
            50,
            179,
            183,
            376,
            313,
            123,
            350,
            287
        ],
        "reviewed": true,
        "user_excluded": [],
        "value": 0.04809764481259568
    },
    "Ar38": {
        "error": 0.010750746096276721,
        "error_type": "SD",
        "filter_outliers_dict": {
            "filter_outliers": true,
            "iterations": 1,
            "std_devs": 2,
            "use_standard_deviation_filtering": false
        },
        "fit": "Linear",
        "fn": 373,
        "include_baseline_error": false,
        "n": 400,
        "outlier_excluded": [
            257,
            385,
            386,
            260,
            262,
            266,
            12,
            273,
            23,
            296,
            182,
            64,
            77,
            78,
            341,
            354,
            230,
            359,
            232,
            363,
            365,
            110,
            367,
            240,
            376,
            251,
            383
        ],
        "reviewed": true,
        "user_excluded": [],
        "value": 0.052733696791200754
    },
    "Ar39": {
        "error": 0.010374334878855408,
        "error_type": "SD",
        "filter_outliers_dict": {
            "filter_outliers": true,
            "iterations": 1,
            "std_devs": 2,
            "use_standard_deviation_filtering": false
        },
        "fit": "Parabolic",
        "fn": 382,
        "include_baseline_error": false,
        "n": 400,
        "outlier_excluded": [
            0,
            256,
            162,
            164,
            198,
            8,
            297,
            106,
            393,
            45,
            211,
            84,
            21,
            151,
            315,
            220,
            61,
            223
        ],
        "reviewed": true,
        "user_excluded": [],
        "value": 7.697281127465578
    },
    "Ar40": {
        "error": 0.020060209888183946,
        "error_type": "SD",
        "filter_outliers_dict": {
            "filter_outliers": true,
            "iterations": 1,
            "std_devs": 2,
            "use_standard_deviation_filtering": false
        },
        "fit": "Parabolic",
        "fn": 380,
        "include_baseline_error": false,
        "n": 400,
        "outlier_excluded": [
            65,
            321,
            103,
            104,
            41,
            42,
            265,
            267,
            398,
            81,
            209,
            19,
            83,
            54,
            119,
            57,
            186,
            313,
            29,
            286
        ],
        "reviewed": true,
        "user_excluded": [],
        "value": 3.4495398077960155
    },
    "Ar41": {
        "error": 0.13720434886458885,
        "error_type": "SD",
        "filter_outliers_dict": {
            "filter_outliers": false,
            "iterations": 1,
            "std_devs": 1,
            "use_standard_deviation_filtering": false
        },
        "fit": "average_SEM",
        "value": 0.25764028892328494
    }
}