{
    "Ar36": {
        "error": 0.00025103824824041816,
        "error_type": "SD",
        "filter_outliers_dict": {
            "filter_outliers": true,
            "iterations": 1,
            "std_devs": 2,
            "use_standard_deviation_filtering": false
        },
        "fit": "Parabolic",
        "fn": 378,
        "include_baseline_error": false,
        "n": 400,
        "outlier_excluded": [
            397,
            146,
            281,
            288,
            174,
            47,
            48,
            302,
            179,
            53,
            68,
            74,
            77,
            83,
            341,
            92,
            221,
            352,
            102,
            230,
            105,
            375
        ],
        "reviewed": true,
        "user_excluded": [],
        "value": 0.015750681701100194
    },
    "Ar37": {
        "error": 0.012999433031689763,
        "error_type": "SD",
        "filter_outliers_dict": {
            "filter_outliers": true,
            "iterations": 1,
            "std_devs": 2,
            "use_standard_deviation_filtering": false
        },
        "fit": "Linear",
        "fn": 383,
        "include_baseline_error": false,
        "n": 400,
        "outlier_excluded": [
            0,
            66,
            325,
            135,
            7,
            264,
            109,
            141,
            175,
            272,
            17,
            366,
            367,
            244,
            215,
            312,
            254
        ],
        "reviewed": true,
        "user_excluded": [],
        "value": 0.01566978158144298
    },
    "Ar38": {
        "error": 0.017038624598842922,
        "error_type": "SD",
        "filter_outliers_dict": {
            "filter_outliers": true,
            "iterations": 1,
            "std_devs": 2,
            "use_standard_deviation_filtering": false
        },
        "fit": "Linear",
        "fn": 385,
        "include_baseline_error": false,
        "n": 400,
        "outlier_excluded": [
            352,
            1,
            193,
            293,
            199,
            361,
            45,
            111,
            79,
            148,
            21,
            308,
            344,
            94,
            126
        ],
        "reviewed": true,
        "user_excluded": [],
        "value": 0.24824799552998783
    },
    "Ar39": {
        "error": 0.010497421257472692,
        "error_type": "SD",
        "filter_outliers_dict": {
            "filter_outliers": true,
            "iterations": 1,
            "std_devs": 2,
            "use_standard_deviation_filtering": false
        },
        "fit": "Parabolic",
        "fn": 383,
        "include_baseline_error": false,
        "n": 400,
        "outlier_excluded": [
            195,
            292,
            197,
            262,
            201,
            74,
            171,
            77,
            237,
            47,
            20,
            276,
            54,
            375,
            27,
            59,
            91
        ],
        "reviewed": true,
        "user_excluded": [],
        "value": 22.53817193761259
    },
    "Ar40": {
        "error": 0.019737147070975087,
        "error_type": "SD",
        "filter_outliers_dict": {
            "filter_outliers": true,
            "iterations": 1,
            "std_devs": 2,
            "use_standard_deviation_filtering": false
        },
        "fit": "Parabolic",
        "fn": 384,
        "include_baseline_error": false,
        "n": 400,
        "outlier_excluded": [
            352,
            193,
            290,
            8,
            170,
            362,
            173,
            142,
            368,
            305,
            83,
            309,
            342,
            311,
            281,
            127
        ],
        "reviewed": true,
        "user_excluded": [],
        "value": 8.55086106649745
    },
    "Ar41": {
        "error": 0.14328089906896935,
        "error_type": "SD",
        "filter_outliers_dict": {
            "filter_outliers": false,
            "iterations": 1,
            "std_devs": 1,
            "use_standard_deviation_filtering": false
        },
        "fit": "average_SEM",
        "value": 0.2647692793182796
    }
}