{
    "Ar36": {
        "error": 0.00017186812386488123,
        "error_type": "SD",
        "filter_outliers_dict": {
            "filter_outliers": true,
            "iterations": 1,
            "std_devs": 2,
            "use_standard_deviation_filtering": false
        },
        "fit": "Parabolic",
        "fn": 383,
        "include_baseline_error": false,
        "n": 400,
        "outlier_excluded": [
            322,
            292,
            230,
            263,
            39,
            233,
            391,
            331,
            332,
            365,
            339,
            245,
            279,
            375,
            218,
            378,
            348
        ],
        "reviewed": true,
        "user_excluded": [],
        "value": 0.0058090109793557405
    },
    "Ar37": {
        "error": 0.012321057374507043,
        "error_type": "SD",
        "filter_outliers_dict": {
            "filter_outliers": true,
            "iterations": 1,
            "std_devs": 2,
            "use_standard_deviation_filtering": false
        },
        "fit": "Linear",
        "fn": 381,
        "include_baseline_error": false,
        "n": 400,
        "outlier_excluded": [
            192,
            320,
            103,
            232,
            235,
            299,
            143,
            15,
            209,
            240,
            307,
            20,
            181,
            213,
            183,
            216,
            335,
            314,
            61
        ],
        "reviewed": true,
        "user_excluded": [],
        "value": 0.04590338921111646
    },
    "Ar38": {
        "error": 0.012357536123358246,
        "error_type": "SD",
        "filter_outliers_dict": {
            "filter_outliers": true,
            "iterations": 1,
            "std_devs": 2,
            "use_standard_deviation_filtering": false
        },
        "fit": "Linear",
        "fn": 372,
        "include_baseline_error": false,
        "n": 400,
        "outlier_excluded": [
            395,
            142,
            143,
            398,
            18,
            278,
            24,
            154,
            28,
            31,
            297,
            44,
            46,
            306,
            179,
            181,
            194,
            213,
            216,
            219,
            101,
            232,
            108,
            117,
            246,
            251,
            380,
            253
        ],
        "reviewed": true,
        "user_excluded": [],
        "value": 0.03654242913589153
    },
    "Ar39": {
        "error": 0.009592909333256306,
        "error_type": "SD",
        "filter_outliers_dict": {
            "filter_outliers": true,
            "iterations": 1,
            "std_devs": 2,
            "use_standard_deviation_filtering": false
        },
        "fit": "Parabolic",
        "fn": 382,
        "include_baseline_error": false,
        "n": 400,
        "outlier_excluded": [
            224,
            7,
            136,
            329,
            298,
            203,
            331,
            360,
            174,
            142,
            336,
            371,
            52,
            309,
            214,
            246,
            185,
            58
        ],
        "reviewed": true,
        "user_excluded": [],
        "value": 9.522453803555315
    },
    "Ar40": {
        "error": 0.020386496170409052,
        "error_type": "SD",
        "filter_outliers_dict": {
            "filter_outliers": true,
            "iterations": 1,
            "std_devs": 2,
            "use_standard_deviation_filtering": false
        },
        "fit": "Parabolic",
        "fn": 379,
        "include_baseline_error": false,
        "n": 400,
        "outlier_excluded": [
            96,
            33,
            130,
            322,
            353,
            37,
            133,
            8,
            10,
            234,
            267,
            45,
            330,
            144,
            115,
            374,
            215,
            28,
            156,
            221,
            317
        ],
        "reviewed": true,
        "user_excluded": [],
        "value": 3.16228324578392
    },
    "Ar41": {
        "error": 0.13518016840338115,
        "error_type": "SD",
        "filter_outliers_dict": {
            "filter_outliers": false,
            "iterations": 1,
            "std_devs": 1,
            "use_standard_deviation_filtering": false
        },
        "fit": "average_SEM",
        "value": 0.27113244110601953
    }
}