{
    "Ar36": {
        "error": 0.0002148061596586616,
        "error_type": "SD",
        "filter_outliers_dict": {
            "filter_outliers": true,
            "iterations": 1,
            "std_devs": 2,
            "use_standard_deviation_filtering": false
        },
        "fit": "Parabolic",
        "fn": 382,
        "include_baseline_error": false,
        "n": 400,
        "outlier_excluded": [
            383,
            323,
            394,
            299,
            363,
            237,
            174,
            78,
            144,
            273,
            397,
            307,
            86,
            247,
            311,
            348,
            190,
            63
        ],
        "reviewed": true,
        "user_excluded": [],
        "value": 0.007753336415012602
    },
    "Ar37": {
        "error": 0.012243944214907144,
        "error_type": "SD",
        "filter_outliers_dict": {
            "filter_outliers": true,
            "iterations": 1,
            "std_devs": 2,
            "use_standard_deviation_filtering": false
        },
        "fit": "Linear",
        "fn": 380,
        "include_baseline_error": false,
        "n": 400,
        "outlier_excluded": [
            256,
            68,
            102,
            359,
            391,
            105,
            42,
            43,
            44,
            171,
            365,
            239,
            208,
            272,
            21,
            247,
            280,
            217,
            186,
            28
        ],
        "reviewed": true,
        "user_excluded": [],
        "value": 0.031978590674605054
    },
    "Ar38": {
        "error": 0.01651450684269506,
        "error_type": "SD",
        "filter_outliers_dict": {
            "filter_outliers": true,
            "iterations": 1,
            "std_devs": 2,
            "use_standard_deviation_filtering": false
        },
        "fit": "Linear",
        "fn": 383,
        "include_baseline_error": false,
        "n": 400,
        "outlier_excluded": [
            385,
            133,
            165,
            198,
            263,
            328,
            391,
            235,
            269,
            18,
            274,
            276,
            151,
            346,
            187,
            286,
            191
        ],
        "reviewed": true,
        "user_excluded": [],
        "value": 0.1931781470406042
    },
    "Ar39": {
        "error": 0.01083479661737404,
        "error_type": "SD",
        "filter_outliers_dict": {
            "filter_outliers": true,
            "iterations": 1,
            "std_devs": 2,
            "use_standard_deviation_filtering": false
        },
        "fit": "Parabolic",
        "fn": 381,
        "include_baseline_error": false,
        "n": 400,
        "outlier_excluded": [
            384,
            34,
            292,
            134,
            102,
            299,
            301,
            366,
            47,
            144,
            176,
            117,
            25,
            154,
            186,
            252,
            281,
            282,
            350
        ],
        "reviewed": true,
        "user_excluded": [],
        "value": 21.189528671299428
    },
    "Ar40": {
        "error": 0.022658352467933626,
        "error_type": "SD",
        "filter_outliers_dict": {
            "filter_outliers": true,
            "iterations": 1,
            "std_devs": 2,
            "use_standard_deviation_filtering": false
        },
        "fit": "Parabolic",
        "fn": 381,
        "include_baseline_error": false,
        "n": 400,
        "outlier_excluded": [
            96,
            290,
            322,
            4,
            386,
            295,
            8,
            360,
            10,
            170,
            331,
            332,
            365,
            337,
            245,
            23,
            60,
            29,
            255
        ],
        "reviewed": true,
        "user_excluded": [],
        "value": 5.69041424088085
    },
    "Ar41": {
        "error": 0.1419297606470802,
        "error_type": "SD",
        "filter_outliers_dict": {
            "filter_outliers": false,
            "iterations": 1,
            "std_devs": 1,
            "use_standard_deviation_filtering": false
        },
        "fit": "average_SEM",
        "value": 0.2584285730769625
    }
}