{
    "Ar36": {
        "error": 0.00020368806627037224,
        "error_type": "SD",
        "filter_outliers_dict": {
            "filter_outliers": true,
            "iterations": 1,
            "std_devs": 2,
            "use_standard_deviation_filtering": false
        },
        "fit": "Parabolic",
        "fn": 383,
        "include_baseline_error": false,
        "n": 400,
        "outlier_excluded": [
            350,
            193,
            262,
            359,
            328,
            233,
            267,
            397,
            143,
            241,
            340,
            117,
            122,
            218,
            347,
            62,
            94
        ],
        "reviewed": true,
        "user_excluded": [],
        "value": 0.008226526876916572
    },
    "Ar37": {
        "error": 0.012713537173704964,
        "error_type": "SD",
        "filter_outliers_dict": {
            "filter_outliers": true,
            "iterations": 1,
            "std_devs": 2,
            "use_standard_deviation_filtering": false
        },
        "fit": "Linear",
        "fn": 385,
        "include_baseline_error": false,
        "n": 400,
        "outlier_excluded": [
            161,
            99,
            195,
            263,
            106,
            46,
            111,
            211,
            87,
            312,
            376,
            186,
            27,
            283,
            95
        ],
        "reviewed": true,
        "user_excluded": [],
        "value": 0.04716242551443914
    },
    "Ar38": {
        "error": 0.011394305283354528,
        "error_type": "SD",
        "filter_outliers_dict": {
            "filter_outliers": true,
            "iterations": 1,
            "std_devs": 2,
            "use_standard_deviation_filtering": false
        },
        "fit": "Linear",
        "fn": 368,
        "include_baseline_error": false,
        "n": 400,
        "outlier_excluded": [
            129,
            130,
            387,
            6,
            135,
            8,
            137,
            390,
            12,
            140,
            141,
            396,
            159,
            166,
            168,
            296,
            50,
            185,
            315,
            188,
            319,
            325,
            79,
            213,
            214,
            341,
            218,
            225,
            228,
            362,
            372,
            127
        ],
        "reviewed": true,
        "user_excluded": [],
        "value": 0.05798320908607494
    },
    "Ar39": {
        "error": 0.0097435273155133,
        "error_type": "SD",
        "filter_outliers_dict": {
            "filter_outliers": true,
            "iterations": 1,
            "std_devs": 2,
            "use_standard_deviation_filtering": false
        },
        "fit": "Parabolic",
        "fn": 381,
        "include_baseline_error": false,
        "n": 400,
        "outlier_excluded": [
            1,
            34,
            226,
            293,
            325,
            73,
            137,
            234,
            337,
            242,
            341,
            86,
            121,
            90,
            123,
            185,
            93,
            188,
            378
        ],
        "reviewed": true,
        "user_excluded": [],
        "value": 6.8573230624581285
    },
    "Ar40": {
        "error": 0.020565071455215186,
        "error_type": "SD",
        "filter_outliers_dict": {
            "filter_outliers": true,
            "iterations": 1,
            "std_devs": 2,
            "use_standard_deviation_filtering": false
        },
        "fit": "Parabolic",
        "fn": 379,
        "include_baseline_error": false,
        "n": 400,
        "outlier_excluded": [
            283,
            2,
            67,
            327,
            361,
            138,
            140,
            141,
            174,
            398,
            307,
            52,
            117,
            24,
            57,
            184,
            123,
            155,
            219,
            220,
            222
        ],
        "reviewed": true,
        "user_excluded": [],
        "value": 3.5840132473169914
    },
    "Ar41": {
        "error": 0.14691333619945926,
        "error_type": "SD",
        "filter_outliers_dict": {
            "filter_outliers": false,
            "iterations": 1,
            "std_devs": 1,
            "use_standard_deviation_filtering": false
        },
        "fit": "average_SEM",
        "value": 0.007383512471860741
    }
}