{
    "Ar36": {
        "error": 0.0001900840815233806,
        "error_type": "SD",
        "filter_outliers_dict": {
            "filter_outliers": true,
            "iterations": 1,
            "std_devs": 2,
            "use_standard_deviation_filtering": false
        },
        "fit": "Parabolic",
        "fn": 378,
        "include_baseline_error": false,
        "n": 400,
        "outlier_excluded": [
            136,
            9,
            392,
            272,
            277,
            286,
            301,
            176,
            53,
            59,
            190,
            195,
            77,
            342,
            348,
            351,
            232,
            109,
            111,
            243,
            376,
            253
        ],
        "reviewed": true,
        "user_excluded": [],
        "value": 0.006527987071488038
    },
    "Ar37": {
        "error": 0.012421416710506283,
        "error_type": "SD",
        "filter_outliers_dict": {
            "filter_outliers": true,
            "iterations": 1,
            "std_devs": 2,
            "use_standard_deviation_filtering": false
        },
        "fit": "Linear",
        "fn": 381,
        "include_baseline_error": false,
        "n": 400,
        "outlier_excluded": [
            315,
            194,
            132,
            38,
            294,
            265,
            393,
            205,
            365,
            179,
            151,
            56,
            88,
            55,
            187,
            313,
            285,
            286,
            287
        ],
        "reviewed": true,
        "user_excluded": [],
        "value": 0.05962309515883935
    },
    "Ar38": {
        "error": 0.012804363071346518,
        "error_type": "SD",
        "filter_outliers_dict": {
            "filter_outliers": true,
            "iterations": 1,
            "std_devs": 2,
            "use_standard_deviation_filtering": false
        },
        "fit": "Linear",
        "fn": 373,
        "include_baseline_error": false,
        "n": 400,
        "outlier_excluded": [
            384,
            389,
            9,
            395,
            397,
            155,
            157,
            31,
            35,
            298,
            172,
            53,
            57,
            315,
            188,
            317,
            190,
            64,
            321,
            68,
            328,
            78,
            334,
            218,
            219,
            369,
            126
        ],
        "reviewed": true,
        "user_excluded": [],
        "value": 0.0810784332061303
    },
    "Ar39": {
        "error": 0.01068131764432968,
        "error_type": "SD",
        "filter_outliers_dict": {
            "filter_outliers": true,
            "iterations": 1,
            "std_devs": 2,
            "use_standard_deviation_filtering": false
        },
        "fit": "Parabolic",
        "fn": 383,
        "include_baseline_error": false,
        "n": 400,
        "outlier_excluded": [
            161,
            68,
            230,
            167,
            263,
            362,
            44,
            13,
            109,
            83,
            20,
            375,
            57,
            155,
            157,
            158,
            383
        ],
        "reviewed": true,
        "user_excluded": [],
        "value": 11.287401187778826
    },
    "Ar40": {
        "error": 0.022198336368815748,
        "error_type": "SD",
        "filter_outliers_dict": {
            "filter_outliers": true,
            "iterations": 1,
            "std_devs": 2,
            "use_standard_deviation_filtering": false
        },
        "fit": "Parabolic",
        "fn": 384,
        "include_baseline_error": false,
        "n": 400,
        "outlier_excluded": [
            129,
            291,
            355,
            7,
            359,
            206,
            175,
            113,
            18,
            178,
            338,
            371,
            216,
            248,
            344,
            219
        ],
        "reviewed": true,
        "user_excluded": [],
        "value": 3.5740691145187924
    },
    "Ar41": {
        "error": 0.1367382092699631,
        "error_type": "SD",
        "filter_outliers_dict": {
            "filter_outliers": false,
            "iterations": 1,
            "std_devs": 1,
            "use_standard_deviation_filtering": false
        },
        "fit": "average_SEM",
        "value": 0.26399328516970855
    }
}