{
    "Ar36": {
        "error": 0.00011633623109075645,
        "error_type": "SEM",
        "filter_outliers_dict": {
            "filter_outliers": true,
            "iterations": 1,
            "std_devs": 2,
            "use_standard_deviation_filtering": false
        },
        "fit": "Parabolic",
        "fn": 377,
        "include_baseline_error": false,
        "n": 400,
        "outlier_excluded": [
            388,
            266,
            394,
            141,
            155,
            286,
            159,
            290,
            168,
            180,
            200,
            328,
            334,
            210,
            214,
            352,
            226,
            365,
            366,
            367,
            377,
            379,
            125
        ],
        "reviewed": true,
        "user_excluded": [],
        "value": 0.001254971829974587
    },
    "Ar37": {
        "error": 0.011999440436814056,
        "error_type": "SEM",
        "filter_outliers_dict": {
            "filter_outliers": true,
            "iterations": 1,
            "std_devs": 2,
            "use_standard_deviation_filtering": false
        },
        "fit": "Linear",
        "fn": 380,
        "include_baseline_error": false,
        "n": 400,
        "outlier_excluded": [
            64,
            99,
            324,
            230,
            231,
            174,
            48,
            337,
            307,
            371,
            341,
            373,
            216,
            249,
            186,
            313,
            156,
            61,
            314,
            127
        ],
        "reviewed": true,
        "user_excluded": [],
        "value": 0.03439276807644412
    },
    "Ar38": {
        "error": 0.011729264366693595,
        "error_type": "SEM",
        "filter_outliers_dict": {
            "filter_outliers": true,
            "iterations": 1,
            "std_devs": 2,
            "use_standard_deviation_filtering": false
        },
        "fit": "Linear",
        "fn": 382,
        "include_baseline_error": false,
        "n": 400,
        "outlier_excluded": [
            160,
            255,
            34,
            130,
            227,
            260,
            318,
            168,
            170,
            240,
            277,
            152,
            154,
            218,
            219,
            317,
            222,
            254
        ],
        "reviewed": true,
        "user_excluded": [],
        "value": -0.1683834342027012
    },
    "Ar39": {
        "error": 0.017801890414612897,
        "error_type": "SEM",
        "filter_outliers_dict": {
            "filter_outliers": true,
            "iterations": 1,
            "std_devs": 2,
            "use_standard_deviation_filtering": false
        },
        "fit": "Parabolic",
        "fn": 383,
        "include_baseline_error": false,
        "n": 400,
        "outlier_excluded": [
            353,
            67,
            5,
            6,
            133,
            135,
            199,
            42,
            394,
            237,
            270,
            370,
            179,
            116,
            247,
            186,
            316
        ],
        "reviewed": true,
        "user_excluded": [],
        "value": 0.014001330810984761
    },
    "Ar40": {
        "error": 0.020148502301615384,
        "error_type": "SEM",
        "filter_outliers_dict": {
            "filter_outliers": true,
            "iterations": 1,
            "std_devs": 2,
            "use_standard_deviation_filtering": false
        },
        "fit": "Parabolic",
        "fn": 383,
        "include_baseline_error": false,
        "n": 400,
        "outlier_excluded": [
            257,
            135,
            75,
            142,
            79,
            48,
            18,
            19,
            84,
            212,
            150,
            243,
            375,
            314,
            188,
            285,
            383
        ],
        "reviewed": true,
        "user_excluded": [],
        "value": 0.20189052322565693
    },
    "Ar41": {
        "error": 0.005808004515370687,
        "error_type": "SEM",
        "filter_outliers_dict": {
            "filter_outliers": false,
            "iterations": 1,
            "std_devs": 2,
            "use_standard_deviation_filtering": false
        },
        "fit": "average",
        "value": -0.05716283522648155
    }
}