{
    "Ar36": {
        "error": 0.00012592118815444578,
        "error_type": "SEM",
        "filter_outliers_dict": {
            "filter_outliers": true,
            "iterations": 1,
            "std_devs": 2,
            "use_standard_deviation_filtering": false
        },
        "fit": "Parabolic",
        "fn": 380,
        "include_baseline_error": false,
        "n": 400,
        "outlier_excluded": [
            320,
            163,
            260,
            292,
            134,
            357,
            168,
            233,
            265,
            359,
            303,
            209,
            338,
            211,
            308,
            309,
            339,
            248,
            218,
            283
        ],
        "reviewed": true,
        "user_excluded": [],
        "value": 0.0013543694305572537
    },
    "Ar37": {
        "error": 0.012640876694964826,
        "error_type": "SEM",
        "filter_outliers_dict": {
            "filter_outliers": true,
            "iterations": 1,
            "std_devs": 2,
            "use_standard_deviation_filtering": false
        },
        "fit": "Linear",
        "fn": 381,
        "include_baseline_error": false,
        "n": 400,
        "outlier_excluded": [
            97,
            135,
            39,
            328,
            361,
            363,
            396,
            334,
            367,
            305,
            370,
            115,
            212,
            340,
            372,
            343,
            59,
            124,
            317
        ],
        "reviewed": true,
        "user_excluded": [],
        "value": 0.011365080471530769
    },
    "Ar38": {
        "error": 0.012323249135118017,
        "error_type": "SEM",
        "filter_outliers_dict": {
            "filter_outliers": true,
            "iterations": 1,
            "std_devs": 2,
            "use_standard_deviation_filtering": false
        },
        "fit": "Linear",
        "fn": 386,
        "include_baseline_error": false,
        "n": 400,
        "outlier_excluded": [
            65,
            2,
            134,
            230,
            202,
            107,
            139,
            141,
            144,
            240,
            305,
            56,
            26,
            284
        ],
        "reviewed": true,
        "user_excluded": [],
        "value": -0.1771617448690173
    },
    "Ar39": {
        "error": 0.019333054162151083,
        "error_type": "SEM",
        "filter_outliers_dict": {
            "filter_outliers": true,
            "iterations": 1,
            "std_devs": 2,
            "use_standard_deviation_filtering": false
        },
        "fit": "Parabolic",
        "fn": 386,
        "include_baseline_error": false,
        "n": 400,
        "outlier_excluded": [
            384,
            33,
            69,
            6,
            199,
            74,
            266,
            110,
            334,
            113,
            50,
            114,
            344,
            219
        ],
        "reviewed": true,
        "user_excluded": [],
        "value": -0.007219845967450509
    },
    "Ar40": {
        "error": 0.02099060423492998,
        "error_type": "SEM",
        "filter_outliers_dict": {
            "filter_outliers": true,
            "iterations": 1,
            "std_devs": 2,
            "use_standard_deviation_filtering": false
        },
        "fit": "Parabolic",
        "fn": 379,
        "include_baseline_error": false,
        "n": 400,
        "outlier_excluded": [
            320,
            384,
            162,
            357,
            103,
            8,
            9,
            72,
            170,
            295,
            362,
            365,
            271,
            367,
            368,
            369,
            115,
            152,
            89,
            248,
            350
        ],
        "reviewed": true,
        "user_excluded": [],
        "value": 0.2389384454253346
    },
    "Ar41": {
        "error": 0.005570188838130044,
        "error_type": "SEM",
        "filter_outliers_dict": {
            "filter_outliers": true,
            "iterations": 1,
            "std_devs": 2,
            "use_standard_deviation_filtering": false
        },
        "fit": "average",
        "value": -0.060971155921588575
    }
}