{
    "Ar36": {
        "error": 0.00015486216084344237,
        "error_type": "SEM",
        "filter_outliers_dict": {
            "filter_outliers": true,
            "iterations": 1,
            "std_devs": 2,
            "use_standard_deviation_filtering": false
        },
        "fit": "Parabolic",
        "fn": 381,
        "include_baseline_error": false,
        "n": 400,
        "outlier_excluded": [
            289,
            389,
            231,
            200,
            328,
            202,
            299,
            395,
            269,
            78,
            367,
            397,
            372,
            277,
            184,
            249,
            123,
            254,
            351
        ],
        "reviewed": true,
        "user_excluded": [],
        "value": 0.0011545914273773355
    },
    "Ar37": {
        "error": 0.012546275636771064,
        "error_type": "SEM",
        "filter_outliers_dict": {
            "filter_outliers": true,
            "iterations": 1,
            "std_devs": 2,
            "use_standard_deviation_filtering": false
        },
        "fit": "Linear",
        "fn": 384,
        "include_baseline_error": false,
        "n": 400,
        "outlier_excluded": [
            95,
            31,
            34,
            228,
            103,
            140,
            141,
            110,
            111,
            367,
            369,
            179,
            276,
            378,
            29,
            63
        ],
        "reviewed": true,
        "user_excluded": [],
        "value": 0.00661145439099925
    },
    "Ar38": {
        "error": 0.011930520983450455,
        "error_type": "SEM",
        "filter_outliers_dict": {
            "filter_outliers": true,
            "iterations": 1,
            "std_devs": 2,
            "use_standard_deviation_filtering": false
        },
        "fit": "Linear",
        "fn": 383,
        "include_baseline_error": false,
        "n": 400,
        "outlier_excluded": [
            1,
            129,
            259,
            324,
            356,
            358,
            391,
            74,
            12,
            114,
            179,
            212,
            117,
            122,
            186,
            317,
            222
        ],
        "reviewed": true,
        "user_excluded": [],
        "value": -0.1888737305384887
    },
    "Ar39": {
        "error": 0.01892412525987485,
        "error_type": "SEM",
        "filter_outliers_dict": {
            "filter_outliers": true,
            "iterations": 1,
            "std_devs": 2,
            "use_standard_deviation_filtering": false
        },
        "fit": "Parabolic",
        "fn": 381,
        "include_baseline_error": false,
        "n": 400,
        "outlier_excluded": [
            96,
            67,
            72,
            392,
            203,
            331,
            109,
            112,
            113,
            50,
            19,
            114,
            21,
            117,
            340,
            250,
            251,
            253,
            126
        ],
        "reviewed": true,
        "user_excluded": [],
        "value": -0.00015353615707272214
    },
    "Ar40": {
        "error": 0.02276753911937701,
        "error_type": "SEM",
        "filter_outliers_dict": {
            "filter_outliers": true,
            "iterations": 1,
            "std_devs": 2,
            "use_standard_deviation_filtering": false
        },
        "fit": "Parabolic",
        "fn": 382,
        "include_baseline_error": false,
        "n": 400,
        "outlier_excluded": [
            223,
            384,
            226,
            99,
            325,
            6,
            40,
            9,
            297,
            360,
            270,
            47,
            114,
            370,
            213,
            157,
            189,
            190
        ],
        "reviewed": true,
        "user_excluded": [],
        "value": 0.09268300311594169
    },
    "Ar41": {
        "error": 0.005311017201602535,
        "error_type": "SEM",
        "filter_outliers_dict": {
            "filter_outliers": true,
            "iterations": 1,
            "std_devs": 2,
            "use_standard_deviation_filtering": false
        },
        "fit": "average",
        "value": 0.19640105534344912
    }
}