{
    "Ar36": {
        "error": 0.0001431648732053677,
        "error_type": "SEM",
        "filter_outliers_dict": {
            "filter_outliers": true,
            "iterations": 1,
            "std_devs": 2,
            "use_standard_deviation_filtering": false
        },
        "fit": "Parabolic",
        "fn": 382,
        "include_baseline_error": false,
        "n": 400,
        "outlier_excluded": [
            0,
            322,
            355,
            325,
            296,
            392,
            267,
            238,
            239,
            240,
            273,
            148,
            308,
            151,
            218,
            378,
            317,
            382
        ],
        "reviewed": true,
        "user_excluded": [],
        "value": 0.0010758715383142844
    },
    "Ar37": {
        "error": 0.011666353229741983,
        "error_type": "SEM",
        "filter_outliers_dict": {
            "filter_outliers": true,
            "iterations": 1,
            "std_devs": 2,
            "use_standard_deviation_filtering": false
        },
        "fit": "Linear",
        "fn": 380,
        "include_baseline_error": false,
        "n": 400,
        "outlier_excluded": [
            97,
            226,
            387,
            324,
            393,
            79,
            208,
            369,
            146,
            147,
            52,
            338,
            86,
            87,
            119,
            123,
            252,
            93,
            254,
            283
        ],
        "reviewed": true,
        "user_excluded": [],
        "value": 0.02537756918833503
    },
    "Ar38": {
        "error": 0.01173292944177982,
        "error_type": "SEM",
        "filter_outliers_dict": {
            "filter_outliers": true,
            "iterations": 1,
            "std_devs": 2,
            "use_standard_deviation_filtering": false
        },
        "fit": "Linear",
        "fn": 381,
        "include_baseline_error": false,
        "n": 400,
        "outlier_excluded": [
            160,
            129,
            194,
            195,
            259,
            197,
            387,
            135,
            327,
            41,
            363,
            332,
            396,
            238,
            177,
            370,
            245,
            312,
            93
        ],
        "reviewed": true,
        "user_excluded": [],
        "value": -0.1728467656933998
    },
    "Ar39": {
        "error": 0.01999431799618958,
        "error_type": "SEM",
        "filter_outliers_dict": {
            "filter_outliers": true,
            "iterations": 1,
            "std_devs": 2,
            "use_standard_deviation_filtering": false
        },
        "fit": "Parabolic",
        "fn": 384,
        "include_baseline_error": false,
        "n": 400,
        "outlier_excluded": [
            350,
            109,
            13,
            49,
            273,
            211,
            372,
            53,
            54,
            57,
            218,
            251,
            124,
            220,
            253,
            281
        ],
        "reviewed": true,
        "user_excluded": [],
        "value": 0.0041524836886094275
    },
    "Ar40": {
        "error": 0.02431446449352748,
        "error_type": "SEM",
        "filter_outliers_dict": {
            "filter_outliers": true,
            "iterations": 1,
            "std_devs": 2,
            "use_standard_deviation_filtering": false
        },
        "fit": "Parabolic",
        "fn": 386,
        "include_baseline_error": false,
        "n": 400,
        "outlier_excluded": [
            160,
            259,
            7,
            11,
            143,
            399,
            81,
            337,
            371,
            278,
            375,
            156,
            221,
            253
        ],
        "reviewed": true,
        "user_excluded": [],
        "value": 0.3193203409237386
    },
    "Ar41": {
        "error": 0.005865861349294889,
        "error_type": "SEM",
        "filter_outliers_dict": {
            "filter_outliers": true,
            "iterations": 1,
            "std_devs": 2,
            "use_standard_deviation_filtering": false
        },
        "fit": "average",
        "value": 0.20419775581911342
    }
}