{
    "Ar36": {
        "error": 0.00014412373280559167,
        "error_type": "SEM",
        "filter_outliers_dict": {
            "filter_outliers": true,
            "iterations": 1,
            "std_devs": 2,
            "use_standard_deviation_filtering": false
        },
        "fit": "Parabolic",
        "fn": 377,
        "include_baseline_error": false,
        "n": 400,
        "outlier_excluded": [
            0,
            262,
            390,
            392,
            148,
            154,
            283,
            293,
            184,
            318,
            343,
            221,
            353,
            354,
            357,
            230,
            360,
            368,
            373,
            376,
            379,
            252,
            127
        ],
        "reviewed": true,
        "user_excluded": [],
        "value": 0.0009321240759755695
    },
    "Ar37": {
        "error": 0.013112876441904396,
        "error_type": "SEM",
        "filter_outliers_dict": {
            "filter_outliers": true,
            "iterations": 1,
            "std_devs": 2,
            "use_standard_deviation_filtering": false
        },
        "fit": "Linear",
        "fn": 379,
        "include_baseline_error": false,
        "n": 400,
        "outlier_excluded": [
            383,
            2,
            34,
            226,
            325,
            358,
            73,
            43,
            76,
            140,
            237,
            238,
            272,
            113,
            114,
            300,
            332,
            213,
            125,
            94,
            255
        ],
        "reviewed": true,
        "user_excluded": [],
        "value": 0.004327817426255701
    },
    "Ar38": {
        "error": 0.012157875883601805,
        "error_type": "SEM",
        "filter_outliers_dict": {
            "filter_outliers": true,
            "iterations": 1,
            "std_devs": 2,
            "use_standard_deviation_filtering": false
        },
        "fit": "Linear",
        "fn": 379,
        "include_baseline_error": false,
        "n": 400,
        "outlier_excluded": [
            384,
            353,
            387,
            388,
            101,
            69,
            133,
            232,
            261,
            394,
            204,
            333,
            270,
            79,
            274,
            116,
            85,
            250,
            282,
            93,
            125
        ],
        "reviewed": true,
        "user_excluded": [],
        "value": -0.1309162133313026
    },
    "Ar39": {
        "error": 0.01933258015221704,
        "error_type": "SEM",
        "filter_outliers_dict": {
            "filter_outliers": true,
            "iterations": 1,
            "std_devs": 2,
            "use_standard_deviation_filtering": false
        },
        "fit": "Parabolic",
        "fn": 383,
        "include_baseline_error": false,
        "n": 400,
        "outlier_excluded": [
            35,
            229,
            137,
            235,
            140,
            365,
            146,
            179,
            211,
            85,
            338,
            342,
            375,
            90,
            347,
            286,
            318
        ],
        "reviewed": true,
        "user_excluded": [],
        "value": -0.031147704434990986
    },
    "Ar40": {
        "error": 0.021796609426201093,
        "error_type": "SEM",
        "filter_outliers_dict": {
            "filter_outliers": true,
            "iterations": 1,
            "std_devs": 2,
            "use_standard_deviation_filtering": false
        },
        "fit": "Parabolic",
        "fn": 387,
        "include_baseline_error": false,
        "n": 400,
        "outlier_excluded": [
            196,
            232,
            360,
            13,
            109,
            143,
            237,
            239,
            270,
            343,
            60,
            157,
            189
        ],
        "reviewed": true,
        "user_excluded": [],
        "value": 0.23999781735776052
    },
    "Ar41": {
        "error": 0.005308556444137037,
        "error_type": "SEM",
        "filter_outliers_dict": {
            "filter_outliers": true,
            "iterations": 1,
            "std_devs": 2,
            "use_standard_deviation_filtering": false
        },
        "fit": "average",
        "value": -0.04553260914625054
    }
}