{
    "AX": {
        "error": 0.008776469203642823,
        "error_type": "SEM",
        "filter_outliers_dict": {
            "filter_outliers": true,
            "iterations": 1,
            "std_devs": 2,
            "use_standard_deviation_filtering": false
        },
        "fit": "Average",
        "fn": 113,
        "include_baseline_error": false,
        "n": 120,
        "outlier_excluded": [
            3,
            72,
            74,
            106,
            112,
            90,
            60
        ],
        "reviewed": true,
        "user_excluded": [],
        "value": -0.019906305409226138
    },
    "CDD": {
        "error": 0.0,
        "error_type": "SEM",
        "filter_outliers_dict": {
            "filter_outliers": true,
            "iterations": 1,
            "std_devs": 10,
            "use_standard_deviation_filtering": false
        },
        "fit": "Average",
        "fn": 0,
        "include_baseline_error": false,
        "n": 120,
        "outlier_excluded": [
            0,
            1,
            2,
            3,
            4,
            5,
            6,
            7,
            8,
            9,
            10,
            11,
            12,
            13,
            14,
            15,
            16,
            17,
            18,
            19,
            20,
            21,
            22,
            23,
            24,
            25,
            26,
            27,
            28,
            29,
            30,
            31,
            32,
            33,
            34,
            35,
            36,
            37,
            38,
            39,
            40,
            41,
            42,
            43,
            44,
            45,
            46,
            47,
            48,
            49,
            50,
            51,
            52,
            53,
            54,
            55,
            56,
            57,
            58,
            59,
            60,
            61,
            62,
            63,
            64,
            65,
            66,
            67,
            68,
            69,
            70,
            71,
            72,
            73,
            74,
            75,
            76,
            77,
            78,
            79,
            80,
            81,
            82,
            83,
            84,
            85,
            86,
            87,
            88,
            89,
            90,
            91,
            92,
            93,
            94,
            95,
            96,
            97,
            98,
            99,
            100,
            101,
            102,
            103,
            104,
            105,
            106,
            107,
            108,
            109,
            110,
            111,
            112,
            113,
            114,
            115,
            116,
            117,
            118,
            119
        ],
        "reviewed": true,
        "user_excluded": [],
        "value": 0.0
    },
    "H1": {
        "error": 0.011229947318829162,
        "error_type": "SEM",
        "filter_outliers_dict": {
            "filter_outliers": true,
            "iterations": 1,
            "std_devs": 2,
            "use_standard_deviation_filtering": false
        },
        "fit": "Average",
        "fn": 112,
        "include_baseline_error": false,
        "n": 120,
        "outlier_excluded": [
            64,
            42,
            44,
            14,
            80,
            117,
            28,
            60
        ],
        "reviewed": true,
        "user_excluded": [],
        "value": 0.050843450848463236
    },
    "H2": {
        "error": 0.009987300842410774,
        "error_type": "SEM",
        "filter_outliers_dict": {
            "filter_outliers": true,
            "iterations": 1,
            "std_devs": 2,
            "use_standard_deviation_filtering": false
        },
        "fit": "average",
        "value": -0.06681058101517999
    },
    "L1": {
        "error": 0.008987698963900581,
        "error_type": "SEM",
        "filter_outliers_dict": {
            "filter_outliers": true,
            "iterations": 1,
            "std_devs": 2,
            "use_standard_deviation_filtering": false
        },
        "fit": "Average",
        "fn": 115,
        "include_baseline_error": false,
        "n": 120,
        "outlier_excluded": [
            80,
            19,
            5,
            93,
            47
        ],
        "reviewed": true,
        "user_excluded": [],
        "value": -0.1446160552294358
    },
    "L2": {
        "error": 0.010378149461657701,
        "error_type": "SEM",
        "filter_outliers_dict": {
            "filter_outliers": true,
            "iterations": 1,
            "std_devs": 2,
            "use_standard_deviation_filtering": false
        },
        "fit": "Average",
        "fn": 113,
        "include_baseline_error": false,
        "n": 120,
        "outlier_excluded": [
            36,
            37,
            44,
            19,
            87,
            58,
            91
        ],
        "reviewed": true,
        "user_excluded": [],
        "value": 0.0022354871900010427
    }
}