{
    "Ar36": {
        "error": 0.0009119888820163712,
        "error_type": "SD",
        "filter_outliers_dict": {
            "filter_outliers": true,
            "iterations": 1,
            "std_devs": 2,
            "use_standard_deviation_filtering": false
        },
        "fit": "Parabolic",
        "fn": 378,
        "include_baseline_error": false,
        "n": 400,
        "outlier_excluded": [
            258,
            266,
            144,
            274,
            148,
            21,
            153,
            31,
            36,
            294,
            316,
            75,
            335,
            336,
            209,
            339,
            215,
            350,
            230,
            238,
            245,
            379
        ],
        "reviewed": true,
        "user_excluded": [],
        "value": 0.29496884128898393
    },
    "Ar37": {
        "error": 0.01299551273841329,
        "error_type": "SD",
        "filter_outliers_dict": {
            "filter_outliers": true,
            "iterations": 1,
            "std_devs": 2,
            "use_standard_deviation_filtering": false
        },
        "fit": "Linear",
        "fn": 384,
        "include_baseline_error": false,
        "n": 400,
        "outlier_excluded": [
            197,
            135,
            168,
            362,
            107,
            44,
            173,
            208,
            337,
            370,
            277,
            311,
            152,
            345,
            347,
            349
        ],
        "reviewed": true,
        "user_excluded": [],
        "value": 0.023079560073747285
    },
    "Ar38": {
        "error": 0.015286330880516476,
        "error_type": "SD",
        "filter_outliers_dict": {
            "filter_outliers": true,
            "iterations": 1,
            "std_devs": 2,
            "use_standard_deviation_filtering": false
        },
        "fit": "Linear",
        "fn": 381,
        "include_baseline_error": false,
        "n": 400,
        "outlier_excluded": [
            96,
            388,
            357,
            389,
            135,
            390,
            74,
            170,
            206,
            303,
            273,
            242,
            275,
            150,
            55,
            24,
            25,
            188,
            29
        ],
        "reviewed": true,
        "user_excluded": [],
        "value": -0.015860374592096847
    },
    "Ar39": {
        "error": 0.008420222236946313,
        "error_type": "SD",
        "filter_outliers_dict": {
            "filter_outliers": true,
            "iterations": 1,
            "std_devs": 2,
            "use_standard_deviation_filtering": false
        },
        "fit": "Parabolic",
        "fn": 384,
        "include_baseline_error": false,
        "n": 400,
        "outlier_excluded": [
            97,
            257,
            387,
            37,
            389,
            201,
            106,
            235,
            265,
            366,
            398,
            307,
            375,
            250,
            381,
            222
        ],
        "reviewed": true,
        "user_excluded": [],
        "value": 0.02420067527789987
    },
    "Ar40": {
        "error": 0.02577106854690824,
        "error_type": "SD",
        "filter_outliers_dict": {
            "filter_outliers": true,
            "iterations": 1,
            "std_devs": 2,
            "use_standard_deviation_filtering": false
        },
        "fit": "Parabolic",
        "fn": 382,
        "include_baseline_error": false,
        "n": 400,
        "outlier_excluded": [
            255,
            288,
            68,
            297,
            361,
            300,
            109,
            303,
            82,
            114,
            210,
            213,
            308,
            374,
            344,
            346,
            315,
            63
        ],
        "reviewed": true,
        "user_excluded": [],
        "value": 89.87391807813005
    },
    "Ar41": {
        "error": 0.14754504289524276,
        "error_type": "SD",
        "filter_outliers_dict": {
            "filter_outliers": false,
            "iterations": 1,
            "std_devs": 1,
            "use_standard_deviation_filtering": false
        },
        "fit": "average_SEM",
        "value": 0.2626179254526505
    }
}