{
    "Ar36": {
        "error": 0.006223710387007894,
        "error_type": "SD",
        "filter_outliers_dict": {
            "filter_outliers": true,
            "iterations": 1,
            "std_devs": 2,
            "use_standard_deviation_filtering": false
        },
        "fit": "Parabolic",
        "fn": 381,
        "include_baseline_error": false,
        "n": 400,
        "outlier_excluded": [
            194,
            263,
            295,
            74,
            43,
            363,
            77,
            270,
            336,
            51,
            244,
            276,
            214,
            57,
            154,
            91,
            252,
            93,
            377
        ],
        "reviewed": true,
        "user_excluded": [],
        "value": 8.450592253044219
    },
    "Ar37": {
        "error": 0.014045248875397081,
        "error_type": "SD",
        "filter_outliers_dict": {
            "filter_outliers": true,
            "iterations": 1,
            "std_devs": 2,
            "use_standard_deviation_filtering": false
        },
        "fit": "Linear",
        "fn": 382,
        "include_baseline_error": false,
        "n": 400,
        "outlier_excluded": [
            66,
            194,
            290,
            166,
            230,
            137,
            297,
            11,
            236,
            173,
            238,
            302,
            399,
            148,
            22,
            250,
            219,
            190
        ],
        "reviewed": true,
        "user_excluded": [],
        "value": 0.03212015001183284
    },
    "Ar38": {
        "error": 0.013860816686450495,
        "error_type": "SD",
        "filter_outliers_dict": {
            "filter_outliers": true,
            "iterations": 1,
            "std_devs": 2,
            "use_standard_deviation_filtering": false
        },
        "fit": "Linear",
        "fn": 383,
        "include_baseline_error": false,
        "n": 400,
        "outlier_excluded": [
            68,
            70,
            41,
            298,
            332,
            239,
            368,
            210,
            371,
            212,
            340,
            342,
            153,
            315,
            156,
            190,
            127
        ],
        "reviewed": true,
        "user_excluded": [],
        "value": 1.5773792121570018
    },
    "Ar39": {
        "error": 0.010078830125963627,
        "error_type": "SD",
        "filter_outliers_dict": {
            "filter_outliers": true,
            "iterations": 1,
            "std_devs": 2,
            "use_standard_deviation_filtering": false
        },
        "fit": "Parabolic",
        "fn": 384,
        "include_baseline_error": false,
        "n": 400,
        "outlier_excluded": [
            128,
            262,
            264,
            12,
            204,
            143,
            303,
            368,
            179,
            340,
            21,
            86,
            117,
            285,
            158,
            381
        ],
        "reviewed": true,
        "user_excluded": [],
        "value": -0.025305779736667106
    },
    "Ar40": {
        "error": 0.10407383053888902,
        "error_type": "SD",
        "filter_outliers_dict": {
            "filter_outliers": true,
            "iterations": 1,
            "std_devs": 2,
            "use_standard_deviation_filtering": false
        },
        "fit": "Parabolic",
        "fn": 382,
        "include_baseline_error": false,
        "n": 400,
        "outlier_excluded": [
            0,
            130,
            260,
            167,
            136,
            105,
            231,
            361,
            236,
            362,
            334,
            49,
            50,
            51,
            210,
            87,
            23,
            122
        ],
        "reviewed": true,
        "user_excluded": [],
        "value": 2565.052753241529
    },
    "Ar41": {
        "error": 0.1574727689010433,
        "error_type": "SD",
        "filter_outliers_dict": {
            "filter_outliers": false,
            "iterations": 1,
            "std_devs": 1,
            "use_standard_deviation_filtering": false
        },
        "fit": "average_SEM",
        "value": 0.31592254152463284
    }
}