{
    "Ar36": {
        "error": 0.0009192281571578656,
        "error_type": "SD",
        "filter_outliers_dict": {
            "filter_outliers": true,
            "iterations": 1,
            "std_devs": 2,
            "use_standard_deviation_filtering": false
        },
        "fit": "Parabolic",
        "fn": 379,
        "include_baseline_error": false,
        "n": 400,
        "outlier_excluded": [
            160,
            192,
            255,
            256,
            291,
            357,
            358,
            42,
            202,
            299,
            112,
            209,
            211,
            52,
            21,
            245,
            310,
            91,
            125,
            62,
            94
        ],
        "reviewed": true,
        "user_excluded": [],
        "value": 0.29661218019243507
    },
    "Ar37": {
        "error": 0.013693142102727464,
        "error_type": "SD",
        "filter_outliers_dict": {
            "filter_outliers": true,
            "iterations": 1,
            "std_devs": 2,
            "use_standard_deviation_filtering": false
        },
        "fit": "Linear",
        "fn": 388,
        "include_baseline_error": false,
        "n": 400,
        "outlier_excluded": [
            195,
            100,
            7,
            105,
            332,
            269,
            270,
            306,
            341,
            312,
            27,
            190
        ],
        "reviewed": true,
        "user_excluded": [],
        "value": 0.04631076744072008
    },
    "Ar38": {
        "error": 0.014253699825998343,
        "error_type": "SD",
        "filter_outliers_dict": {
            "filter_outliers": true,
            "iterations": 1,
            "std_devs": 2,
            "use_standard_deviation_filtering": false
        },
        "fit": "Linear",
        "fn": 381,
        "include_baseline_error": false,
        "n": 400,
        "outlier_excluded": [
            65,
            66,
            3,
            193,
            69,
            292,
            354,
            297,
            266,
            203,
            12,
            364,
            50,
            116,
            216,
            25,
            124,
            220,
            317
        ],
        "reviewed": true,
        "user_excluded": [],
        "value": 0.020289277656909646
    },
    "Ar39": {
        "error": 0.009080868987173904,
        "error_type": "SD",
        "filter_outliers_dict": {
            "filter_outliers": true,
            "iterations": 1,
            "std_devs": 2,
            "use_standard_deviation_filtering": false
        },
        "fit": "Parabolic",
        "fn": 383,
        "include_baseline_error": false,
        "n": 400,
        "outlier_excluded": [
            382,
            34,
            322,
            105,
            235,
            333,
            112,
            370,
            309,
            118,
            342,
            58,
            250,
            188,
            29,
            350,
            223
        ],
        "reviewed": true,
        "user_excluded": [],
        "value": 0.022890605597288914
    },
    "Ar40": {
        "error": 0.025313540976444025,
        "error_type": "SD",
        "filter_outliers_dict": {
            "filter_outliers": true,
            "iterations": 1,
            "std_devs": 2,
            "use_standard_deviation_filtering": false
        },
        "fit": "Parabolic",
        "fn": 383,
        "include_baseline_error": false,
        "n": 400,
        "outlier_excluded": [
            196,
            260,
            325,
            297,
            44,
            364,
            336,
            368,
            369,
            83,
            115,
            212,
            182,
            309,
            344,
            377,
            58
        ],
        "reviewed": true,
        "user_excluded": [],
        "value": 89.61946610289297
    },
    "Ar41": {
        "error": 0.13157589543224033,
        "error_type": "SD",
        "filter_outliers_dict": {
            "filter_outliers": false,
            "iterations": 1,
            "std_devs": 1,
            "use_standard_deviation_filtering": false
        },
        "fit": "average_SEM",
        "value": -0.0021713725031440845
    }
}