{
    "Ar36": {
        "error": 0.00546116326230539,
        "error_type": "SD",
        "filter_outliers_dict": {
            "filter_outliers": true,
            "iterations": 1,
            "std_devs": 2,
            "use_standard_deviation_filtering": false
        },
        "fit": "Parabolic",
        "fn": 383,
        "include_baseline_error": false,
        "n": 400,
        "outlier_excluded": [
            96,
            129,
            162,
            355,
            325,
            134,
            135,
            72,
            48,
            17,
            176,
            305,
            342,
            88,
            220,
            62,
            95
        ],
        "reviewed": true,
        "user_excluded": [],
        "value": 8.777967445708242
    },
    "Ar37": {
        "error": 0.01318903790500214,
        "error_type": "SD",
        "filter_outliers_dict": {
            "filter_outliers": true,
            "iterations": 1,
            "std_devs": 2,
            "use_standard_deviation_filtering": false
        },
        "fit": "Linear",
        "fn": 383,
        "include_baseline_error": false,
        "n": 400,
        "outlier_excluded": [
            256,
            288,
            200,
            328,
            330,
            171,
            12,
            397,
            366,
            242,
            370,
            119,
            345,
            250,
            380,
            126,
            383
        ],
        "reviewed": true,
        "user_excluded": [],
        "value": 0.021292854572050168
    },
    "Ar38": {
        "error": 0.016711982315743397,
        "error_type": "SD",
        "filter_outliers_dict": {
            "filter_outliers": true,
            "iterations": 1,
            "std_devs": 2,
            "use_standard_deviation_filtering": false
        },
        "fit": "Linear",
        "fn": 381,
        "include_baseline_error": false,
        "n": 400,
        "outlier_excluded": [
            287,
            97,
            259,
            132,
            5,
            101,
            166,
            260,
            391,
            109,
            237,
            334,
            113,
            184,
            216,
            122,
            348,
            62,
            127
        ],
        "reviewed": true,
        "user_excluded": [],
        "value": 1.6141135909090552
    },
    "Ar39": {
        "error": 0.009244984084056971,
        "error_type": "SD",
        "filter_outliers_dict": {
            "filter_outliers": true,
            "iterations": 1,
            "std_devs": 2,
            "use_standard_deviation_filtering": false
        },
        "fit": "Parabolic",
        "fn": 381,
        "include_baseline_error": false,
        "n": 400,
        "outlier_excluded": [
            64,
            97,
            226,
            99,
            255,
            165,
            351,
            263,
            233,
            205,
            175,
            48,
            304,
            50,
            147,
            343,
            29,
            190,
            159
        ],
        "reviewed": true,
        "user_excluded": [],
        "value": -0.011264648366441147
    },
    "Ar40": {
        "error": 0.10066300988041028,
        "error_type": "SD",
        "filter_outliers_dict": {
            "filter_outliers": true,
            "iterations": 1,
            "std_devs": 2,
            "use_standard_deviation_filtering": false
        },
        "fit": "Parabolic",
        "fn": 384,
        "include_baseline_error": false,
        "n": 400,
        "outlier_excluded": [
            196,
            199,
            48,
            369,
            210,
            116,
            212,
            341,
            279,
            24,
            89,
            311,
            219,
            314,
            221,
            287
        ],
        "reviewed": true,
        "user_excluded": [],
        "value": 2643.48074673711
    },
    "Ar41": {
        "error": 0.14507424994039542,
        "error_type": "SD",
        "filter_outliers_dict": {
            "filter_outliers": false,
            "iterations": 1,
            "std_devs": 1,
            "use_standard_deviation_filtering": false
        },
        "fit": "average_SEM",
        "value": 0.058336434503944476
    }
}