{
    "Ar35": {
        "error": 0.003074377514455934,
        "error_type": "SD",
        "filter_outliers_dict": {
            "filter_outliers": false,
            "iterations": 1,
            "std_devs": 1,
            "use_standard_deviation_filtering": false
        },
        "fit": "linear",
        "value": 0.060645517967060754
    },
    "Ar36": {
        "error": 0.015923635573062256,
        "error_type": "SD",
        "filter_outliers_dict": {
            "filter_outliers": true,
            "iterations": 1,
            "std_devs": 2,
            "use_standard_deviation_filtering": false
        },
        "fit": "Parabolic",
        "fn": 567,
        "include_baseline_error": false,
        "n": 600,
        "outlier_excluded": [
            7,
            520,
            394,
            399,
            154,
            156,
            157,
            288,
            418,
            167,
            425,
            172,
            559,
            432,
            178,
            306,
            186,
            316,
            65,
            66,
            323,
            450,
            197,
            200,
            73,
            591,
            80,
            469,
            87,
            356,
            486,
            113,
            121
        ],
        "reviewed": true,
        "user_excluded": [],
        "value": 9.002928910658637
    },
    "Ar37": {
        "error": 0.012739217075957945,
        "error_type": "SD",
        "filter_outliers_dict": {
            "filter_outliers": true,
            "iterations": 1,
            "std_devs": 2,
            "use_standard_deviation_filtering": false
        },
        "fit": "Linear",
        "fn": 580,
        "include_baseline_error": false,
        "n": 600,
        "outlier_excluded": [
            31,
            318,
            258,
            321,
            354,
            517,
            542,
            551,
            8,
            168,
            584,
            13,
            499,
            531,
            469,
            564,
            595,
            599,
            286,
            223
        ],
        "reviewed": true,
        "user_excluded": [],
        "value": -0.06055064954138556
    },
    "Ar38": {
        "error": 0.004406614495136843,
        "error_type": "SD",
        "filter_outliers_dict": {
            "filter_outliers": true,
            "iterations": 1,
            "std_devs": 2,
            "use_standard_deviation_filtering": false
        },
        "fit": "Linear",
        "fn": 569,
        "include_baseline_error": false,
        "n": 600,
        "outlier_excluded": [
            128,
            258,
            386,
            520,
            138,
            140,
            397,
            38,
            169,
            43,
            171,
            300,
            180,
            55,
            183,
            311,
            447,
            192,
            72,
            202,
            459,
            344,
            90,
            478,
            99,
            228,
            357,
            233,
            108,
            243,
            499
        ],
        "reviewed": true,
        "user_excluded": [],
        "value": 1.6673136886985318
    },
    "Ar39": {
        "error": 0.015988235614099202,
        "error_type": "SD",
        "filter_outliers_dict": {
            "filter_outliers": true,
            "iterations": 1,
            "std_devs": 2,
            "use_standard_deviation_filtering": false
        },
        "fit": "Parabolic",
        "fn": 572,
        "include_baseline_error": false,
        "n": 600,
        "outlier_excluded": [
            130,
            5,
            261,
            517,
            518,
            13,
            18,
            151,
            536,
            539,
            32,
            419,
            420,
            294,
            550,
            559,
            185,
            447,
            321,
            453,
            200,
            588,
            462,
            474,
            355,
            228,
            362,
            494
        ],
        "reviewed": true,
        "user_excluded": [],
        "value": -0.025118799488268412
    },
    "Ar40": {
        "error": 0.07328079431843282,
        "error_type": "SD",
        "filter_outliers_dict": {
            "filter_outliers": true,
            "iterations": 1,
            "std_devs": 2,
            "use_standard_deviation_filtering": false
        },
        "fit": "Parabolic",
        "fn": 573,
        "include_baseline_error": false,
        "n": 600,
        "outlier_excluded": [
            3,
            387,
            388,
            265,
            21,
            281,
            161,
            292,
            293,
            421,
            424,
            297,
            300,
            557,
            433,
            563,
            439,
            56,
            448,
            68,
            456,
            211,
            226,
            483,
            365,
            247,
            509
        ],
        "reviewed": true,
        "user_excluded": [],
        "value": 2634.686660788181
    }
}