{
    "Ar36": {
        "error": 0.004179822489152317,
        "error_type": "SEM",
        "filter_outliers_dict": {
            "filter_outliers": true,
            "iterations": 1,
            "std_devs": 2,
            "use_standard_deviation_filtering": false
        },
        "fit": "Parabolic",
        "fn": 571,
        "include_baseline_error": false,
        "n": 600,
        "outlier_excluded": [
            6,
            139,
            140,
            524,
            15,
            147,
            278,
            23,
            29,
            413,
            291,
            42,
            427,
            309,
            59,
            188,
            322,
            326,
            327,
            200,
            202,
            458,
            586,
            205,
            337,
            84,
            216,
            495,
            379
        ],
        "reviewed": true,
        "user_excluded": [],
        "value": 8.690735056235372
    },
    "Ar37": {
        "error": 0.010191318639588902,
        "error_type": "SEM",
        "filter_outliers_dict": {
            "filter_outliers": true,
            "iterations": 1,
            "std_devs": 2,
            "use_standard_deviation_filtering": false
        },
        "fit": "Linear",
        "fn": 568,
        "include_baseline_error": false,
        "n": 600,
        "outlier_excluded": [
            138,
            11,
            397,
            530,
            532,
            30,
            287,
            293,
            556,
            45,
            557,
            559,
            562,
            438,
            56,
            322,
            195,
            71,
            72,
            583,
            330,
            592,
            337,
            83,
            346,
            347,
            222,
            351,
            108,
            239,
            507,
            510
        ],
        "reviewed": true,
        "user_excluded": [],
        "value": 0.04461307367289967
    },
    "Ar38": {
        "error": 0.014609501001593056,
        "error_type": "SEM",
        "filter_outliers_dict": {
            "filter_outliers": true,
            "iterations": 1,
            "std_devs": 2,
            "use_standard_deviation_filtering": false
        },
        "fit": "Linear",
        "fn": 581,
        "include_baseline_error": false,
        "n": 600,
        "outlier_excluded": [
            446,
            478,
            258,
            480,
            293,
            326,
            298,
            110,
            115,
            499,
            245,
            309,
            531,
            409,
            90,
            283,
            442,
            222,
            382
        ],
        "reviewed": true,
        "user_excluded": [],
        "value": 1.6047423478986764
    },
    "Ar39": {
        "error": 0.006333510190390285,
        "error_type": "SEM",
        "filter_outliers_dict": {
            "filter_outliers": true,
            "iterations": 1,
            "std_devs": 2,
            "use_standard_deviation_filtering": false
        },
        "fit": "Parabolic",
        "fn": 568,
        "include_baseline_error": false,
        "n": 600,
        "outlier_excluded": [
            0,
            131,
            7,
            521,
            139,
            140,
            14,
            526,
            531,
            21,
            283,
            412,
            543,
            174,
            302,
            49,
            52,
            56,
            57,
            318,
            446,
            327,
            587,
            332,
            597,
            88,
            223,
            353,
            367,
            245,
            122,
            381
        ],
        "reviewed": true,
        "user_excluded": [],
        "value": -0.01684847398863047
    },
    "Ar40": {
        "error": 0.08139682434942806,
        "error_type": "SEM",
        "filter_outliers_dict": {
            "filter_outliers": true,
            "iterations": 1,
            "std_devs": 2,
            "use_standard_deviation_filtering": false
        },
        "fit": "Parabolic",
        "fn": 592,
        "include_baseline_error": false,
        "n": 600,
        "outlier_excluded": [
            0,
            1,
            2,
            294,
            78,
            176,
            214,
            312
        ],
        "reviewed": true,
        "user_excluded": [],
        "value": 2613.4925061864737
    },
    "Ar41": {
        "error": 0.01044848747346042,
        "error_type": "SEM",
        "filter_outliers_dict": {
            "filter_outliers": true,
            "iterations": 1,
            "std_devs": 2,
            "use_standard_deviation_filtering": false
        },
        "fit": "linear",
        "value": 0.3116033356844114
    }
}