{
    "Ar35": {
        "error": 0.003085965650400165,
        "error_type": "SD",
        "filter_outliers_dict": {
            "filter_outliers": false,
            "iterations": 1,
            "std_devs": 1,
            "use_standard_deviation_filtering": false
        },
        "fit": "linear",
        "value": 0.060383154973667766
    },
    "Ar36": {
        "error": 0.017375162508627123,
        "error_type": "SD",
        "filter_outliers_dict": {
            "filter_outliers": true,
            "iterations": 1,
            "std_devs": 2,
            "use_standard_deviation_filtering": false
        },
        "fit": "Parabolic",
        "fn": 569,
        "include_baseline_error": false,
        "n": 600,
        "outlier_excluded": [
            396,
            398,
            24,
            156,
            157,
            285,
            543,
            34,
            166,
            299,
            176,
            432,
            50,
            306,
            312,
            186,
            443,
            450,
            71,
            327,
            456,
            337,
            210,
            83,
            340,
            85,
            215,
            364,
            368,
            117,
            381
        ],
        "reviewed": true,
        "user_excluded": [],
        "value": 9.045200270410337
    },
    "Ar37": {
        "error": 0.012808823356965945,
        "error_type": "SD",
        "filter_outliers_dict": {
            "filter_outliers": true,
            "iterations": 1,
            "std_devs": 2,
            "use_standard_deviation_filtering": false
        },
        "fit": "Linear",
        "fn": 578,
        "include_baseline_error": false,
        "n": 600,
        "outlier_excluded": [
            384,
            389,
            268,
            274,
            23,
            407,
            416,
            546,
            42,
            184,
            443,
            62,
            446,
            576,
            589,
            341,
            598,
            480,
            101,
            358,
            239,
            499
        ],
        "reviewed": true,
        "user_excluded": [],
        "value": -0.03765291837820556
    },
    "Ar38": {
        "error": 0.004392854835357073,
        "error_type": "SD",
        "filter_outliers_dict": {
            "filter_outliers": true,
            "iterations": 1,
            "std_devs": 2,
            "use_standard_deviation_filtering": false
        },
        "fit": "Linear",
        "fn": 574,
        "include_baseline_error": false,
        "n": 600,
        "outlier_excluded": [
            517,
            391,
            519,
            393,
            12,
            15,
            276,
            279,
            156,
            29,
            542,
            158,
            416,
            290,
            418,
            549,
            563,
            319,
            582,
            584,
            458,
            76,
            85,
            103,
            105,
            122
        ],
        "reviewed": true,
        "user_excluded": [],
        "value": 1.681352678556967
    },
    "Ar39": {
        "error": 0.015806263577861343,
        "error_type": "SD",
        "filter_outliers_dict": {
            "filter_outliers": true,
            "iterations": 1,
            "std_devs": 2,
            "use_standard_deviation_filtering": false
        },
        "fit": "Parabolic",
        "fn": 574,
        "include_baseline_error": false,
        "n": 600,
        "outlier_excluded": [
            133,
            390,
            11,
            526,
            399,
            533,
            152,
            281,
            411,
            550,
            169,
            170,
            298,
            560,
            186,
            192,
            321,
            582,
            71,
            327,
            329,
            349,
            365,
            372,
            502,
            503
        ],
        "reviewed": true,
        "user_excluded": [],
        "value": 0.0013746419483474347
    },
    "Ar40": {
        "error": 0.07364197528355396,
        "error_type": "SD",
        "filter_outliers_dict": {
            "filter_outliers": true,
            "iterations": 1,
            "std_devs": 2,
            "use_standard_deviation_filtering": false
        },
        "fit": "Parabolic",
        "fn": 565,
        "include_baseline_error": false,
        "n": 600,
        "outlier_excluded": [
            0,
            1,
            384,
            4,
            268,
            156,
            293,
            296,
            42,
            298,
            427,
            428,
            429,
            555,
            432,
            443,
            190,
            195,
            69,
            80,
            594,
            596,
            472,
            89,
            217,
            91,
            221,
            101,
            232,
            234,
            491,
            111,
            504,
            124,
            254
        ],
        "reviewed": true,
        "user_excluded": [],
        "value": 2643.6637096206514
    }
}