{
    "Ar36": {
        "error": 0.0062045197919870735,
        "error_type": "SD",
        "filter_outliers_dict": {
            "filter_outliers": true,
            "iterations": 1,
            "std_devs": 2,
            "use_standard_deviation_filtering": false
        },
        "fit": "Parabolic",
        "fn": 383,
        "include_baseline_error": false,
        "n": 400,
        "outlier_excluded": [
            128,
            257,
            98,
            350,
            136,
            10,
            269,
            241,
            305,
            275,
            84,
            276,
            119,
            376,
            29,
            222,
            349
        ],
        "reviewed": true,
        "user_excluded": [],
        "value": 8.454349871338586
    },
    "Ar37": {
        "error": 0.013277673512732133,
        "error_type": "SD",
        "filter_outliers_dict": {
            "filter_outliers": true,
            "iterations": 1,
            "std_devs": 2,
            "use_standard_deviation_filtering": false
        },
        "fit": "Linear",
        "fn": 382,
        "include_baseline_error": false,
        "n": 400,
        "outlier_excluded": [
            65,
            2,
            164,
            197,
            104,
            73,
            79,
            111,
            146,
            243,
            116,
            53,
            117,
            340,
            217,
            349,
            190,
            223
        ],
        "reviewed": true,
        "user_excluded": [],
        "value": 0.06362184962778974
    },
    "Ar38": {
        "error": 0.013361442118948864,
        "error_type": "SD",
        "filter_outliers_dict": {
            "filter_outliers": true,
            "iterations": 1,
            "std_devs": 2,
            "use_standard_deviation_filtering": false
        },
        "fit": "Linear",
        "fn": 378,
        "include_baseline_error": false,
        "n": 400,
        "outlier_excluded": [
            394,
            269,
            147,
            149,
            153,
            154,
            283,
            158,
            162,
            295,
            296,
            180,
            313,
            323,
            196,
            197,
            328,
            84,
            112,
            370,
            115,
            119
        ],
        "reviewed": true,
        "user_excluded": [],
        "value": 1.57555995866347
    },
    "Ar39": {
        "error": 0.009688210017495523,
        "error_type": "SD",
        "filter_outliers_dict": {
            "filter_outliers": true,
            "iterations": 1,
            "std_devs": 2,
            "use_standard_deviation_filtering": false
        },
        "fit": "Parabolic",
        "fn": 381,
        "include_baseline_error": false,
        "n": 400,
        "outlier_excluded": [
            192,
            34,
            162,
            323,
            325,
            6,
            393,
            11,
            175,
            242,
            243,
            84,
            53,
            86,
            23,
            116,
            216,
            379,
            348
        ],
        "reviewed": true,
        "user_excluded": [],
        "value": -0.03428780279165028
    },
    "Ar40": {
        "error": 0.1071379581987224,
        "error_type": "SD",
        "filter_outliers_dict": {
            "filter_outliers": true,
            "iterations": 1,
            "std_devs": 2,
            "use_standard_deviation_filtering": false
        },
        "fit": "Parabolic",
        "fn": 383,
        "include_baseline_error": false,
        "n": 400,
        "outlier_excluded": [
            319,
            324,
            69,
            328,
            171,
            76,
            396,
            142,
            238,
            339,
            56,
            121,
            216,
            59,
            280,
            283,
            223
        ],
        "reviewed": true,
        "user_excluded": [],
        "value": 2562.209891177574
    },
    "Ar41": {
        "error": 0.13981885623059914,
        "error_type": "SD",
        "filter_outliers_dict": {
            "filter_outliers": false,
            "iterations": 1,
            "std_devs": 1,
            "use_standard_deviation_filtering": false
        },
        "fit": "average_SEM",
        "value": 0.3197626911802217
    }
}