{
    "Ar36": {
        "error": 0.006064015075072903,
        "error_type": "SD",
        "filter_outliers_dict": {
            "filter_outliers": true,
            "iterations": 1,
            "std_devs": 2,
            "use_standard_deviation_filtering": false
        },
        "fit": "Parabolic",
        "fn": 381,
        "include_baseline_error": false,
        "n": 400,
        "outlier_excluded": [
            194,
            355,
            4,
            101,
            198,
            230,
            356,
            297,
            270,
            15,
            114,
            115,
            20,
            213,
            182,
            218,
            124,
            317,
            62
        ],
        "reviewed": true,
        "user_excluded": [],
        "value": 8.462040502360068
    },
    "Ar37": {
        "error": 0.013784262580580577,
        "error_type": "SD",
        "filter_outliers_dict": {
            "filter_outliers": true,
            "iterations": 1,
            "std_devs": 2,
            "use_standard_deviation_filtering": false
        },
        "fit": "Linear",
        "fn": 378,
        "include_baseline_error": false,
        "n": 400,
        "outlier_excluded": [
            134,
            390,
            138,
            267,
            18,
            20,
            152,
            281,
            154,
            38,
            44,
            67,
            329,
            74,
            95,
            224,
            353,
            100,
            103,
            368,
            113,
            121
        ],
        "reviewed": true,
        "user_excluded": [],
        "value": 0.011590947597582767
    },
    "Ar38": {
        "error": 0.013375612775991962,
        "error_type": "SD",
        "filter_outliers_dict": {
            "filter_outliers": true,
            "iterations": 1,
            "std_devs": 2,
            "use_standard_deviation_filtering": false
        },
        "fit": "Linear",
        "fn": 378,
        "include_baseline_error": false,
        "n": 400,
        "outlier_excluded": [
            129,
            257,
            263,
            279,
            35,
            168,
            299,
            177,
            308,
            196,
            70,
            328,
            330,
            77,
            78,
            339,
            214,
            99,
            360,
            116,
            244,
            378
        ],
        "reviewed": true,
        "user_excluded": [],
        "value": 1.579873010996581
    },
    "Ar39": {
        "error": 0.01028371468272998,
        "error_type": "SD",
        "filter_outliers_dict": {
            "filter_outliers": true,
            "iterations": 1,
            "std_devs": 2,
            "use_standard_deviation_filtering": false
        },
        "fit": "Parabolic",
        "fn": 384,
        "include_baseline_error": false,
        "n": 400,
        "outlier_excluded": [
            96,
            325,
            263,
            392,
            235,
            270,
            79,
            113,
            211,
            248,
            121,
            218,
            59,
            124,
            282,
            379
        ],
        "reviewed": true,
        "user_excluded": [],
        "value": -0.043237920789666276
    },
    "Ar40": {
        "error": 0.10705969256712423,
        "error_type": "SD",
        "filter_outliers_dict": {
            "filter_outliers": true,
            "iterations": 1,
            "std_devs": 2,
            "use_standard_deviation_filtering": false
        },
        "fit": "Parabolic",
        "fn": 383,
        "include_baseline_error": false,
        "n": 400,
        "outlier_excluded": [
            99,
            4,
            229,
            166,
            295,
            136,
            328,
            10,
            392,
            394,
            46,
            50,
            115,
            152,
            93,
            381,
            383
        ],
        "reviewed": true,
        "user_excluded": [],
        "value": 2560.8140812851625
    },
    "Ar41": {
        "error": 0.12782447591978538,
        "error_type": "SD",
        "filter_outliers_dict": {
            "filter_outliers": false,
            "iterations": 1,
            "std_devs": 1,
            "use_standard_deviation_filtering": false
        },
        "fit": "average_SEM",
        "value": 0.04550729772170598
    }
}