{
    "Ar36": {
        "error": 0.0010291624942864854,
        "error_type": "SD",
        "filter_outliers_dict": {
            "filter_outliers": true,
            "iterations": 1,
            "std_devs": 2,
            "use_standard_deviation_filtering": false
        },
        "fit": "Parabolic",
        "fn": 387,
        "include_baseline_error": false,
        "n": 400,
        "outlier_excluded": [
            256,
            132,
            228,
            360,
            15,
            17,
            211,
            116,
            246,
            247,
            120,
            185,
            278
        ],
        "reviewed": true,
        "user_excluded": [],
        "value": 0.2934572115200425
    },
    "Ar37": {
        "error": 0.012194912264399867,
        "error_type": "SD",
        "filter_outliers_dict": {
            "filter_outliers": true,
            "iterations": 1,
            "std_devs": 2,
            "use_standard_deviation_filtering": false
        },
        "fit": "Linear",
        "fn": 377,
        "include_baseline_error": false,
        "n": 400,
        "outlier_excluded": [
            3,
            7,
            149,
            179,
            181,
            312,
            313,
            186,
            317,
            194,
            74,
            205,
            78,
            83,
            212,
            90,
            354,
            231,
            110,
            371,
            116,
            245,
            123
        ],
        "reviewed": true,
        "user_excluded": [],
        "value": 0.02770438062350199
    },
    "Ar38": {
        "error": 0.01415101353299738,
        "error_type": "SD",
        "filter_outliers_dict": {
            "filter_outliers": true,
            "iterations": 1,
            "std_devs": 2,
            "use_standard_deviation_filtering": false
        },
        "fit": "Linear",
        "fn": 383,
        "include_baseline_error": false,
        "n": 400,
        "outlier_excluded": [
            257,
            2,
            387,
            100,
            37,
            165,
            297,
            12,
            76,
            365,
            143,
            271,
            340,
            22,
            186,
            316,
            159
        ],
        "reviewed": true,
        "user_excluded": [],
        "value": 0.004623835041654339
    },
    "Ar39": {
        "error": 0.009002203819778447,
        "error_type": "SD",
        "filter_outliers_dict": {
            "filter_outliers": true,
            "iterations": 1,
            "std_devs": 2,
            "use_standard_deviation_filtering": false
        },
        "fit": "Parabolic",
        "fn": 386,
        "include_baseline_error": false,
        "n": 400,
        "outlier_excluded": [
            129,
            354,
            101,
            108,
            240,
            209,
            272,
            274,
            279,
            153,
            186,
            188,
            189,
            350
        ],
        "reviewed": true,
        "user_excluded": [],
        "value": 0.01728274732566437
    },
    "Ar40": {
        "error": 0.025623148533883002,
        "error_type": "SD",
        "filter_outliers_dict": {
            "filter_outliers": true,
            "iterations": 1,
            "std_devs": 2,
            "use_standard_deviation_filtering": false
        },
        "fit": "Parabolic",
        "fn": 382,
        "include_baseline_error": false,
        "n": 400,
        "outlier_excluded": [
            0,
            320,
            196,
            5,
            260,
            103,
            136,
            199,
            295,
            356,
            394,
            77,
            275,
            84,
            24,
            121,
            281,
            91
        ],
        "reviewed": true,
        "user_excluded": [],
        "value": 89.29698603140861
    },
    "Ar41": {
        "error": 0.1405227001054247,
        "error_type": "SD",
        "filter_outliers_dict": {
            "filter_outliers": false,
            "iterations": 1,
            "std_devs": 1,
            "use_standard_deviation_filtering": false
        },
        "fit": "average_SEM",
        "value": -0.0006675606683711521
    }
}