{
    "Ar36": {
        "error": 0.006089610235722654,
        "error_type": "SEM",
        "filter_outliers_dict": {
            "filter_outliers": true,
            "iterations": 1,
            "std_devs": 2,
            "use_standard_deviation_filtering": false
        },
        "fit": "Parabolic",
        "fn": 383,
        "include_baseline_error": false,
        "n": 400,
        "outlier_excluded": [
            255,
            318,
            164,
            69,
            165,
            40,
            41,
            170,
            200,
            269,
            271,
            209,
            181,
            182,
            246,
            286,
            223
        ],
        "reviewed": true,
        "user_excluded": [],
        "value": 10.094299223897915
    },
    "Ar37": {
        "error": 0.012118543444921562,
        "error_type": "SEM",
        "filter_outliers_dict": {
            "filter_outliers": true,
            "iterations": 1,
            "std_devs": 2,
            "use_standard_deviation_filtering": false
        },
        "fit": "Linear",
        "fn": 380,
        "include_baseline_error": false,
        "n": 400,
        "outlier_excluded": [
            64,
            33,
            66,
            131,
            290,
            101,
            291,
            356,
            170,
            141,
            16,
            304,
            84,
            117,
            87,
            58,
            252,
            284,
            30,
            31
        ],
        "reviewed": true,
        "user_excluded": [],
        "value": 0.007328948613151246
    },
    "Ar38": {
        "error": 0.01153324842916021,
        "error_type": "SEM",
        "filter_outliers_dict": {
            "filter_outliers": true,
            "iterations": 1,
            "std_devs": 2,
            "use_standard_deviation_filtering": false
        },
        "fit": "Linear",
        "fn": 384,
        "include_baseline_error": false,
        "n": 400,
        "outlier_excluded": [
            257,
            359,
            202,
            362,
            300,
            141,
            16,
            177,
            374,
            183,
            152,
            345,
            378,
            188,
            30,
            31
        ],
        "reviewed": true,
        "user_excluded": [],
        "value": 1.7640136908257043
    },
    "Ar39": {
        "error": 0.01959132969476207,
        "error_type": "SEM",
        "filter_outliers_dict": {
            "filter_outliers": true,
            "iterations": 1,
            "std_devs": 2,
            "use_standard_deviation_filtering": false
        },
        "fit": "Parabolic",
        "fn": 378,
        "include_baseline_error": false,
        "n": 400,
        "outlier_excluded": [
            142,
            285,
            289,
            34,
            292,
            171,
            303,
            307,
            188,
            319,
            69,
            73,
            74,
            332,
            77,
            207,
            208,
            336,
            219,
            116,
            244,
            379
        ],
        "reviewed": true,
        "user_excluded": [],
        "value": -0.023975446921868433
    },
    "Ar40": {
        "error": 0.11248894766031234,
        "error_type": "SEM",
        "filter_outliers_dict": {
            "filter_outliers": true,
            "iterations": 1,
            "std_devs": 2,
            "use_standard_deviation_filtering": false
        },
        "fit": "Parabolic",
        "fn": 382,
        "include_baseline_error": false,
        "n": 400,
        "outlier_excluded": [
            128,
            129,
            2,
            163,
            352,
            294,
            44,
            80,
            176,
            240,
            147,
            23,
            151,
            377,
            59,
            221,
            94,
            253
        ],
        "reviewed": true,
        "user_excluded": [],
        "value": 3147.2135021820754
    },
    "Ar41": {
        "error": 0.005486249615960733,
        "error_type": "SEM",
        "filter_outliers_dict": {
            "filter_outliers": true,
            "iterations": 1,
            "std_devs": 2,
            "use_standard_deviation_filtering": false
        },
        "fit": "average",
        "value": 0.27108359044432484
    }
}