{
    "Ar36": {
        "error": 0.005871896256381322,
        "error_type": "SEM",
        "filter_outliers_dict": {
            "filter_outliers": true,
            "iterations": 1,
            "std_devs": 2,
            "use_standard_deviation_filtering": false
        },
        "fit": "Parabolic",
        "fn": 384,
        "include_baseline_error": false,
        "n": 400,
        "outlier_excluded": [
            66,
            131,
            228,
            294,
            42,
            138,
            45,
            269,
            48,
            178,
            242,
            372,
            25,
            58,
            61,
            189
        ],
        "reviewed": true,
        "user_excluded": [],
        "value": 10.122252065433095
    },
    "Ar37": {
        "error": 0.01259005976018276,
        "error_type": "SEM",
        "filter_outliers_dict": {
            "filter_outliers": true,
            "iterations": 1,
            "std_devs": 2,
            "use_standard_deviation_filtering": false
        },
        "fit": "Linear",
        "fn": 383,
        "include_baseline_error": false,
        "n": 400,
        "outlier_excluded": [
            128,
            1,
            224,
            67,
            36,
            99,
            357,
            327,
            42,
            236,
            112,
            277,
            153,
            188,
            381,
            254,
            351
        ],
        "reviewed": true,
        "user_excluded": [],
        "value": 0.03252949147194687
    },
    "Ar38": {
        "error": 0.011393567596172646,
        "error_type": "SEM",
        "filter_outliers_dict": {
            "filter_outliers": true,
            "iterations": 1,
            "std_devs": 2,
            "use_standard_deviation_filtering": false
        },
        "fit": "Linear",
        "fn": 379,
        "include_baseline_error": false,
        "n": 400,
        "outlier_excluded": [
            4,
            68,
            261,
            327,
            201,
            74,
            330,
            46,
            334,
            16,
            112,
            114,
            115,
            272,
            181,
            372,
            399,
            57,
            121,
            154,
            95
        ],
        "reviewed": true,
        "user_excluded": [],
        "value": 1.7879091479680693
    },
    "Ar39": {
        "error": 0.018610130423773998,
        "error_type": "SEM",
        "filter_outliers_dict": {
            "filter_outliers": true,
            "iterations": 1,
            "std_devs": 2,
            "use_standard_deviation_filtering": false
        },
        "fit": "Parabolic",
        "fn": 376,
        "include_baseline_error": false,
        "n": 400,
        "outlier_excluded": [
            391,
            268,
            269,
            17,
            276,
            284,
            166,
            40,
            303,
            180,
            190,
            204,
            78,
            79,
            82,
            339,
            340,
            342,
            346,
            223,
            226,
            364,
            368,
            247
        ],
        "reviewed": true,
        "user_excluded": [],
        "value": -0.05058867002116459
    },
    "Ar40": {
        "error": 0.11070375951534409,
        "error_type": "SEM",
        "filter_outliers_dict": {
            "filter_outliers": true,
            "iterations": 1,
            "std_devs": 2,
            "use_standard_deviation_filtering": false
        },
        "fit": "Parabolic",
        "fn": 380,
        "include_baseline_error": false,
        "n": 400,
        "outlier_excluded": [
            97,
            162,
            289,
            4,
            322,
            354,
            74,
            43,
            12,
            44,
            330,
            15,
            333,
            367,
            18,
            211,
            22,
            86,
            343,
            90
        ],
        "reviewed": true,
        "user_excluded": [],
        "value": 3152.0719595859127
    },
    "Ar41": {
        "error": 0.0055898936627690665,
        "error_type": "SEM",
        "filter_outliers_dict": {
            "filter_outliers": true,
            "iterations": 1,
            "std_devs": 2,
            "use_standard_deviation_filtering": false
        },
        "fit": "average",
        "value": -0.003576388096765489
    }
}