{
    "Ar36": {
        "error": 0.005833356421556983,
        "error_type": "SEM",
        "filter_outliers_dict": {
            "filter_outliers": true,
            "iterations": 1,
            "std_devs": 2,
            "use_standard_deviation_filtering": false
        },
        "fit": "Parabolic",
        "fn": 386,
        "include_baseline_error": false,
        "n": 400,
        "outlier_excluded": [
            258,
            195,
            101,
            72,
            271,
            17,
            177,
            54,
            215,
            154,
            315,
            347,
            125,
            159
        ],
        "reviewed": true,
        "user_excluded": [],
        "value": 9.946347727052494
    },
    "Ar37": {
        "error": 0.011750858758198764,
        "error_type": "SEM",
        "filter_outliers_dict": {
            "filter_outliers": true,
            "iterations": 1,
            "std_devs": 2,
            "use_standard_deviation_filtering": false
        },
        "fit": "Linear",
        "fn": 379,
        "include_baseline_error": false,
        "n": 400,
        "outlier_excluded": [
            96,
            1,
            323,
            36,
            69,
            199,
            329,
            298,
            203,
            361,
            109,
            394,
            47,
            115,
            308,
            340,
            22,
            215,
            59,
            92,
            317
        ],
        "reviewed": true,
        "user_excluded": [],
        "value": -0.011080986175318374
    },
    "Ar38": {
        "error": 0.012105625091881731,
        "error_type": "SEM",
        "filter_outliers_dict": {
            "filter_outliers": true,
            "iterations": 1,
            "std_devs": 2,
            "use_standard_deviation_filtering": false
        },
        "fit": "Linear",
        "fn": 382,
        "include_baseline_error": false,
        "n": 400,
        "outlier_excluded": [
            387,
            100,
            104,
            136,
            232,
            234,
            44,
            300,
            330,
            273,
            51,
            179,
            346,
            155,
            315,
            61,
            347,
            31
        ],
        "reviewed": true,
        "user_excluded": [],
        "value": 1.757454658161968
    },
    "Ar39": {
        "error": 0.018868260403969397,
        "error_type": "SEM",
        "filter_outliers_dict": {
            "filter_outliers": true,
            "iterations": 1,
            "std_devs": 2,
            "use_standard_deviation_filtering": false
        },
        "fit": "Parabolic",
        "fn": 379,
        "include_baseline_error": false,
        "n": 400,
        "outlier_excluded": [
            192,
            288,
            228,
            11,
            206,
            238,
            209,
            338,
            19,
            211,
            212,
            214,
            339,
            56,
            372,
            90,
            219,
            379,
            189,
            254,
            286
        ],
        "reviewed": true,
        "user_excluded": [],
        "value": -0.038458205962147454
    },
    "Ar40": {
        "error": 0.10641588705993607,
        "error_type": "SEM",
        "filter_outliers_dict": {
            "filter_outliers": true,
            "iterations": 1,
            "std_devs": 2,
            "use_standard_deviation_filtering": false
        },
        "fit": "Parabolic",
        "fn": 380,
        "include_baseline_error": false,
        "n": 400,
        "outlier_excluded": [
            32,
            257,
            2,
            137,
            42,
            299,
            332,
            46,
            175,
            48,
            144,
            209,
            147,
            305,
            151,
            311,
            312,
            218,
            346,
            381
        ],
        "reviewed": true,
        "user_excluded": [],
        "value": 3114.0863371652094
    },
    "Ar41": {
        "error": 0.0054702975975555465,
        "error_type": "SEM",
        "filter_outliers_dict": {
            "filter_outliers": true,
            "iterations": 1,
            "std_devs": 2,
            "use_standard_deviation_filtering": false
        },
        "fit": "average",
        "value": -0.0013444861587644978
    }
}