{
    "Ar36": {
        "error": 0.0060470038363438835,
        "error_type": "SEM",
        "filter_outliers_dict": {
            "filter_outliers": true,
            "iterations": 1,
            "std_devs": 2,
            "use_standard_deviation_filtering": false
        },
        "fit": "Parabolic",
        "fn": 383,
        "include_baseline_error": false,
        "n": 400,
        "outlier_excluded": [
            352,
            388,
            229,
            104,
            137,
            169,
            236,
            397,
            303,
            336,
            241,
            242,
            307,
            117,
            373,
            125,
            221
        ],
        "reviewed": true,
        "user_excluded": [],
        "value": 9.944969093663113
    },
    "Ar37": {
        "error": 0.012460339461479788,
        "error_type": "SEM",
        "filter_outliers_dict": {
            "filter_outliers": true,
            "iterations": 1,
            "std_devs": 2,
            "use_standard_deviation_filtering": false
        },
        "fit": "Linear",
        "fn": 380,
        "include_baseline_error": false,
        "n": 400,
        "outlier_excluded": [
            160,
            225,
            384,
            294,
            295,
            358,
            170,
            299,
            12,
            269,
            365,
            271,
            395,
            117,
            120,
            90,
            347,
            379,
            93,
            253
        ],
        "reviewed": true,
        "user_excluded": [],
        "value": 0.026953467244143235
    },
    "Ar38": {
        "error": 0.01197095767374415,
        "error_type": "SEM",
        "filter_outliers_dict": {
            "filter_outliers": true,
            "iterations": 1,
            "std_devs": 2,
            "use_standard_deviation_filtering": false
        },
        "fit": "Linear",
        "fn": 384,
        "include_baseline_error": false,
        "n": 400,
        "outlier_excluded": [
            2,
            35,
            131,
            227,
            229,
            135,
            8,
            136,
            230,
            393,
            367,
            369,
            21,
            309,
            380,
            190
        ],
        "reviewed": true,
        "user_excluded": [],
        "value": 1.776699601405395
    },
    "Ar39": {
        "error": 0.018061044021109796,
        "error_type": "SEM",
        "filter_outliers_dict": {
            "filter_outliers": true,
            "iterations": 1,
            "std_devs": 2,
            "use_standard_deviation_filtering": false
        },
        "fit": "Parabolic",
        "fn": 378,
        "include_baseline_error": false,
        "n": 400,
        "outlier_excluded": [
            258,
            259,
            272,
            18,
            22,
            154,
            165,
            166,
            39,
            294,
            298,
            180,
            310,
            195,
            327,
            333,
            214,
            350,
            353,
            354,
            116,
            126
        ],
        "reviewed": true,
        "user_excluded": [],
        "value": -0.03420730165027465
    },
    "Ar40": {
        "error": 0.11326152051730319,
        "error_type": "SEM",
        "filter_outliers_dict": {
            "filter_outliers": true,
            "iterations": 1,
            "std_devs": 2,
            "use_standard_deviation_filtering": false
        },
        "fit": "Parabolic",
        "fn": 376,
        "include_baseline_error": false,
        "n": 400,
        "outlier_excluded": [
            0,
            1,
            129,
            396,
            398,
            17,
            18,
            19,
            36,
            38,
            295,
            299,
            46,
            178,
            309,
            68,
            73,
            203,
            217,
            224,
            352,
            362,
            237,
            116
        ],
        "reviewed": true,
        "user_excluded": [],
        "value": 3121.7286145260045
    },
    "Ar41": {
        "error": 0.005511803847859212,
        "error_type": "SEM",
        "filter_outliers_dict": {
            "filter_outliers": true,
            "iterations": 1,
            "std_devs": 2,
            "use_standard_deviation_filtering": false
        },
        "fit": "average",
        "value": 0.2915290983801242
    }
}