{
    "Ar36": {
        "error": 0.0061238824476142545,
        "error_type": "SEM",
        "filter_outliers_dict": {
            "filter_outliers": true,
            "iterations": 1,
            "std_devs": 2,
            "use_standard_deviation_filtering": false
        },
        "fit": "Parabolic",
        "fn": 386,
        "include_baseline_error": false,
        "n": 400,
        "outlier_excluded": [
            224,
            320,
            130,
            69,
            134,
            112,
            18,
            146,
            84,
            247,
            312,
            316,
            349,
            287
        ],
        "reviewed": true,
        "user_excluded": [],
        "value": 9.961171398788267
    },
    "Ar37": {
        "error": 0.012026426035892754,
        "error_type": "SEM",
        "filter_outliers_dict": {
            "filter_outliers": true,
            "iterations": 1,
            "std_devs": 2,
            "use_standard_deviation_filtering": false
        },
        "fit": "Linear",
        "fn": 376,
        "include_baseline_error": false,
        "n": 400,
        "outlier_excluded": [
            128,
            129,
            5,
            395,
            164,
            178,
            312,
            317,
            68,
            324,
            326,
            80,
            339,
            345,
            348,
            226,
            354,
            228,
            103,
            360,
            111,
            367,
            246,
            248
        ],
        "reviewed": true,
        "user_excluded": [],
        "value": 0.0542612830848855
    },
    "Ar38": {
        "error": 0.012857312595271229,
        "error_type": "SEM",
        "filter_outliers_dict": {
            "filter_outliers": true,
            "iterations": 1,
            "std_devs": 2,
            "use_standard_deviation_filtering": false
        },
        "fit": "Linear",
        "fn": 384,
        "include_baseline_error": false,
        "n": 400,
        "outlier_excluded": [
            33,
            71,
            40,
            136,
            329,
            299,
            395,
            78,
            270,
            19,
            371,
            21,
            149,
            87,
            56,
            278
        ],
        "reviewed": true,
        "user_excluded": [],
        "value": 1.7728911566422627
    },
    "Ar39": {
        "error": 0.017091312684301925,
        "error_type": "SEM",
        "filter_outliers_dict": {
            "filter_outliers": true,
            "iterations": 1,
            "std_devs": 2,
            "use_standard_deviation_filtering": false
        },
        "fit": "Parabolic",
        "fn": 381,
        "include_baseline_error": false,
        "n": 400,
        "outlier_excluded": [
            319,
            129,
            353,
            354,
            262,
            328,
            175,
            272,
            337,
            399,
            179,
            116,
            22,
            151,
            345,
            27,
            348,
            350,
            127
        ],
        "reviewed": true,
        "user_excluded": [],
        "value": -0.006155573403100686
    },
    "Ar40": {
        "error": 0.10712484655433671,
        "error_type": "SEM",
        "filter_outliers_dict": {
            "filter_outliers": true,
            "iterations": 1,
            "std_devs": 2,
            "use_standard_deviation_filtering": false
        },
        "fit": "Parabolic",
        "fn": 382,
        "include_baseline_error": false,
        "n": 400,
        "outlier_excluded": [
            224,
            65,
            322,
            263,
            359,
            170,
            234,
            44,
            301,
            273,
            337,
            150,
            279,
            185,
            186,
            378,
            158,
            383
        ],
        "reviewed": true,
        "user_excluded": [],
        "value": 3128.0193247772204
    },
    "Ar41": {
        "error": 0.0056742034490165445,
        "error_type": "SEM",
        "filter_outliers_dict": {
            "filter_outliers": true,
            "iterations": 1,
            "std_devs": 2,
            "use_standard_deviation_filtering": false
        },
        "fit": "average",
        "value": 0.01692898280626242
    }
}