{
    "Ar36": {
        "error": 0.0060216176515406625,
        "error_type": "SEM",
        "filter_outliers_dict": {
            "filter_outliers": true,
            "iterations": 1,
            "std_devs": 2,
            "use_standard_deviation_filtering": false
        },
        "fit": "Parabolic",
        "fn": 380,
        "include_baseline_error": false,
        "n": 400,
        "outlier_excluded": [
            32,
            65,
            193,
            224,
            257,
            258,
            391,
            296,
            137,
            75,
            236,
            15,
            48,
            50,
            339,
            54,
            215,
            375,
            282,
            28
        ],
        "reviewed": true,
        "user_excluded": [],
        "value": 9.963740598955178
    },
    "Ar37": {
        "error": 0.012579269890477791,
        "error_type": "SEM",
        "filter_outliers_dict": {
            "filter_outliers": true,
            "iterations": 1,
            "std_devs": 2,
            "use_standard_deviation_filtering": false
        },
        "fit": "Linear",
        "fn": 379,
        "include_baseline_error": false,
        "n": 400,
        "outlier_excluded": [
            384,
            102,
            134,
            135,
            74,
            395,
            236,
            205,
            301,
            111,
            366,
            177,
            178,
            209,
            117,
            85,
            54,
            151,
            253,
            222,
            223
        ],
        "reviewed": true,
        "user_excluded": [],
        "value": 0.1395981147024723
    },
    "Ar38": {
        "error": 0.012192785360366026,
        "error_type": "SEM",
        "filter_outliers_dict": {
            "filter_outliers": true,
            "iterations": 1,
            "std_devs": 2,
            "use_standard_deviation_filtering": false
        },
        "fit": "Linear",
        "fn": 379,
        "include_baseline_error": false,
        "n": 400,
        "outlier_excluded": [
            68,
            69,
            198,
            261,
            360,
            77,
            334,
            207,
            239,
            304,
            242,
            211,
            308,
            85,
            371,
            397,
            280,
            312,
            314,
            381,
            254
        ],
        "reviewed": true,
        "user_excluded": [],
        "value": 1.783662551862059
    },
    "Ar39": {
        "error": 0.017997931473825002,
        "error_type": "SEM",
        "filter_outliers_dict": {
            "filter_outliers": true,
            "iterations": 1,
            "std_devs": 2,
            "use_standard_deviation_filtering": false
        },
        "fit": "Parabolic",
        "fn": 381,
        "include_baseline_error": false,
        "n": 400,
        "outlier_excluded": [
            256,
            318,
            319,
            320,
            356,
            262,
            326,
            8,
            329,
            358,
            362,
            108,
            141,
            306,
            83,
            313,
            253,
            222,
            223
        ],
        "reviewed": true,
        "user_excluded": [],
        "value": -0.05237512801921253
    },
    "Ar40": {
        "error": 0.1100979466408071,
        "error_type": "SEM",
        "filter_outliers_dict": {
            "filter_outliers": true,
            "iterations": 1,
            "std_devs": 2,
            "use_standard_deviation_filtering": false
        },
        "fit": "Parabolic",
        "fn": 384,
        "include_baseline_error": false,
        "n": 400,
        "outlier_excluded": [
            376,
            65,
            3,
            132,
            165,
            166,
            227,
            235,
            24,
            152,
            153,
            251,
            220,
            284,
            158,
            316
        ],
        "reviewed": true,
        "user_excluded": [],
        "value": 3144.004132009363
    },
    "Ar41": {
        "error": 0.005369095416061903,
        "error_type": "SEM",
        "filter_outliers_dict": {
            "filter_outliers": true,
            "iterations": 1,
            "std_devs": 2,
            "use_standard_deviation_filtering": false
        },
        "fit": "average",
        "value": 0.28107514061817995
    }
}