{
    "Ar36": {
        "error": 0.005876295713648882,
        "error_type": "SEM",
        "filter_outliers_dict": {
            "filter_outliers": true,
            "iterations": 1,
            "std_devs": 2,
            "use_standard_deviation_filtering": false
        },
        "fit": "Parabolic",
        "fn": 381,
        "include_baseline_error": false,
        "n": 400,
        "outlier_excluded": [
            97,
            259,
            68,
            132,
            70,
            262,
            232,
            263,
            265,
            292,
            325,
            367,
            179,
            214,
            347,
            92,
            284,
            285,
            286
        ],
        "reviewed": true,
        "user_excluded": [],
        "value": 10.10534129283791
    },
    "Ar37": {
        "error": 0.013554922607358225,
        "error_type": "SEM",
        "filter_outliers_dict": {
            "filter_outliers": true,
            "iterations": 1,
            "std_devs": 2,
            "use_standard_deviation_filtering": false
        },
        "fit": "Linear",
        "fn": 381,
        "include_baseline_error": false,
        "n": 400,
        "outlier_excluded": [
            33,
            385,
            196,
            197,
            198,
            262,
            263,
            292,
            10,
            331,
            108,
            109,
            237,
            271,
            303,
            363,
            251,
            286,
            319
        ],
        "reviewed": true,
        "user_excluded": [],
        "value": 0.14083962941222955
    },
    "Ar38": {
        "error": 0.012977581314990303,
        "error_type": "SEM",
        "filter_outliers_dict": {
            "filter_outliers": true,
            "iterations": 1,
            "std_devs": 2,
            "use_standard_deviation_filtering": false
        },
        "fit": "Linear",
        "fn": 384,
        "include_baseline_error": false,
        "n": 400,
        "outlier_excluded": [
            0,
            33,
            34,
            161,
            260,
            5,
            166,
            8,
            44,
            77,
            82,
            178,
            308,
            214,
            188,
            253
        ],
        "reviewed": true,
        "user_excluded": [],
        "value": 1.8161222385156077
    },
    "Ar39": {
        "error": 0.01710845043225671,
        "error_type": "SEM",
        "filter_outliers_dict": {
            "filter_outliers": true,
            "iterations": 1,
            "std_devs": 2,
            "use_standard_deviation_filtering": false
        },
        "fit": "Parabolic",
        "fn": 381,
        "include_baseline_error": false,
        "n": 400,
        "outlier_excluded": [
            192,
            194,
            226,
            258,
            259,
            166,
            7,
            104,
            328,
            329,
            389,
            392,
            146,
            116,
            182,
            279,
            281,
            186,
            350
        ],
        "reviewed": true,
        "user_excluded": [],
        "value": -0.056939636962215295
    },
    "Ar40": {
        "error": 0.11333816565505746,
        "error_type": "SEM",
        "filter_outliers_dict": {
            "filter_outliers": true,
            "iterations": 1,
            "std_devs": 2,
            "use_standard_deviation_filtering": false
        },
        "fit": "Parabolic",
        "fn": 383,
        "include_baseline_error": false,
        "n": 400,
        "outlier_excluded": [
            0,
            1,
            65,
            193,
            196,
            101,
            294,
            231,
            295,
            332,
            396,
            78,
            81,
            309,
            344,
            221,
            381
        ],
        "reviewed": true,
        "user_excluded": [],
        "value": 3205.765774396994
    },
    "Ar41": {
        "error": 0.006450033738489448,
        "error_type": "SEM",
        "filter_outliers_dict": {
            "filter_outliers": false,
            "iterations": 1,
            "std_devs": 2,
            "use_standard_deviation_filtering": false
        },
        "fit": "average",
        "value": 0.007176222705747932
    }
}