{
    "Ar36": {
        "error": 0.006151038425223528,
        "error_type": "SEM",
        "filter_outliers_dict": {
            "filter_outliers": true,
            "iterations": 1,
            "std_devs": 2,
            "use_standard_deviation_filtering": false
        },
        "fit": "Parabolic",
        "fn": 383,
        "include_baseline_error": false,
        "n": 400,
        "outlier_excluded": [
            255,
            98,
            230,
            12,
            13,
            173,
            174,
            367,
            337,
            178,
            210,
            244,
            150,
            343,
            283,
            126,
            127
        ],
        "reviewed": true,
        "user_excluded": [],
        "value": 10.115625290768406
    },
    "Ar37": {
        "error": 0.012393879848449554,
        "error_type": "SEM",
        "filter_outliers_dict": {
            "filter_outliers": true,
            "iterations": 1,
            "std_devs": 2,
            "use_standard_deviation_filtering": false
        },
        "fit": "Linear",
        "fn": 378,
        "include_baseline_error": false,
        "n": 400,
        "outlier_excluded": [
            128,
            395,
            14,
            272,
            21,
            173,
            50,
            193,
            203,
            332,
            339,
            216,
            217,
            346,
            228,
            104,
            105,
            233,
            107,
            364,
            368,
            252
        ],
        "reviewed": true,
        "user_excluded": [],
        "value": 0.1497153109137961
    },
    "Ar38": {
        "error": 0.010966914781049558,
        "error_type": "SEM",
        "filter_outliers_dict": {
            "filter_outliers": true,
            "iterations": 1,
            "std_devs": 2,
            "use_standard_deviation_filtering": false
        },
        "fit": "Linear",
        "fn": 382,
        "include_baseline_error": false,
        "n": 400,
        "outlier_excluded": [
            0,
            257,
            194,
            106,
            44,
            270,
            79,
            144,
            271,
            334,
            51,
            52,
            153,
            27,
            92,
            316,
            158,
            223
        ],
        "reviewed": true,
        "user_excluded": [],
        "value": 1.8270083747267205
    },
    "Ar39": {
        "error": 0.01789516004599388,
        "error_type": "SEM",
        "filter_outliers_dict": {
            "filter_outliers": true,
            "iterations": 1,
            "std_devs": 2,
            "use_standard_deviation_filtering": false
        },
        "fit": "Parabolic",
        "fn": 382,
        "include_baseline_error": false,
        "n": 400,
        "outlier_excluded": [
            35,
            165,
            135,
            360,
            203,
            13,
            142,
            18,
            307,
            277,
            86,
            150,
            120,
            280,
            28,
            124,
            94,
            223
        ],
        "reviewed": true,
        "user_excluded": [],
        "value": -0.05531022723693845
    },
    "Ar40": {
        "error": 0.11394143239082807,
        "error_type": "SEM",
        "filter_outliers_dict": {
            "filter_outliers": true,
            "iterations": 1,
            "std_devs": 2,
            "use_standard_deviation_filtering": false
        },
        "fit": "Parabolic",
        "fn": 384,
        "include_baseline_error": false,
        "n": 400,
        "outlier_excluded": [
            383,
            38,
            39,
            137,
            201,
            171,
            140,
            14,
            143,
            83,
            308,
            21,
            181,
            185,
            190,
            286
        ],
        "reviewed": true,
        "user_excluded": [],
        "value": 3207.9699605629366
    },
    "Ar41": {
        "error": 0.0059503132152696325,
        "error_type": "SEM",
        "filter_outliers_dict": {
            "filter_outliers": false,
            "iterations": 1,
            "std_devs": 2,
            "use_standard_deviation_filtering": false
        },
        "fit": "average",
        "value": 0.2841188541299198
    }
}