{
    "Ar36": {
        "error": 0.0001158995159854173,
        "error_type": "SEM",
        "filter_outliers_dict": {
            "filter_outliers": true,
            "iterations": 1,
            "std_devs": 2,
            "use_standard_deviation_filtering": false
        },
        "fit": "Parabolic",
        "fn": 378,
        "include_baseline_error": false,
        "n": 400,
        "outlier_excluded": [
            1,
            260,
            134,
            262,
            140,
            293,
            186,
            190,
            191,
            192,
            327,
            328,
            338,
            340,
            344,
            345,
            220,
            227,
            237,
            243,
            376,
            380
        ],
        "reviewed": true,
        "user_excluded": [],
        "value": 0.0008099773457971957
    },
    "Ar37": {
        "error": 0.01290304173368278,
        "error_type": "SEM",
        "filter_outliers_dict": {
            "filter_outliers": true,
            "iterations": 1,
            "std_devs": 2,
            "use_standard_deviation_filtering": false
        },
        "fit": "Linear",
        "fn": 381,
        "include_baseline_error": false,
        "n": 400,
        "outlier_excluded": [
            64,
            3,
            68,
            101,
            195,
            324,
            330,
            171,
            140,
            45,
            46,
            172,
            212,
            213,
            215,
            25,
            61,
            29,
            255
        ],
        "reviewed": true,
        "user_excluded": [],
        "value": 0.16710545677346095
    },
    "Ar38": {
        "error": 0.013193605071553984,
        "error_type": "SEM",
        "filter_outliers_dict": {
            "filter_outliers": true,
            "iterations": 1,
            "std_devs": 2,
            "use_standard_deviation_filtering": false
        },
        "fit": "Linear",
        "fn": 389,
        "include_baseline_error": false,
        "n": 400,
        "outlier_excluded": [
            224,
            197,
            7,
            266,
            77,
            206,
            333,
            145,
            310,
            281,
            313
        ],
        "reviewed": true,
        "user_excluded": [],
        "value": -0.15486774572835577
    },
    "Ar39": {
        "error": 0.018125043539691073,
        "error_type": "SEM",
        "filter_outliers_dict": {
            "filter_outliers": true,
            "iterations": 1,
            "std_devs": 2,
            "use_standard_deviation_filtering": false
        },
        "fit": "Parabolic",
        "fn": 386,
        "include_baseline_error": false,
        "n": 400,
        "outlier_excluded": [
            192,
            232,
            272,
            337,
            84,
            118,
            182,
            152,
            344,
            250,
            187,
            345,
            346,
            378
        ],
        "reviewed": true,
        "user_excluded": [],
        "value": -0.04432221296471227
    },
    "Ar40": {
        "error": 0.019128480060589002,
        "error_type": "SEM",
        "filter_outliers_dict": {
            "filter_outliers": true,
            "iterations": 1,
            "std_devs": 2,
            "use_standard_deviation_filtering": false
        },
        "fit": "Parabolic",
        "fn": 383,
        "include_baseline_error": false,
        "n": 400,
        "outlier_excluded": [
            352,
            290,
            3,
            67,
            39,
            72,
            297,
            106,
            273,
            146,
            147,
            308,
            309,
            337,
            369,
            91,
            187
        ],
        "reviewed": true,
        "user_excluded": [],
        "value": 0.11357435323082064
    },
    "Ar41": {
        "error": 0.005895221634334555,
        "error_type": "SEM",
        "filter_outliers_dict": {
            "filter_outliers": true,
            "iterations": 1,
            "std_devs": 2,
            "use_standard_deviation_filtering": false
        },
        "fit": "average",
        "value": 0.21068277676220784
    }
}