{
    "Ar36": {
        "error": 0.00011889596854980212,
        "error_type": "SEM",
        "filter_outliers_dict": {
            "filter_outliers": true,
            "iterations": 1,
            "std_devs": 2,
            "use_standard_deviation_filtering": false
        },
        "fit": "Parabolic",
        "fn": 379,
        "include_baseline_error": false,
        "n": 400,
        "outlier_excluded": [
            354,
            36,
            37,
            230,
            292,
            360,
            364,
            396,
            334,
            397,
            399,
            177,
            369,
            115,
            373,
            313,
            345,
            346,
            220,
            285,
            349
        ],
        "reviewed": true,
        "user_excluded": [],
        "value": 0.0011780932566746527
    },
    "Ar37": {
        "error": 0.013207277048759344,
        "error_type": "SEM",
        "filter_outliers_dict": {
            "filter_outliers": true,
            "iterations": 1,
            "std_devs": 2,
            "use_standard_deviation_filtering": false
        },
        "fit": "Linear",
        "fn": 381,
        "include_baseline_error": false,
        "n": 400,
        "outlier_excluded": [
            223,
            348,
            259,
            199,
            75,
            140,
            268,
            110,
            78,
            80,
            239,
            337,
            395,
            120,
            155,
            220,
            221,
            285,
            31
        ],
        "reviewed": true,
        "user_excluded": [],
        "value": 0.14442718387916353
    },
    "Ar38": {
        "error": 0.01331139477765724,
        "error_type": "SEM",
        "filter_outliers_dict": {
            "filter_outliers": true,
            "iterations": 1,
            "std_devs": 2,
            "use_standard_deviation_filtering": false
        },
        "fit": "Linear",
        "fn": 386,
        "include_baseline_error": false,
        "n": 400,
        "outlier_excluded": [
            130,
            355,
            325,
            198,
            76,
            109,
            47,
            147,
            148,
            118,
            247,
            219,
            189,
            383
        ],
        "reviewed": true,
        "user_excluded": [],
        "value": -0.16108304163203074
    },
    "Ar39": {
        "error": 0.01829944822211033,
        "error_type": "SEM",
        "filter_outliers_dict": {
            "filter_outliers": true,
            "iterations": 1,
            "std_devs": 2,
            "use_standard_deviation_filtering": false
        },
        "fit": "Parabolic",
        "fn": 381,
        "include_baseline_error": false,
        "n": 400,
        "outlier_excluded": [
            162,
            5,
            230,
            231,
            265,
            266,
            298,
            140,
            268,
            331,
            143,
            111,
            241,
            210,
            274,
            153,
            219,
            221,
            254
        ],
        "reviewed": true,
        "user_excluded": [],
        "value": -0.030397782317568057
    },
    "Ar40": {
        "error": 0.019765391296157068,
        "error_type": "SEM",
        "filter_outliers_dict": {
            "filter_outliers": true,
            "iterations": 1,
            "std_devs": 2,
            "use_standard_deviation_filtering": false
        },
        "fit": "Parabolic",
        "fn": 387,
        "include_baseline_error": false,
        "n": 400,
        "outlier_excluded": [
            161,
            353,
            354,
            196,
            295,
            40,
            392,
            74,
            108,
            174,
            79,
            347,
            255
        ],
        "reviewed": true,
        "user_excluded": [],
        "value": 0.16335324298350506
    },
    "Ar41": {
        "error": 0.005836099564252832,
        "error_type": "SEM",
        "filter_outliers_dict": {
            "filter_outliers": true,
            "iterations": 1,
            "std_devs": 2,
            "use_standard_deviation_filtering": false
        },
        "fit": "average",
        "value": -0.04917454696413571
    }
}