{
    "Ar36": {
        "error": 0.00015703679977165555,
        "error_type": "SEM",
        "filter_outliers_dict": {
            "filter_outliers": true,
            "iterations": 1,
            "std_devs": 2,
            "use_standard_deviation_filtering": false
        },
        "fit": "Parabolic",
        "fn": 383,
        "include_baseline_error": false,
        "n": 400,
        "outlier_excluded": [
            384,
            257,
            289,
            165,
            389,
            360,
            298,
            139,
            236,
            12,
            300,
            330,
            339,
            91,
            189,
            285,
            255
        ],
        "reviewed": true,
        "user_excluded": [],
        "value": 0.0024101046083523643
    },
    "Ar37": {
        "error": 0.012919757339731231,
        "error_type": "SEM",
        "filter_outliers_dict": {
            "filter_outliers": true,
            "iterations": 1,
            "std_devs": 2,
            "use_standard_deviation_filtering": false
        },
        "fit": "Linear",
        "fn": 382,
        "include_baseline_error": false,
        "n": 400,
        "outlier_excluded": [
            0,
            352,
            131,
            260,
            355,
            38,
            295,
            232,
            328,
            234,
            361,
            111,
            245,
            26,
            91,
            188,
            93,
            94
        ],
        "reviewed": true,
        "user_excluded": [],
        "value": 0.15773772719020254
    },
    "Ar38": {
        "error": 0.011904187732011216,
        "error_type": "SEM",
        "filter_outliers_dict": {
            "filter_outliers": true,
            "iterations": 1,
            "std_devs": 2,
            "use_standard_deviation_filtering": false
        },
        "fit": "Linear",
        "fn": 384,
        "include_baseline_error": false,
        "n": 400,
        "outlier_excluded": [
            351,
            8,
            232,
            393,
            11,
            107,
            363,
            207,
            208,
            241,
            83,
            152,
            280,
            123,
            286,
            350
        ],
        "reviewed": true,
        "user_excluded": [],
        "value": -0.17516422180497743
    },
    "Ar39": {
        "error": 0.016817693458408337,
        "error_type": "SEM",
        "filter_outliers_dict": {
            "filter_outliers": true,
            "iterations": 1,
            "std_devs": 2,
            "use_standard_deviation_filtering": false
        },
        "fit": "Parabolic",
        "fn": 389,
        "include_baseline_error": false,
        "n": 400,
        "outlier_excluded": [
            384,
            38,
            167,
            233,
            170,
            80,
            304,
            308,
            310,
            220,
            189
        ],
        "reviewed": true,
        "user_excluded": [],
        "value": -0.0464023721315341
    },
    "Ar40": {
        "error": 0.021983666443575092,
        "error_type": "SEM",
        "filter_outliers_dict": {
            "filter_outliers": true,
            "iterations": 1,
            "std_devs": 2,
            "use_standard_deviation_filtering": false
        },
        "fit": "Parabolic",
        "fn": 380,
        "include_baseline_error": false,
        "n": 400,
        "outlier_excluded": [
            320,
            384,
            259,
            292,
            324,
            234,
            43,
            266,
            13,
            14,
            109,
            48,
            80,
            238,
            271,
            368,
            309,
            151,
            59,
            123
        ],
        "reviewed": true,
        "user_excluded": [],
        "value": 0.5770141850586203
    },
    "Ar41": {
        "error": 0.006056174211595123,
        "error_type": "SEM",
        "filter_outliers_dict": {
            "filter_outliers": false,
            "iterations": 1,
            "std_devs": 2,
            "use_standard_deviation_filtering": false
        },
        "fit": "average",
        "value": -0.06312922828590217
    }
}