{
    "Ar36": {
        "error": 0.00015487547491918976,
        "error_type": "SEM",
        "filter_outliers_dict": {
            "filter_outliers": true,
            "iterations": 1,
            "std_devs": 2,
            "use_standard_deviation_filtering": false
        },
        "fit": "Parabolic",
        "fn": 380,
        "include_baseline_error": false,
        "n": 400,
        "outlier_excluded": [
            350,
            257,
            67,
            131,
            328,
            329,
            299,
            301,
            302,
            303,
            398,
            145,
            369,
            215,
            313,
            379,
            316,
            317,
            318,
            255
        ],
        "reviewed": true,
        "user_excluded": [],
        "value": 0.003637795856063615
    },
    "Ar37": {
        "error": 0.013945889510694922,
        "error_type": "SEM",
        "filter_outliers_dict": {
            "filter_outliers": true,
            "iterations": 1,
            "std_devs": 2,
            "use_standard_deviation_filtering": false
        },
        "fit": "Linear",
        "fn": 386,
        "include_baseline_error": false,
        "n": 400,
        "outlier_excluded": [
            193,
            66,
            163,
            164,
            37,
            166,
            293,
            104,
            329,
            140,
            78,
            276,
            59,
            93
        ],
        "reviewed": true,
        "user_excluded": [],
        "value": 0.11564003232205945
    },
    "Ar38": {
        "error": 0.0116314868873289,
        "error_type": "SEM",
        "filter_outliers_dict": {
            "filter_outliers": true,
            "iterations": 1,
            "std_devs": 2,
            "use_standard_deviation_filtering": false
        },
        "fit": "Linear",
        "fn": 380,
        "include_baseline_error": false,
        "n": 400,
        "outlier_excluded": [
            318,
            384,
            2,
            166,
            71,
            8,
            264,
            326,
            139,
            328,
            333,
            364,
            370,
            211,
            277,
            246,
            57,
            89,
            286,
            159
        ],
        "reviewed": true,
        "user_excluded": [],
        "value": -0.16744004676657462
    },
    "Ar39": {
        "error": 0.018834060685911806,
        "error_type": "SEM",
        "filter_outliers_dict": {
            "filter_outliers": true,
            "iterations": 1,
            "std_devs": 2,
            "use_standard_deviation_filtering": false
        },
        "fit": "Parabolic",
        "fn": 378,
        "include_baseline_error": false,
        "n": 400,
        "outlier_excluded": [
            5,
            269,
            144,
            276,
            25,
            286,
            290,
            44,
            47,
            177,
            311,
            187,
            331,
            206,
            207,
            83,
            212,
            214,
            343,
            233,
            112,
            125
        ],
        "reviewed": true,
        "user_excluded": [],
        "value": -0.03297804430797921
    },
    "Ar40": {
        "error": 0.022052797553112874,
        "error_type": "SEM",
        "filter_outliers_dict": {
            "filter_outliers": true,
            "iterations": 1,
            "std_devs": 2,
            "use_standard_deviation_filtering": false
        },
        "fit": "Parabolic",
        "fn": 386,
        "include_baseline_error": false,
        "n": 400,
        "outlier_excluded": [
            256,
            166,
            361,
            12,
            109,
            239,
            367,
            51,
            115,
            372,
            87,
            122,
            218,
            124
        ],
        "reviewed": true,
        "user_excluded": [],
        "value": 0.9171935711368665
    },
    "Ar41": {
        "error": 0.0060460729801163696,
        "error_type": "SEM",
        "filter_outliers_dict": {
            "filter_outliers": false,
            "iterations": 1,
            "std_devs": 2,
            "use_standard_deviation_filtering": false
        },
        "fit": "average",
        "value": -0.057588276735136786
    }
}