{
    "Ar36": {
        "error": 0.0001815948650379825,
        "error_type": "SEM",
        "filter_outliers_dict": {
            "filter_outliers": true,
            "iterations": 1,
            "std_devs": 2,
            "use_standard_deviation_filtering": false
        },
        "fit": "Parabolic",
        "fn": 377,
        "include_baseline_error": false,
        "n": 400,
        "outlier_excluded": [
            259,
            399,
            153,
            155,
            286,
            292,
            39,
            46,
            49,
            322,
            328,
            204,
            205,
            210,
            348,
            231,
            232,
            360,
            361,
            364,
            370,
            373,
            252
        ],
        "reviewed": true,
        "user_excluded": [],
        "value": 0.005134451199547909
    },
    "Ar37": {
        "error": 0.012780452532340308,
        "error_type": "SEM",
        "filter_outliers_dict": {
            "filter_outliers": true,
            "iterations": 1,
            "std_devs": 2,
            "use_standard_deviation_filtering": false
        },
        "fit": "Linear",
        "fn": 382,
        "include_baseline_error": false,
        "n": 400,
        "outlier_excluded": [
            228,
            356,
            198,
            39,
            201,
            297,
            363,
            76,
            302,
            273,
            339,
            85,
            182,
            215,
            376,
            29,
            190,
            319
        ],
        "reviewed": true,
        "user_excluded": [],
        "value": 0.022137623372268156
    },
    "Ar38": {
        "error": 0.012711093768108932,
        "error_type": "SEM",
        "filter_outliers_dict": {
            "filter_outliers": true,
            "iterations": 1,
            "std_devs": 2,
            "use_standard_deviation_filtering": false
        },
        "fit": "Linear",
        "fn": 380,
        "include_baseline_error": false,
        "n": 400,
        "outlier_excluded": [
            287,
            226,
            354,
            164,
            40,
            136,
            264,
            299,
            395,
            396,
            14,
            81,
            114,
            308,
            313,
            345,
            347,
            189,
            349,
            127
        ],
        "reviewed": true,
        "user_excluded": [],
        "value": -0.15505942337519235
    },
    "Ar39": {
        "error": 0.01803788906623203,
        "error_type": "SEM",
        "filter_outliers_dict": {
            "filter_outliers": true,
            "iterations": 1,
            "std_devs": 2,
            "use_standard_deviation_filtering": false
        },
        "fit": "Parabolic",
        "fn": 382,
        "include_baseline_error": false,
        "n": 400,
        "outlier_excluded": [
            194,
            163,
            322,
            387,
            138,
            202,
            172,
            109,
            77,
            362,
            367,
            273,
            395,
            275,
            117,
            86,
            375,
            30
        ],
        "reviewed": true,
        "user_excluded": [],
        "value": -0.008078601002220975
    },
    "Ar40": {
        "error": 0.02119265467371194,
        "error_type": "SEM",
        "filter_outliers_dict": {
            "filter_outliers": true,
            "iterations": 1,
            "std_devs": 2,
            "use_standard_deviation_filtering": false
        },
        "fit": "Parabolic",
        "fn": 384,
        "include_baseline_error": false,
        "n": 400,
        "outlier_excluded": [
            96,
            226,
            4,
            6,
            326,
            234,
            107,
            300,
            302,
            399,
            307,
            212,
            311,
            184,
            248,
            348
        ],
        "reviewed": true,
        "user_excluded": [],
        "value": 1.5938319787456166
    },
    "Ar41": {
        "error": 0.005372712740924296,
        "error_type": "SEM",
        "filter_outliers_dict": {
            "filter_outliers": true,
            "iterations": 1,
            "std_devs": 2,
            "use_standard_deviation_filtering": false
        },
        "fit": "average",
        "value": 0.2133879254710067
    }
}