{
    "Ar36": {
        "error": 0.00014631540105422412,
        "error_type": "SEM",
        "filter_outliers_dict": {
            "filter_outliers": true,
            "iterations": 1,
            "std_devs": 2,
            "use_standard_deviation_filtering": false
        },
        "fit": "Parabolic",
        "fn": 378,
        "include_baseline_error": false,
        "n": 400,
        "outlier_excluded": [
            0,
            384,
            259,
            272,
            288,
            162,
            293,
            179,
            322,
            196,
            325,
            72,
            97,
            225,
            363,
            238,
            111,
            243,
            374,
            375,
            376,
            249
        ],
        "reviewed": true,
        "user_excluded": [],
        "value": 0.003302131959392152
    },
    "Ar37": {
        "error": 0.01282951055761705,
        "error_type": "SEM",
        "filter_outliers_dict": {
            "filter_outliers": true,
            "iterations": 1,
            "std_devs": 2,
            "use_standard_deviation_filtering": false
        },
        "fit": "Linear",
        "fn": 379,
        "include_baseline_error": false,
        "n": 400,
        "outlier_excluded": [
            64,
            192,
            322,
            354,
            132,
            196,
            197,
            228,
            328,
            268,
            272,
            177,
            273,
            117,
            280,
            25,
            59,
            124,
            315,
            381,
            191
        ],
        "reviewed": true,
        "user_excluded": [],
        "value": 0.06063112592060234
    },
    "Ar38": {
        "error": 0.01226521484222409,
        "error_type": "SEM",
        "filter_outliers_dict": {
            "filter_outliers": true,
            "iterations": 1,
            "std_devs": 2,
            "use_standard_deviation_filtering": false
        },
        "fit": "Linear",
        "fn": 387,
        "include_baseline_error": false,
        "n": 400,
        "outlier_excluded": [
            32,
            387,
            196,
            358,
            236,
            269,
            143,
            368,
            121,
            348,
            93,
            125,
            285
        ],
        "reviewed": true,
        "user_excluded": [],
        "value": -0.15423453537869897
    },
    "Ar39": {
        "error": 0.017461317829559772,
        "error_type": "SEM",
        "filter_outliers_dict": {
            "filter_outliers": true,
            "iterations": 1,
            "std_devs": 2,
            "use_standard_deviation_filtering": false
        },
        "fit": "Parabolic",
        "fn": 383,
        "include_baseline_error": false,
        "n": 400,
        "outlier_excluded": [
            130,
            67,
            131,
            163,
            102,
            134,
            72,
            201,
            202,
            231,
            234,
            77,
            238,
            276,
            322,
            315,
            254
        ],
        "reviewed": true,
        "user_excluded": [],
        "value": 0.011536349220245412
    },
    "Ar40": {
        "error": 0.020197942163527244,
        "error_type": "SEM",
        "filter_outliers_dict": {
            "filter_outliers": true,
            "iterations": 1,
            "std_devs": 2,
            "use_standard_deviation_filtering": false
        },
        "fit": "Parabolic",
        "fn": 383,
        "include_baseline_error": false,
        "n": 400,
        "outlier_excluded": [
            66,
            36,
            71,
            201,
            76,
            302,
            303,
            80,
            272,
            211,
            340,
            53,
            22,
            54,
            183,
            187,
            351
        ],
        "reviewed": true,
        "user_excluded": [],
        "value": 0.869303974473733
    },
    "Ar41": {
        "error": 0.005517552737535912,
        "error_type": "SEM",
        "filter_outliers_dict": {
            "filter_outliers": true,
            "iterations": 1,
            "std_devs": 2,
            "use_standard_deviation_filtering": false
        },
        "fit": "average",
        "value": 0.2040757320528261
    }
}