{
    "Ar36": {
        "error": 0.00015352657320162833,
        "error_type": "SEM",
        "filter_outliers_dict": {
            "filter_outliers": true,
            "iterations": 1,
            "std_devs": 2,
            "use_standard_deviation_filtering": false
        },
        "fit": "Parabolic",
        "fn": 382,
        "include_baseline_error": false,
        "n": 400,
        "outlier_excluded": [
            0,
            162,
            387,
            356,
            72,
            296,
            394,
            368,
            242,
            339,
            183,
            344,
            376,
            315,
            124,
            284,
            285,
            287
        ],
        "reviewed": true,
        "user_excluded": [],
        "value": 0.0033076658092698985
    },
    "Ar37": {
        "error": 0.012856331894942681,
        "error_type": "SEM",
        "filter_outliers_dict": {
            "filter_outliers": true,
            "iterations": 1,
            "std_devs": 2,
            "use_standard_deviation_filtering": false
        },
        "fit": "Linear",
        "fn": 381,
        "include_baseline_error": false,
        "n": 400,
        "outlier_excluded": [
            128,
            289,
            99,
            100,
            291,
            198,
            7,
            103,
            328,
            355,
            236,
            15,
            17,
            145,
            22,
            375,
            184,
            124,
            95
        ],
        "reviewed": true,
        "user_excluded": [],
        "value": 0.013757205924900135
    },
    "Ar38": {
        "error": 0.011139852527158748,
        "error_type": "SEM",
        "filter_outliers_dict": {
            "filter_outliers": true,
            "iterations": 1,
            "std_devs": 2,
            "use_standard_deviation_filtering": false
        },
        "fit": "Linear",
        "fn": 384,
        "include_baseline_error": false,
        "n": 400,
        "outlier_excluded": [
            35,
            260,
            326,
            390,
            104,
            74,
            109,
            14,
            173,
            206,
            335,
            374,
            89,
            90,
            284,
            126
        ],
        "reviewed": true,
        "user_excluded": [],
        "value": -0.16377125353997543
    },
    "Ar39": {
        "error": 0.01790975139048291,
        "error_type": "SEM",
        "filter_outliers_dict": {
            "filter_outliers": true,
            "iterations": 1,
            "std_devs": 2,
            "use_standard_deviation_filtering": false
        },
        "fit": "Parabolic",
        "fn": 383,
        "include_baseline_error": false,
        "n": 400,
        "outlier_excluded": [
            96,
            100,
            357,
            134,
            135,
            326,
            74,
            332,
            77,
            335,
            146,
            149,
            213,
            27,
            189,
            30,
            31
        ],
        "reviewed": true,
        "user_excluded": [],
        "value": -0.0031795566992133552
    },
    "Ar40": {
        "error": 0.020200024106246547,
        "error_type": "SEM",
        "filter_outliers_dict": {
            "filter_outliers": true,
            "iterations": 1,
            "std_devs": 2,
            "use_standard_deviation_filtering": false
        },
        "fit": "Parabolic",
        "fn": 384,
        "include_baseline_error": false,
        "n": 400,
        "outlier_excluded": [
            160,
            192,
            386,
            228,
            101,
            42,
            111,
            48,
            17,
            143,
            51,
            338,
            369,
            87,
            379,
            287
        ],
        "reviewed": true,
        "user_excluded": [],
        "value": 0.855946376072059
    },
    "Ar41": {
        "error": 0.005716269431601797,
        "error_type": "SEM",
        "filter_outliers_dict": {
            "filter_outliers": true,
            "iterations": 1,
            "std_devs": 2,
            "use_standard_deviation_filtering": false
        },
        "fit": "average",
        "value": 0.2064333793851035
    }
}