{
    "Ar36": {
        "error": 0.00011234119077303028,
        "error_type": "SEM",
        "filter_outliers_dict": {
            "filter_outliers": true,
            "iterations": 1,
            "std_devs": 2,
            "use_standard_deviation_filtering": false
        },
        "fit": "Parabolic",
        "fn": 378,
        "include_baseline_error": false,
        "n": 400,
        "outlier_excluded": [
            384,
            1,
            385,
            390,
            397,
            271,
            145,
            287,
            295,
            308,
            317,
            197,
            330,
            333,
            335,
            224,
            355,
            363,
            242,
            375,
            250,
            254
        ],
        "reviewed": true,
        "user_excluded": [],
        "value": 0.0009473929944011153
    },
    "Ar37": {
        "error": 0.012583630238101436,
        "error_type": "SEM",
        "filter_outliers_dict": {
            "filter_outliers": true,
            "iterations": 1,
            "std_devs": 2,
            "use_standard_deviation_filtering": false
        },
        "fit": "Linear",
        "fn": 382,
        "include_baseline_error": false,
        "n": 400,
        "outlier_excluded": [
            70,
            364,
            365,
            142,
            113,
            242,
            369,
            180,
            117,
            342,
            370,
            88,
            345,
            371,
            28,
            92,
            285,
            351
        ],
        "reviewed": true,
        "user_excluded": [],
        "value": 0.13750097397698804
    },
    "Ar38": {
        "error": 0.012992328838440896,
        "error_type": "SEM",
        "filter_outliers_dict": {
            "filter_outliers": true,
            "iterations": 1,
            "std_devs": 2,
            "use_standard_deviation_filtering": false
        },
        "fit": "Linear",
        "fn": 384,
        "include_baseline_error": false,
        "n": 400,
        "outlier_excluded": [
            65,
            36,
            228,
            71,
            168,
            266,
            45,
            206,
            80,
            372,
            151,
            184,
            375,
            91,
            92,
            157
        ],
        "reviewed": true,
        "user_excluded": [],
        "value": -0.18222936848224558
    },
    "Ar39": {
        "error": 0.018641154180473067,
        "error_type": "SEM",
        "filter_outliers_dict": {
            "filter_outliers": true,
            "iterations": 1,
            "std_devs": 2,
            "use_standard_deviation_filtering": false
        },
        "fit": "Parabolic",
        "fn": 381,
        "include_baseline_error": false,
        "n": 400,
        "outlier_excluded": [
            32,
            351,
            5,
            6,
            70,
            265,
            361,
            203,
            367,
            80,
            49,
            82,
            83,
            148,
            149,
            88,
            187,
            285,
            191
        ],
        "reviewed": true,
        "user_excluded": [],
        "value": -0.002186061002693038
    },
    "Ar40": {
        "error": 0.0197289683591278,
        "error_type": "SEM",
        "filter_outliers_dict": {
            "filter_outliers": true,
            "iterations": 1,
            "std_devs": 2,
            "use_standard_deviation_filtering": false
        },
        "fit": "Parabolic",
        "fn": 380,
        "include_baseline_error": false,
        "n": 400,
        "outlier_excluded": [
            256,
            99,
            5,
            229,
            293,
            72,
            201,
            74,
            394,
            268,
            174,
            15,
            148,
            85,
            118,
            23,
            150,
            57,
            373,
            125
        ],
        "reviewed": true,
        "user_excluded": [],
        "value": 0.1759728318730846
    },
    "Ar41": {
        "error": 0.00597677105993568,
        "error_type": "SEM",
        "filter_outliers_dict": {
            "filter_outliers": true,
            "iterations": 1,
            "std_devs": 2,
            "use_standard_deviation_filtering": false
        },
        "fit": "average",
        "value": 0.1949216477516226
    }
}