{
    "Ar36": {
        "error": 0.000121454349435462,
        "error_type": "SEM",
        "filter_outliers_dict": {
            "filter_outliers": true,
            "iterations": 1,
            "std_devs": 2,
            "use_standard_deviation_filtering": false
        },
        "fit": "Parabolic",
        "fn": 573,
        "include_baseline_error": false,
        "n": 600,
        "outlier_excluded": [
            0,
            384,
            512,
            389,
            392,
            522,
            538,
            544,
            554,
            306,
            566,
            571,
            63,
            577,
            322,
            450,
            579,
            327,
            331,
            459,
            589,
            595,
            346,
            351,
            223,
            502,
            255
        ],
        "reviewed": true,
        "user_excluded": [],
        "value": 0.0025232799759179747
    },
    "Ar37": {
        "error": 0.010347005980871007,
        "error_type": "SEM",
        "filter_outliers_dict": {
            "filter_outliers": true,
            "iterations": 1,
            "std_devs": 2,
            "use_standard_deviation_filtering": false
        },
        "fit": "Linear",
        "fn": 575,
        "include_baseline_error": false,
        "n": 600,
        "outlier_excluded": [
            0,
            133,
            518,
            7,
            519,
            522,
            527,
            272,
            146,
            541,
            288,
            546,
            562,
            183,
            570,
            575,
            577,
            72,
            458,
            214,
            369,
            243,
            120,
            249,
            509
        ],
        "reviewed": true,
        "user_excluded": [],
        "value": 0.009404530645561574
    },
    "Ar38": {
        "error": 0.009731082404302455,
        "error_type": "SEM",
        "filter_outliers_dict": {
            "filter_outliers": true,
            "iterations": 1,
            "std_devs": 2,
            "use_standard_deviation_filtering": false
        },
        "fit": "Linear",
        "fn": 583,
        "include_baseline_error": false,
        "n": 600,
        "outlier_excluded": [
            544,
            574,
            194,
            452,
            421,
            486,
            583,
            168,
            232,
            360,
            366,
            143,
            467,
            503,
            285,
            126,
            63
        ],
        "reviewed": true,
        "user_excluded": [],
        "value": -0.18150956635054186
    },
    "Ar39": {
        "error": 0.014256890975192922,
        "error_type": "SEM",
        "filter_outliers_dict": {
            "filter_outliers": true,
            "iterations": 1,
            "std_devs": 2,
            "use_standard_deviation_filtering": false
        },
        "fit": "Parabolic",
        "fn": 573,
        "include_baseline_error": false,
        "n": 600,
        "outlier_excluded": [
            386,
            514,
            389,
            265,
            272,
            407,
            540,
            424,
            41,
            45,
            429,
            560,
            59,
            452,
            200,
            462,
            594,
            216,
            348,
            225,
            98,
            110,
            238,
            372,
            378,
            251,
            506
        ],
        "reviewed": true,
        "user_excluded": [],
        "value": -0.020282541932442114
    },
    "Ar40": {
        "error": 0.016038031799163466,
        "error_type": "SEM",
        "filter_outliers_dict": {
            "filter_outliers": true,
            "iterations": 1,
            "std_devs": 2,
            "use_standard_deviation_filtering": false
        },
        "fit": "Parabolic",
        "fn": 573,
        "include_baseline_error": false,
        "n": 600,
        "outlier_excluded": [
            513,
            133,
            134,
            143,
            527,
            17,
            150,
            540,
            29,
            415,
            32,
            545,
            40,
            552,
            47,
            559,
            186,
            191,
            75,
            339,
            84,
            598,
            96,
            225,
            98,
            496,
            505
        ],
        "reviewed": true,
        "user_excluded": [],
        "value": 0.6390253617111008
    },
    "Ar41": {
        "error": 0.0049055300091806735,
        "error_type": "SEM",
        "filter_outliers_dict": {
            "filter_outliers": true,
            "iterations": 1,
            "std_devs": 2,
            "use_standard_deviation_filtering": false
        },
        "fit": "average",
        "value": -0.05730537370530605
    }
}