{
    "Ar36": {
        "error": 0.00018627713116466292,
        "error_type": "SEM",
        "filter_outliers_dict": {
            "filter_outliers": true,
            "iterations": 1,
            "std_devs": 2,
            "use_standard_deviation_filtering": false
        },
        "fit": "Parabolic",
        "fn": 379,
        "include_baseline_error": false,
        "n": 400,
        "outlier_excluded": [
            291,
            292,
            197,
            230,
            357,
            391,
            266,
            235,
            299,
            333,
            112,
            338,
            340,
            372,
            373,
            344,
            376,
            90,
            156,
            348,
            223
        ],
        "reviewed": true,
        "user_excluded": [],
        "value": 0.004748607901943923
    },
    "Ar37": {
        "error": 0.012198181144552326,
        "error_type": "SEM",
        "filter_outliers_dict": {
            "filter_outliers": true,
            "iterations": 1,
            "std_devs": 2,
            "use_standard_deviation_filtering": false
        },
        "fit": "Linear",
        "fn": 382,
        "include_baseline_error": false,
        "n": 400,
        "outlier_excluded": [
            382,
            129,
            322,
            195,
            353,
            165,
            198,
            9,
            174,
            15,
            80,
            368,
            82,
            370,
            87,
            121,
            286,
            350
        ],
        "reviewed": true,
        "user_excluded": [],
        "value": 0.03540810722284202
    },
    "Ar38": {
        "error": 0.011990400310500433,
        "error_type": "SEM",
        "filter_outliers_dict": {
            "filter_outliers": true,
            "iterations": 1,
            "std_devs": 2,
            "use_standard_deviation_filtering": false
        },
        "fit": "Linear",
        "fn": 380,
        "include_baseline_error": false,
        "n": 400,
        "outlier_excluded": [
            164,
            292,
            356,
            167,
            231,
            74,
            203,
            236,
            330,
            367,
            208,
            272,
            87,
            184,
            281,
            250,
            345,
            378,
            125,
            379
        ],
        "reviewed": true,
        "user_excluded": [],
        "value": -0.14935717480539704
    },
    "Ar39": {
        "error": 0.015961185136122973,
        "error_type": "SEM",
        "filter_outliers_dict": {
            "filter_outliers": true,
            "iterations": 1,
            "std_devs": 2,
            "use_standard_deviation_filtering": false
        },
        "fit": "Parabolic",
        "fn": 382,
        "include_baseline_error": false,
        "n": 400,
        "outlier_excluded": [
            285,
            385,
            98,
            227,
            290,
            326,
            392,
            105,
            265,
            329,
            108,
            330,
            279,
            217,
            59,
            29,
            254,
            63
        ],
        "reviewed": true,
        "user_excluded": [],
        "value": -0.0034351060976121218
    },
    "Ar40": {
        "error": 0.025924171021711483,
        "error_type": "SEM",
        "filter_outliers_dict": {
            "filter_outliers": true,
            "iterations": 1,
            "std_devs": 2,
            "use_standard_deviation_filtering": false
        },
        "fit": "Parabolic",
        "fn": 380,
        "include_baseline_error": false,
        "n": 400,
        "outlier_excluded": [
            128,
            1,
            2,
            195,
            354,
            389,
            6,
            135,
            72,
            47,
            111,
            175,
            50,
            51,
            242,
            375,
            90,
            250,
            381,
            126
        ],
        "reviewed": true,
        "user_excluded": [],
        "value": 1.4339111766685686
    },
    "Ar41": {
        "error": 0.005858660327514771,
        "error_type": "SEM",
        "filter_outliers_dict": {
            "filter_outliers": true,
            "iterations": 1,
            "std_devs": 2,
            "use_standard_deviation_filtering": false
        },
        "fit": "average",
        "value": -0.04813704689588192
    }
}