{
    "Ar36": {
        "error": 0.00021003569184591106,
        "error_type": "SEM",
        "filter_outliers_dict": {
            "filter_outliers": true,
            "iterations": 1,
            "std_devs": 2,
            "use_standard_deviation_filtering": false
        },
        "fit": "Parabolic",
        "fn": 384,
        "include_baseline_error": false,
        "n": 400,
        "outlier_excluded": [
            67,
            359,
            203,
            299,
            301,
            395,
            397,
            209,
            115,
            215,
            311,
            57,
            313,
            375,
            377,
            317
        ],
        "reviewed": true,
        "user_excluded": [],
        "value": 0.004437513613050125
    },
    "Ar37": {
        "error": 0.011647531773839623,
        "error_type": "SEM",
        "filter_outliers_dict": {
            "filter_outliers": true,
            "iterations": 1,
            "std_devs": 2,
            "use_standard_deviation_filtering": false
        },
        "fit": "Linear",
        "fn": 382,
        "include_baseline_error": false,
        "n": 400,
        "outlier_excluded": [
            257,
            130,
            232,
            392,
            138,
            395,
            332,
            13,
            15,
            112,
            113,
            207,
            339,
            343,
            90,
            59,
            157,
            382
        ],
        "reviewed": true,
        "user_excluded": [],
        "value": 0.05126058496273606
    },
    "Ar38": {
        "error": 0.011684367504448222,
        "error_type": "SEM",
        "filter_outliers_dict": {
            "filter_outliers": true,
            "iterations": 1,
            "std_devs": 2,
            "use_standard_deviation_filtering": false
        },
        "fit": "Linear",
        "fn": 383,
        "include_baseline_error": false,
        "n": 400,
        "outlier_excluded": [
            256,
            385,
            387,
            262,
            42,
            331,
            78,
            334,
            240,
            336,
            307,
            214,
            152,
            25,
            317,
            222,
            287
        ],
        "reviewed": true,
        "user_excluded": [],
        "value": -0.16876431589263735
    },
    "Ar39": {
        "error": 0.01916078189749142,
        "error_type": "SEM",
        "filter_outliers_dict": {
            "filter_outliers": true,
            "iterations": 1,
            "std_devs": 2,
            "use_standard_deviation_filtering": false
        },
        "fit": "Parabolic",
        "fn": 386,
        "include_baseline_error": false,
        "n": 400,
        "outlier_excluded": [
            256,
            66,
            195,
            69,
            261,
            263,
            72,
            137,
            267,
            45,
            238,
            269,
            305,
            282
        ],
        "reviewed": true,
        "user_excluded": [],
        "value": -0.006239839910701327
    },
    "Ar40": {
        "error": 0.0258593421806133,
        "error_type": "SEM",
        "filter_outliers_dict": {
            "filter_outliers": true,
            "iterations": 1,
            "std_devs": 2,
            "use_standard_deviation_filtering": false
        },
        "fit": "Parabolic",
        "fn": 382,
        "include_baseline_error": false,
        "n": 400,
        "outlier_excluded": [
            384,
            1,
            33,
            129,
            258,
            324,
            295,
            108,
            333,
            396,
            399,
            241,
            19,
            150,
            87,
            284,
            316,
            351
        ],
        "reviewed": true,
        "user_excluded": [],
        "value": 1.2301171053669113
    },
    "Ar41": {
        "error": 0.005519055751452752,
        "error_type": "SEM",
        "filter_outliers_dict": {
            "filter_outliers": true,
            "iterations": 1,
            "std_devs": 2,
            "use_standard_deviation_filtering": false
        },
        "fit": "average",
        "value": -0.048620196180624825
    }
}