{
    "Ar36": {
        "error": 0.00017345937930974856,
        "error_type": "SEM",
        "filter_outliers_dict": {
            "filter_outliers": true,
            "iterations": 1,
            "std_devs": 2,
            "use_standard_deviation_filtering": false
        },
        "fit": "Parabolic",
        "fn": 383,
        "include_baseline_error": false,
        "n": 400,
        "outlier_excluded": [
            384,
            1,
            354,
            131,
            385,
            327,
            297,
            138,
            11,
            396,
            271,
            240,
            113,
            337,
            216,
            314,
            254
        ],
        "reviewed": true,
        "user_excluded": [],
        "value": 0.004383445613468342
    },
    "Ar37": {
        "error": 0.011892588342784617,
        "error_type": "SEM",
        "filter_outliers_dict": {
            "filter_outliers": true,
            "iterations": 1,
            "std_devs": 2,
            "use_standard_deviation_filtering": false
        },
        "fit": "Linear",
        "fn": 384,
        "include_baseline_error": false,
        "n": 400,
        "outlier_excluded": [
            0,
            256,
            320,
            352,
            141,
            110,
            15,
            302,
            366,
            210,
            308,
            24,
            152,
            314,
            318,
            351
        ],
        "reviewed": true,
        "user_excluded": [],
        "value": 0.035950616672883774
    },
    "Ar38": {
        "error": 0.01153322987693728,
        "error_type": "SEM",
        "filter_outliers_dict": {
            "filter_outliers": true,
            "iterations": 1,
            "std_devs": 2,
            "use_standard_deviation_filtering": false
        },
        "fit": "Linear",
        "fn": 380,
        "include_baseline_error": false,
        "n": 400,
        "outlier_excluded": [
            32,
            162,
            131,
            258,
            260,
            393,
            42,
            75,
            298,
            301,
            175,
            113,
            114,
            244,
            372,
            342,
            89,
            93,
            318,
            127
        ],
        "reviewed": true,
        "user_excluded": [],
        "value": -0.15322601825352591
    },
    "Ar39": {
        "error": 0.017484696694830344,
        "error_type": "SEM",
        "filter_outliers_dict": {
            "filter_outliers": true,
            "iterations": 1,
            "std_devs": 2,
            "use_standard_deviation_filtering": false
        },
        "fit": "Parabolic",
        "fn": 385,
        "include_baseline_error": false,
        "n": 400,
        "outlier_excluded": [
            319,
            1,
            258,
            228,
            204,
            303,
            304,
            399,
            50,
            313,
            122,
            155,
            347,
            190,
            255
        ],
        "reviewed": true,
        "user_excluded": [],
        "value": -0.031914977199346745
    },
    "Ar40": {
        "error": 0.021221256483325443,
        "error_type": "SEM",
        "filter_outliers_dict": {
            "filter_outliers": true,
            "iterations": 1,
            "std_devs": 2,
            "use_standard_deviation_filtering": false
        },
        "fit": "Parabolic",
        "fn": 383,
        "include_baseline_error": false,
        "n": 400,
        "outlier_excluded": [
            256,
            289,
            2,
            258,
            196,
            69,
            260,
            167,
            8,
            137,
            266,
            296,
            237,
            322,
            122,
            154,
            221
        ],
        "reviewed": true,
        "user_excluded": [],
        "value": 1.1294982641611337
    },
    "Ar41": {
        "error": 0.005810456217052315,
        "error_type": "SEM",
        "filter_outliers_dict": {
            "filter_outliers": true,
            "iterations": 1,
            "std_devs": 2,
            "use_standard_deviation_filtering": false
        },
        "fit": "average",
        "value": -0.051290143976689545
    }
}