{
    "Ar36": {
        "error": 0.00011717664451400382,
        "error_type": "SEM",
        "filter_outliers_dict": {
            "filter_outliers": true,
            "iterations": 1,
            "std_devs": 2,
            "use_standard_deviation_filtering": false
        },
        "fit": "Parabolic",
        "fn": 569,
        "include_baseline_error": false,
        "n": 600,
        "outlier_excluded": [
            0,
            513,
            258,
            518,
            395,
            274,
            535,
            538,
            412,
            418,
            292,
            309,
            567,
            314,
            444,
            574,
            453,
            455,
            584,
            591,
            597,
            473,
            230,
            487,
            491,
            492,
            375,
            503,
            504,
            381,
            509
        ],
        "reviewed": true,
        "user_excluded": [],
        "value": 0.002685853267648173
    },
    "Ar37": {
        "error": 0.009902782301336578,
        "error_type": "SEM",
        "filter_outliers_dict": {
            "filter_outliers": true,
            "iterations": 1,
            "std_devs": 2,
            "use_standard_deviation_filtering": false
        },
        "fit": "Linear",
        "fn": 569,
        "include_baseline_error": false,
        "n": 600,
        "outlier_excluded": [
            131,
            392,
            11,
            270,
            533,
            536,
            284,
            541,
            544,
            550,
            302,
            564,
            445,
            573,
            452,
            199,
            585,
            330,
            203,
            83,
            214,
            346,
            92,
            477,
            349,
            352,
            484,
            488,
            106,
            114,
            249
        ],
        "reviewed": true,
        "user_excluded": [],
        "value": 0.017485987088549808
    },
    "Ar38": {
        "error": 0.009804214582960522,
        "error_type": "SEM",
        "filter_outliers_dict": {
            "filter_outliers": true,
            "iterations": 1,
            "std_devs": 2,
            "use_standard_deviation_filtering": false
        },
        "fit": "Linear",
        "fn": 580,
        "include_baseline_error": false,
        "n": 600,
        "outlier_excluded": [
            353,
            162,
            450,
            546,
            421,
            328,
            74,
            266,
            236,
            205,
            267,
            207,
            334,
            429,
            338,
            493,
            502,
            598,
            56,
            316
        ],
        "reviewed": true,
        "user_excluded": [],
        "value": -0.19162449801901787
    },
    "Ar39": {
        "error": 0.01406237615515308,
        "error_type": "SEM",
        "filter_outliers_dict": {
            "filter_outliers": true,
            "iterations": 1,
            "std_devs": 2,
            "use_standard_deviation_filtering": false
        },
        "fit": "Parabolic",
        "fn": 574,
        "include_baseline_error": false,
        "n": 600,
        "outlier_excluded": [
            136,
            27,
            285,
            31,
            163,
            299,
            314,
            317,
            318,
            447,
            320,
            577,
            195,
            323,
            325,
            582,
            455,
            72,
            584,
            330,
            586,
            224,
            97,
            225,
            228,
            236
        ],
        "reviewed": true,
        "user_excluded": [],
        "value": -0.022025686821612257
    },
    "Ar40": {
        "error": 0.016432339622140784,
        "error_type": "SEM",
        "filter_outliers_dict": {
            "filter_outliers": true,
            "iterations": 1,
            "std_devs": 2,
            "use_standard_deviation_filtering": false
        },
        "fit": "Parabolic",
        "fn": 578,
        "include_baseline_error": false,
        "n": 600,
        "outlier_excluded": [
            2,
            393,
            522,
            524,
            402,
            536,
            288,
            289,
            557,
            309,
            58,
            317,
            324,
            452,
            212,
            340,
            474,
            362,
            364,
            237,
            503,
            253
        ],
        "reviewed": true,
        "user_excluded": [],
        "value": 0.674966776452328
    },
    "Ar41": {
        "error": 0.004409285140473179,
        "error_type": "SEM",
        "filter_outliers_dict": {
            "filter_outliers": true,
            "iterations": 1,
            "std_devs": 2,
            "use_standard_deviation_filtering": false
        },
        "fit": "average",
        "value": -0.059782858542452084
    }
}