{
    "Ar36": {
        "error": 0.00015337501093085637,
        "error_type": "SD",
        "filter_outliers_dict": {
            "filter_outliers": true,
            "iterations": 1,
            "std_devs": 2,
            "use_standard_deviation_filtering": false
        },
        "fit": "Parabolic",
        "fn": 381,
        "include_baseline_error": false,
        "n": 400,
        "outlier_excluded": [
            0,
            350,
            226,
            290,
            6,
            232,
            361,
            331,
            333,
            368,
            114,
            306,
            117,
            246,
            186,
            379,
            93,
            94,
            223
        ],
        "reviewed": true,
        "user_excluded": [],
        "value": 0.004210813972753899
    },
    "Ar37": {
        "error": 0.01305892207367915,
        "error_type": "SD",
        "filter_outliers_dict": {
            "filter_outliers": true,
            "iterations": 1,
            "std_devs": 2,
            "use_standard_deviation_filtering": false
        },
        "fit": "Linear",
        "fn": 379,
        "include_baseline_error": false,
        "n": 400,
        "outlier_excluded": [
            387,
            388,
            230,
            327,
            361,
            139,
            269,
            270,
            47,
            367,
            81,
            339,
            20,
            181,
            182,
            276,
            340,
            342,
            186,
            30,
            287
        ],
        "reviewed": true,
        "user_excluded": [],
        "value": 0.02979891144356615
    },
    "Ar38": {
        "error": 0.01222863120472961,
        "error_type": "SD",
        "filter_outliers_dict": {
            "filter_outliers": true,
            "iterations": 1,
            "std_devs": 2,
            "use_standard_deviation_filtering": false
        },
        "fit": "Linear",
        "fn": 384,
        "include_baseline_error": false,
        "n": 400,
        "outlier_excluded": [
            160,
            386,
            68,
            293,
            9,
            106,
            233,
            301,
            365,
            335,
            49,
            81,
            185,
            27,
            60,
            156
        ],
        "reviewed": true,
        "user_excluded": [],
        "value": -0.060011263708808354
    },
    "Ar39": {
        "error": 0.009327409636896454,
        "error_type": "SD",
        "filter_outliers_dict": {
            "filter_outliers": true,
            "iterations": 1,
            "std_devs": 2,
            "use_standard_deviation_filtering": false
        },
        "fit": "Parabolic",
        "fn": 382,
        "include_baseline_error": false,
        "n": 400,
        "outlier_excluded": [
            384,
            65,
            293,
            232,
            328,
            10,
            12,
            109,
            207,
            17,
            210,
            371,
            213,
            87,
            311,
            59,
            124,
            221
        ],
        "reviewed": true,
        "user_excluded": [],
        "value": 0.001569311295856868
    },
    "Ar40": {
        "error": 0.019114609089389487,
        "error_type": "SD",
        "filter_outliers_dict": {
            "filter_outliers": true,
            "iterations": 1,
            "std_devs": 2,
            "use_standard_deviation_filtering": false
        },
        "fit": "Parabolic",
        "fn": 383,
        "include_baseline_error": false,
        "n": 400,
        "outlier_excluded": [
            257,
            258,
            355,
            70,
            198,
            266,
            203,
            108,
            205,
            303,
            16,
            273,
            178,
            245,
            187,
            93,
            317
        ],
        "reviewed": true,
        "user_excluded": [],
        "value": 1.1637585443875618
    },
    "Ar41": {
        "error": 0.14465836640785176,
        "error_type": "SD",
        "filter_outliers_dict": {
            "filter_outliers": false,
            "iterations": 1,
            "std_devs": 1,
            "use_standard_deviation_filtering": false
        },
        "fit": "average_SEM",
        "value": 0.013199139076241408
    }
}