{
    "Ar36": {
        "error": 0.0001497443730007711,
        "error_type": "SD",
        "filter_outliers_dict": {
            "filter_outliers": true,
            "iterations": 1,
            "std_devs": 2,
            "use_standard_deviation_filtering": false
        },
        "fit": "Parabolic",
        "fn": 578,
        "include_baseline_error": false,
        "n": 600,
        "outlier_excluded": [
            260,
            264,
            269,
            532,
            410,
            285,
            542,
            293,
            551,
            168,
            302,
            304,
            560,
            439,
            569,
            579,
            582,
            74,
            466,
            227,
            495,
            506
        ],
        "reviewed": true,
        "user_excluded": [],
        "value": 0.006935995421431168
    },
    "Ar37": {
        "error": 0.010176566032129124,
        "error_type": "SD",
        "filter_outliers_dict": {
            "filter_outliers": true,
            "iterations": 1,
            "std_devs": 2,
            "use_standard_deviation_filtering": false
        },
        "fit": "Linear",
        "fn": 574,
        "include_baseline_error": false,
        "n": 600,
        "outlier_excluded": [
            3,
            138,
            144,
            540,
            29,
            31,
            420,
            48,
            52,
            182,
            183,
            185,
            313,
            314,
            571,
            72,
            75,
            467,
            476,
            95,
            233,
            361,
            504,
            379,
            124,
            126
        ],
        "reviewed": true,
        "user_excluded": [],
        "value": -0.007727451300918318
    },
    "Ar38": {
        "error": 0.009169596645111376,
        "error_type": "SD",
        "filter_outliers_dict": {
            "filter_outliers": true,
            "iterations": 1,
            "std_devs": 2,
            "use_standard_deviation_filtering": false
        },
        "fit": "Linear",
        "fn": 571,
        "include_baseline_error": false,
        "n": 600,
        "outlier_excluded": [
            523,
            270,
            147,
            281,
            154,
            539,
            285,
            158,
            163,
            291,
            549,
            567,
            445,
            196,
            71,
            328,
            458,
            586,
            78,
            592,
            593,
            84,
            225,
            99,
            233,
            111,
            500,
            245,
            505
        ],
        "reviewed": true,
        "user_excluded": [],
        "value": -0.050294055142206945
    },
    "Ar39": {
        "error": 0.006736604743991772,
        "error_type": "SD",
        "filter_outliers_dict": {
            "filter_outliers": true,
            "iterations": 1,
            "std_devs": 2,
            "use_standard_deviation_filtering": false
        },
        "fit": "Parabolic",
        "fn": 568,
        "include_baseline_error": false,
        "n": 600,
        "outlier_excluded": [
            517,
            263,
            520,
            279,
            412,
            30,
            289,
            37,
            168,
            298,
            44,
            560,
            183,
            69,
            582,
            203,
            588,
            589,
            462,
            210,
            86,
            598,
            95,
            352,
            357,
            231,
            233,
            363,
            366,
            371,
            244,
            119
        ],
        "reviewed": true,
        "user_excluded": [],
        "value": 0.012342334226359023
    },
    "Ar40": {
        "error": 0.015369655933416658,
        "error_type": "SD",
        "filter_outliers_dict": {
            "filter_outliers": true,
            "iterations": 1,
            "std_devs": 2,
            "use_standard_deviation_filtering": false
        },
        "fit": "Parabolic",
        "fn": 570,
        "include_baseline_error": false,
        "n": 600,
        "outlier_excluded": [
            134,
            266,
            11,
            157,
            414,
            33,
            546,
            550,
            551,
            43,
            175,
            176,
            559,
            561,
            181,
            57,
            443,
            60,
            203,
            594,
            469,
            477,
            483,
            229,
            358,
            232,
            106,
            115,
            505,
            253
        ],
        "reviewed": true,
        "user_excluded": [],
        "value": 2.038772073816493
    },
    "Ar41": {
        "error": 0.1401519866679493,
        "error_type": "SD",
        "filter_outliers_dict": {
            "filter_outliers": false,
            "iterations": 1,
            "std_devs": 1,
            "use_standard_deviation_filtering": false
        },
        "fit": "average_SEM",
        "value": -0.0018524166242180702
    }
}