{
    "Ar36": {
        "error": 0.00012051571188281093,
        "error_type": "SD",
        "filter_outliers_dict": {
            "filter_outliers": true,
            "iterations": 1,
            "std_devs": 2,
            "use_standard_deviation_filtering": false
        },
        "fit": "Parabolic",
        "fn": 570,
        "include_baseline_error": false,
        "n": 600,
        "outlier_excluded": [
            1,
            514,
            520,
            140,
            268,
            269,
            271,
            403,
            412,
            414,
            170,
            172,
            559,
            49,
            305,
            434,
            563,
            439,
            440,
            569,
            576,
            450,
            578,
            455,
            462,
            596,
            472,
            368,
            369,
            126
        ],
        "reviewed": true,
        "user_excluded": [],
        "value": 0.0035726352225289556
    },
    "Ar37": {
        "error": 0.010523193762352561,
        "error_type": "SD",
        "filter_outliers_dict": {
            "filter_outliers": true,
            "iterations": 1,
            "std_devs": 2,
            "use_standard_deviation_filtering": false
        },
        "fit": "Linear",
        "fn": 576,
        "include_baseline_error": false,
        "n": 600,
        "outlier_excluded": [
            536,
            409,
            284,
            542,
            158,
            160,
            33,
            417,
            420,
            434,
            573,
            322,
            452,
            77,
            205,
            589,
            345,
            347,
            96,
            102,
            369,
            115,
            501,
            510
        ],
        "reviewed": true,
        "user_excluded": [],
        "value": 0.03243958470004679
    },
    "Ar38": {
        "error": 0.011302927400604004,
        "error_type": "SD",
        "filter_outliers_dict": {
            "filter_outliers": true,
            "iterations": 1,
            "std_devs": 2,
            "use_standard_deviation_filtering": false
        },
        "fit": "Linear",
        "fn": 573,
        "include_baseline_error": false,
        "n": 600,
        "outlier_excluded": [
            0,
            4,
            519,
            271,
            280,
            411,
            539,
            414,
            48,
            436,
            440,
            58,
            191,
            68,
            453,
            326,
            199,
            76,
            471,
            94,
            356,
            230,
            494,
            247,
            375,
            378,
            126
        ],
        "reviewed": true,
        "user_excluded": [],
        "value": -0.00708285340468731
    },
    "Ar39": {
        "error": 0.0067547479450956035,
        "error_type": "SD",
        "filter_outliers_dict": {
            "filter_outliers": true,
            "iterations": 1,
            "std_devs": 2,
            "use_standard_deviation_filtering": false
        },
        "fit": "Parabolic",
        "fn": 573,
        "include_baseline_error": false,
        "n": 600,
        "outlier_excluded": [
            0,
            517,
            399,
            17,
            531,
            149,
            284,
            302,
            558,
            49,
            179,
            564,
            566,
            313,
            189,
            196,
            69,
            75,
            594,
            595,
            471,
            355,
            364,
            365,
            366,
            372,
            379
        ],
        "reviewed": true,
        "user_excluded": [],
        "value": 0.012740785895353279
    },
    "Ar40": {
        "error": 0.015068093778963933,
        "error_type": "SD",
        "filter_outliers_dict": {
            "filter_outliers": true,
            "iterations": 1,
            "std_devs": 2,
            "use_standard_deviation_filtering": false
        },
        "fit": "Parabolic",
        "fn": 571,
        "include_baseline_error": false,
        "n": 600,
        "outlier_excluded": [
            256,
            135,
            136,
            265,
            519,
            522,
            540,
            415,
            417,
            162,
            419,
            297,
            553,
            554,
            429,
            176,
            314,
            64,
            451,
            328,
            459,
            332,
            340,
            346,
            356,
            486,
            492,
            499,
            116
        ],
        "reviewed": true,
        "user_excluded": [],
        "value": 0.9782827397855687
    },
    "Ar41": {
        "error": 0.1401718788671479,
        "error_type": "SD",
        "filter_outliers_dict": {
            "filter_outliers": false,
            "iterations": 1,
            "std_devs": 1,
            "use_standard_deviation_filtering": false
        },
        "fit": "average_SEM",
        "value": 0.001456253174452892
    }
}