{
    "Ar36": {
        "error": 0.00013345212538399317,
        "error_type": "SEM",
        "filter_outliers_dict": {
            "filter_outliers": true,
            "iterations": 1,
            "std_devs": 2,
            "use_standard_deviation_filtering": false
        },
        "fit": "Parabolic",
        "fn": 565,
        "include_baseline_error": false,
        "n": 600,
        "outlier_excluded": [
            521,
            399,
            23,
            536,
            282,
            538,
            288,
            546,
            425,
            553,
            435,
            308,
            311,
            571,
            572,
            64,
            448,
            580,
            325,
            583,
            587,
            332,
            464,
            595,
            341,
            597,
            96,
            224,
            354,
            231,
            495,
            496,
            369,
            506,
            507
        ],
        "reviewed": true,
        "user_excluded": [],
        "value": 0.004289702438891197
    },
    "Ar37": {
        "error": 0.010210460988405744,
        "error_type": "SEM",
        "filter_outliers_dict": {
            "filter_outliers": true,
            "iterations": 1,
            "std_devs": 2,
            "use_standard_deviation_filtering": false
        },
        "fit": "Linear",
        "fn": 577,
        "include_baseline_error": false,
        "n": 600,
        "outlier_excluded": [
            515,
            266,
            14,
            152,
            155,
            163,
            423,
            566,
            186,
            454,
            332,
            206,
            209,
            466,
            84,
            212,
            495,
            498,
            499,
            117,
            502,
            248,
            250
        ],
        "reviewed": true,
        "user_excluded": [],
        "value": 0.015154228501113982
    },
    "Ar38": {
        "error": 0.013094288423649826,
        "error_type": "SEM",
        "filter_outliers_dict": {
            "filter_outliers": true,
            "iterations": 1,
            "std_devs": 2,
            "use_standard_deviation_filtering": false
        },
        "fit": "Linear",
        "fn": 580,
        "include_baseline_error": false,
        "n": 600,
        "outlier_excluded": [
            513,
            325,
            263,
            455,
            297,
            490,
            140,
            269,
            589,
            239,
            463,
            402,
            499,
            469,
            537,
            282,
            412,
            349,
            542,
            191
        ],
        "reviewed": true,
        "user_excluded": [],
        "value": -0.07714547860576768
    },
    "Ar39": {
        "error": 0.006488192946917053,
        "error_type": "SEM",
        "filter_outliers_dict": {
            "filter_outliers": true,
            "iterations": 1,
            "std_devs": 2,
            "use_standard_deviation_filtering": false
        },
        "fit": "Parabolic",
        "fn": 572,
        "include_baseline_error": false,
        "n": 600,
        "outlier_excluded": [
            4,
            522,
            403,
            533,
            24,
            281,
            414,
            159,
            290,
            553,
            554,
            175,
            566,
            439,
            443,
            452,
            460,
            77,
            464,
            81,
            221,
            364,
            240,
            369,
            496,
            376,
            251,
            383
        ],
        "reviewed": true,
        "user_excluded": [],
        "value": 0.008411991507137872
    },
    "Ar40": {
        "error": 0.015241955832890994,
        "error_type": "SEM",
        "filter_outliers_dict": {
            "filter_outliers": true,
            "iterations": 1,
            "std_devs": 2,
            "use_standard_deviation_filtering": false
        },
        "fit": "Parabolic",
        "fn": 572,
        "include_baseline_error": false,
        "n": 600,
        "outlier_excluded": [
            132,
            262,
            136,
            393,
            11,
            268,
            395,
            145,
            273,
            403,
            532,
            159,
            290,
            555,
            47,
            303,
            304,
            191,
            63,
            454,
            587,
            465,
            218,
            91,
            93,
            224,
            247,
            124
        ],
        "reviewed": true,
        "user_excluded": [],
        "value": 1.210245568216108
    },
    "Ar41": {
        "error": 0.00994028973438604,
        "error_type": "SEM",
        "filter_outliers_dict": {
            "filter_outliers": true,
            "iterations": 1,
            "std_devs": 2,
            "use_standard_deviation_filtering": false
        },
        "fit": "linear",
        "value": -0.0035532311969513636
    }
}