{
    "Ar36": {
        "error": 0.00012911438138295584,
        "error_type": "SEM",
        "filter_outliers_dict": {
            "filter_outliers": true,
            "iterations": 1,
            "std_devs": 2,
            "use_standard_deviation_filtering": false
        },
        "fit": "Parabolic",
        "fn": 572,
        "include_baseline_error": false,
        "n": 600,
        "outlier_excluded": [
            258,
            395,
            533,
            156,
            541,
            548,
            302,
            438,
            440,
            313,
            316,
            189,
            578,
            69,
            455,
            331,
            207,
            209,
            337,
            466,
            593,
            359,
            492,
            494,
            495,
            368,
            251,
            509
        ],
        "reviewed": true,
        "user_excluded": [],
        "value": 0.004217470033927139
    },
    "Ar37": {
        "error": 0.010334008183046767,
        "error_type": "SEM",
        "filter_outliers_dict": {
            "filter_outliers": true,
            "iterations": 1,
            "std_devs": 2,
            "use_standard_deviation_filtering": false
        },
        "fit": "Linear",
        "fn": 576,
        "include_baseline_error": false,
        "n": 600,
        "outlier_excluded": [
            534,
            23,
            158,
            287,
            544,
            420,
            54,
            183,
            310,
            439,
            440,
            446,
            457,
            203,
            204,
            464,
            89,
            90,
            355,
            102,
            488,
            491,
            245,
            504
        ],
        "reviewed": true,
        "user_excluded": [],
        "value": 0.05348039062165615
    },
    "Ar38": {
        "error": 0.013300208445405061,
        "error_type": "SEM",
        "filter_outliers_dict": {
            "filter_outliers": true,
            "iterations": 1,
            "std_devs": 2,
            "use_standard_deviation_filtering": false
        },
        "fit": "Linear",
        "fn": 580,
        "include_baseline_error": false,
        "n": 600,
        "outlier_excluded": [
            545,
            452,
            7,
            72,
            583,
            268,
            237,
            301,
            397,
            431,
            462,
            463,
            51,
            83,
            588,
            310,
            374,
            89,
            409,
            381
        ],
        "reviewed": true,
        "user_excluded": [],
        "value": -0.05323795581785597
    },
    "Ar39": {
        "error": 0.006785509975343316,
        "error_type": "SEM",
        "filter_outliers_dict": {
            "filter_outliers": true,
            "iterations": 1,
            "std_devs": 2,
            "use_standard_deviation_filtering": false
        },
        "fit": "Parabolic",
        "fn": 578,
        "include_baseline_error": false,
        "n": 600,
        "outlier_excluded": [
            137,
            272,
            278,
            280,
            303,
            305,
            179,
            568,
            58,
            186,
            187,
            61,
            66,
            326,
            455,
            456,
            586,
            473,
            237,
            116,
            507,
            381
        ],
        "reviewed": true,
        "user_excluded": [],
        "value": 0.018242537780150253
    },
    "Ar40": {
        "error": 0.015714691164778218,
        "error_type": "SEM",
        "filter_outliers_dict": {
            "filter_outliers": true,
            "iterations": 1,
            "std_devs": 2,
            "use_standard_deviation_filtering": false
        },
        "fit": "Parabolic",
        "fn": 577,
        "include_baseline_error": false,
        "n": 600,
        "outlier_excluded": [
            130,
            260,
            11,
            270,
            143,
            145,
            407,
            153,
            539,
            28,
            173,
            301,
            558,
            48,
            306,
            180,
            566,
            190,
            584,
            201,
            587,
            339,
            373
        ],
        "reviewed": true,
        "user_excluded": [],
        "value": 1.1475720025807352
    },
    "Ar41": {
        "error": 0.010582981920828623,
        "error_type": "SEM",
        "filter_outliers_dict": {
            "filter_outliers": true,
            "iterations": 1,
            "std_devs": 2,
            "use_standard_deviation_filtering": false
        },
        "fit": "linear",
        "value": 0.2705303209983657
    }
}