{
    "Ar36": {
        "error": 0.00015002649580260382,
        "error_type": "SD",
        "filter_outliers_dict": {
            "filter_outliers": true,
            "iterations": 1,
            "std_devs": 2,
            "use_standard_deviation_filtering": false
        },
        "fit": "Parabolic",
        "fn": 568,
        "include_baseline_error": false,
        "n": 600,
        "outlier_excluded": [
            260,
            517,
            391,
            519,
            268,
            274,
            532,
            538,
            291,
            429,
            433,
            178,
            564,
            317,
            454,
            457,
            589,
            463,
            211,
            340,
            214,
            87,
            342,
            89,
            223,
            225,
            490,
            500,
            245,
            247,
            382,
            383
        ],
        "reviewed": true,
        "user_excluded": [],
        "value": 0.007101341790188997
    },
    "Ar37": {
        "error": 0.01054023761673236,
        "error_type": "SD",
        "filter_outliers_dict": {
            "filter_outliers": true,
            "iterations": 1,
            "std_devs": 2,
            "use_standard_deviation_filtering": false
        },
        "fit": "Linear",
        "fn": 579,
        "include_baseline_error": false,
        "n": 600,
        "outlier_excluded": [
            320,
            384,
            385,
            165,
            166,
            390,
            422,
            169,
            487,
            584,
            44,
            13,
            558,
            239,
            465,
            372,
            54,
            310,
            120,
            216,
            380
        ],
        "reviewed": true,
        "user_excluded": [],
        "value": 0.00996049396620337
    },
    "Ar38": {
        "error": 0.009677486119300903,
        "error_type": "SD",
        "filter_outliers_dict": {
            "filter_outliers": true,
            "iterations": 1,
            "std_devs": 2,
            "use_standard_deviation_filtering": false
        },
        "fit": "Linear",
        "fn": 575,
        "include_baseline_error": false,
        "n": 600,
        "outlier_excluded": [
            259,
            391,
            521,
            523,
            141,
            398,
            400,
            540,
            545,
            546,
            35,
            36,
            166,
            39,
            42,
            45,
            438,
            313,
            447,
            206,
            592,
            85,
            87,
            229,
            237
        ],
        "reviewed": true,
        "user_excluded": [],
        "value": -0.04105330934739319
    },
    "Ar39": {
        "error": 0.00701035893930766,
        "error_type": "SD",
        "filter_outliers_dict": {
            "filter_outliers": true,
            "iterations": 1,
            "std_devs": 2,
            "use_standard_deviation_filtering": false
        },
        "fit": "Parabolic",
        "fn": 577,
        "include_baseline_error": false,
        "n": 600,
        "outlier_excluded": [
            388,
            519,
            523,
            27,
            157,
            292,
            294,
            422,
            551,
            553,
            170,
            177,
            585,
            463,
            591,
            466,
            597,
            231,
            498,
            115,
            378,
            123,
            255
        ],
        "reviewed": true,
        "user_excluded": [],
        "value": 0.01612212640836393
    },
    "Ar40": {
        "error": 0.016875495880144854,
        "error_type": "SD",
        "filter_outliers_dict": {
            "filter_outliers": true,
            "iterations": 1,
            "std_devs": 2,
            "use_standard_deviation_filtering": false
        },
        "fit": "Parabolic",
        "fn": 575,
        "include_baseline_error": false,
        "n": 600,
        "outlier_excluded": [
            1,
            257,
            513,
            137,
            282,
            155,
            283,
            285,
            556,
            558,
            178,
            306,
            314,
            191,
            66,
            323,
            461,
            589,
            210,
            596,
            351,
            228,
            114,
            117,
            121
        ],
        "reviewed": true,
        "user_excluded": [],
        "value": 2.1594970564007623
    },
    "Ar41": {
        "error": 0.14186056684320794,
        "error_type": "SD",
        "filter_outliers_dict": {
            "filter_outliers": false,
            "iterations": 1,
            "std_devs": 1,
            "use_standard_deviation_filtering": false
        },
        "fit": "average_SEM",
        "value": -0.0022534756347128374
    }
}