{
    "Ar36": {
        "error": 0.00012501522141785426,
        "error_type": "SEM",
        "filter_outliers_dict": {
            "filter_outliers": true,
            "iterations": 1,
            "std_devs": 2,
            "use_standard_deviation_filtering": false
        },
        "fit": "Parabolic",
        "fn": 571,
        "include_baseline_error": false,
        "n": 600,
        "outlier_excluded": [
            387,
            521,
            402,
            533,
            411,
            543,
            417,
            424,
            299,
            306,
            308,
            569,
            442,
            187,
            450,
            323,
            583,
            585,
            587,
            463,
            464,
            597,
            598,
            215,
            226,
            486,
            240,
            498,
            506
        ],
        "reviewed": true,
        "user_excluded": [],
        "value": 0.003984722795350802
    },
    "Ar37": {
        "error": 0.010448425317137916,
        "error_type": "SEM",
        "filter_outliers_dict": {
            "filter_outliers": true,
            "iterations": 1,
            "std_devs": 2,
            "use_standard_deviation_filtering": false
        },
        "fit": "Linear",
        "fn": 571,
        "include_baseline_error": false,
        "n": 600,
        "outlier_excluded": [
            3,
            8,
            23,
            411,
            544,
            39,
            168,
            423,
            428,
            434,
            179,
            436,
            575,
            66,
            451,
            74,
            80,
            82,
            466,
            472,
            476,
            227,
            358,
            232,
            489,
            490,
            107,
            505,
            251
        ],
        "reviewed": true,
        "user_excluded": [],
        "value": 0.06357312494047637
    },
    "Ar38": {
        "error": 0.013548461989239287,
        "error_type": "SEM",
        "filter_outliers_dict": {
            "filter_outliers": true,
            "iterations": 1,
            "std_devs": 2,
            "use_standard_deviation_filtering": false
        },
        "fit": "Linear",
        "fn": 575,
        "include_baseline_error": false,
        "n": 600,
        "outlier_excluded": [
            393,
            397,
            155,
            28,
            293,
            38,
            172,
            49,
            562,
            566,
            188,
            575,
            449,
            458,
            472,
            96,
            225,
            100,
            357,
            484,
            490,
            107,
            113,
            244,
            504
        ],
        "reviewed": true,
        "user_excluded": [],
        "value": -0.051788686743857636
    },
    "Ar39": {
        "error": 0.006685927216662846,
        "error_type": "SEM",
        "filter_outliers_dict": {
            "filter_outliers": true,
            "iterations": 1,
            "std_devs": 2,
            "use_standard_deviation_filtering": false
        },
        "fit": "Parabolic",
        "fn": 573,
        "include_baseline_error": false,
        "n": 600,
        "outlier_excluded": [
            138,
            139,
            399,
            404,
            277,
            29,
            419,
            293,
            294,
            434,
            565,
            186,
            187,
            318,
            455,
            333,
            219,
            349,
            225,
            492,
            109,
            496,
            242,
            244,
            117,
            500,
            507
        ],
        "reviewed": true,
        "user_excluded": [],
        "value": 0.022299350199356235
    },
    "Ar40": {
        "error": 0.014726855282559306,
        "error_type": "SEM",
        "filter_outliers_dict": {
            "filter_outliers": true,
            "iterations": 1,
            "std_devs": 2,
            "use_standard_deviation_filtering": false
        },
        "fit": "Parabolic",
        "fn": 571,
        "include_baseline_error": false,
        "n": 600,
        "outlier_excluded": [
            385,
            519,
            266,
            11,
            412,
            413,
            542,
            32,
            161,
            553,
            429,
            179,
            437,
            56,
            60,
            62,
            191,
            197,
            461,
            338,
            597,
            214,
            89,
            474,
            480,
            235,
            110,
            120,
            253
        ],
        "reviewed": true,
        "user_excluded": [],
        "value": 1.0573158855693863
    },
    "Ar41": {
        "error": 0.01062127245219561,
        "error_type": "SEM",
        "filter_outliers_dict": {
            "filter_outliers": true,
            "iterations": 1,
            "std_devs": 2,
            "use_standard_deviation_filtering": false
        },
        "fit": "linear",
        "value": 0.2863838866501813
    }
}