{
    "Ar36": {
        "error": 0.0001481008029242297,
        "error_type": "SEM",
        "filter_outliers_dict": {
            "filter_outliers": true,
            "iterations": 1,
            "std_devs": 2,
            "use_standard_deviation_filtering": false
        },
        "fit": "Parabolic",
        "fn": 573,
        "include_baseline_error": false,
        "n": 600,
        "outlier_excluded": [
            513,
            387,
            260,
            521,
            529,
            402,
            406,
            282,
            543,
            547,
            421,
            423,
            555,
            310,
            443,
            458,
            338,
            595,
            468,
            344,
            353,
            483,
            484,
            494,
            371,
            506,
            511
        ],
        "reviewed": true,
        "user_excluded": [],
        "value": 0.004727907697021236
    },
    "Ar37": {
        "error": 0.010037508709014379,
        "error_type": "SEM",
        "filter_outliers_dict": {
            "filter_outliers": true,
            "iterations": 1,
            "std_devs": 2,
            "use_standard_deviation_filtering": false
        },
        "fit": "Linear",
        "fn": 569,
        "include_baseline_error": false,
        "n": 600,
        "outlier_excluded": [
            258,
            520,
            142,
            399,
            412,
            288,
            416,
            291,
            38,
            302,
            180,
            436,
            569,
            317,
            446,
            64,
            580,
            200,
            585,
            202,
            89,
            481,
            98,
            486,
            106,
            241,
            119,
            248,
            251,
            124,
            383
        ],
        "reviewed": true,
        "user_excluded": [],
        "value": 0.013249297554807854
    },
    "Ar38": {
        "error": 0.013933045680157586,
        "error_type": "SEM",
        "filter_outliers_dict": {
            "filter_outliers": true,
            "iterations": 1,
            "std_devs": 2,
            "use_standard_deviation_filtering": false
        },
        "fit": "Linear",
        "fn": 580,
        "include_baseline_error": false,
        "n": 600,
        "outlier_excluded": [
            576,
            229,
            39,
            40,
            520,
            11,
            12,
            45,
            77,
            463,
            588,
            465,
            178,
            243,
            599,
            504,
            122,
            539,
            284,
            191
        ],
        "reviewed": true,
        "user_excluded": [],
        "value": -0.0662395822358277
    },
    "Ar39": {
        "error": 0.006908032876717399,
        "error_type": "SEM",
        "filter_outliers_dict": {
            "filter_outliers": true,
            "iterations": 1,
            "std_devs": 2,
            "use_standard_deviation_filtering": false
        },
        "fit": "Parabolic",
        "fn": 576,
        "include_baseline_error": false,
        "n": 600,
        "outlier_excluded": [
            0,
            268,
            24,
            418,
            547,
            292,
            40,
            44,
            559,
            432,
            570,
            573,
            191,
            452,
            70,
            74,
            205,
            213,
            474,
            103,
            367,
            114,
            248,
            510
        ],
        "reviewed": true,
        "user_excluded": [],
        "value": 0.012091775009838886
    },
    "Ar40": {
        "error": 0.017062204515625977,
        "error_type": "SEM",
        "filter_outliers_dict": {
            "filter_outliers": true,
            "iterations": 1,
            "std_devs": 2,
            "use_standard_deviation_filtering": false
        },
        "fit": "Parabolic",
        "fn": 571,
        "include_baseline_error": false,
        "n": 600,
        "outlier_excluded": [
            516,
            389,
            523,
            13,
            273,
            279,
            413,
            289,
            34,
            39,
            167,
            553,
            307,
            180,
            189,
            446,
            453,
            70,
            329,
            74,
            587,
            462,
            596,
            104,
            498,
            243,
            504,
            123,
            510
        ],
        "reviewed": true,
        "user_excluded": [],
        "value": 1.3073836821403155
    },
    "Ar41": {
        "error": 0.010255789906462361,
        "error_type": "SEM",
        "filter_outliers_dict": {
            "filter_outliers": true,
            "iterations": 1,
            "std_devs": 2,
            "use_standard_deviation_filtering": false
        },
        "fit": "linear",
        "value": -0.00963873181029935
    }
}