{
    "Ar36": {
        "error": 0.00013984675595783038,
        "error_type": "SEM",
        "filter_outliers_dict": {
            "filter_outliers": true,
            "iterations": 1,
            "std_devs": 2,
            "use_standard_deviation_filtering": false
        },
        "fit": "Parabolic",
        "fn": 577,
        "include_baseline_error": false,
        "n": 600,
        "outlier_excluded": [
            133,
            263,
            527,
            536,
            284,
            418,
            549,
            567,
            312,
            440,
            61,
            577,
            578,
            465,
            470,
            598,
            92,
            482,
            486,
            489,
            494,
            240,
            379
        ],
        "reviewed": true,
        "user_excluded": [],
        "value": 0.004157232461651648
    },
    "Ar37": {
        "error": 0.010021430733681062,
        "error_type": "SEM",
        "filter_outliers_dict": {
            "filter_outliers": true,
            "iterations": 1,
            "std_devs": 2,
            "use_standard_deviation_filtering": false
        },
        "fit": "Linear",
        "fn": 572,
        "include_baseline_error": false,
        "n": 600,
        "outlier_excluded": [
            256,
            132,
            265,
            139,
            13,
            275,
            533,
            406,
            26,
            282,
            414,
            421,
            425,
            47,
            560,
            433,
            53,
            309,
            193,
            70,
            462,
            79,
            90,
            232,
            242,
            118,
            123,
            383
        ],
        "reviewed": true,
        "user_excluded": [],
        "value": 0.004074888380540902
    },
    "Ar38": {
        "error": 0.013371781266257156,
        "error_type": "SEM",
        "filter_outliers_dict": {
            "filter_outliers": true,
            "iterations": 1,
            "std_devs": 2,
            "use_standard_deviation_filtering": false
        },
        "fit": "Linear",
        "fn": 583,
        "include_baseline_error": false,
        "n": 600,
        "outlier_excluded": [
            321,
            578,
            323,
            389,
            454,
            7,
            8,
            143,
            49,
            498,
            468,
            309,
            54,
            564,
            89,
            286,
            223
        ],
        "reviewed": true,
        "user_excluded": [],
        "value": -0.041959174635776766
    },
    "Ar39": {
        "error": 0.007052082109289028,
        "error_type": "SEM",
        "filter_outliers_dict": {
            "filter_outliers": true,
            "iterations": 1,
            "std_devs": 2,
            "use_standard_deviation_filtering": false
        },
        "fit": "Parabolic",
        "fn": 575,
        "include_baseline_error": false,
        "n": 600,
        "outlier_excluded": [
            261,
            397,
            528,
            274,
            538,
            542,
            416,
            428,
            557,
            558,
            56,
            60,
            63,
            321,
            327,
            209,
            213,
            341,
            93,
            490,
            108,
            109,
            364,
            368,
            114
        ],
        "reviewed": true,
        "user_excluded": [],
        "value": 0.024615398866492312
    },
    "Ar40": {
        "error": 0.01574830285621386,
        "error_type": "SEM",
        "filter_outliers_dict": {
            "filter_outliers": true,
            "iterations": 1,
            "std_devs": 2,
            "use_standard_deviation_filtering": false
        },
        "fit": "Parabolic",
        "fn": 570,
        "include_baseline_error": false,
        "n": 600,
        "outlier_excluded": [
            3,
            516,
            517,
            521,
            523,
            15,
            17,
            277,
            278,
            409,
            414,
            166,
            424,
            169,
            429,
            436,
            184,
            577,
            582,
            456,
            462,
            79,
            592,
            214,
            473,
            218,
            92,
            369,
            243,
            254
        ],
        "reviewed": true,
        "user_excluded": [],
        "value": 1.2157498286171378
    },
    "Ar41": {
        "error": 0.010501977194870385,
        "error_type": "SEM",
        "filter_outliers_dict": {
            "filter_outliers": true,
            "iterations": 1,
            "std_devs": 2,
            "use_standard_deviation_filtering": false
        },
        "fit": "linear",
        "value": 0.26599398988488354
    }
}