{
    "Ar36": {
        "error": 0.0001282894862956179,
        "error_type": "SEM",
        "filter_outliers_dict": {
            "filter_outliers": true,
            "iterations": 1,
            "std_devs": 2,
            "use_standard_deviation_filtering": false
        },
        "fit": "Parabolic",
        "fn": 569,
        "include_baseline_error": false,
        "n": 600,
        "outlier_excluded": [
            388,
            516,
            136,
            265,
            139,
            525,
            529,
            537,
            540,
            414,
            292,
            548,
            167,
            423,
            562,
            572,
            318,
            193,
            196,
            454,
            456,
            216,
            89,
            345,
            92,
            351,
            365,
            368,
            500,
            246,
            374
        ],
        "reviewed": true,
        "user_excluded": [],
        "value": 0.004239559878645566
    },
    "Ar37": {
        "error": 0.010477145721735175,
        "error_type": "SEM",
        "filter_outliers_dict": {
            "filter_outliers": true,
            "iterations": 1,
            "std_devs": 2,
            "use_standard_deviation_filtering": false
        },
        "fit": "Linear",
        "fn": 575,
        "include_baseline_error": false,
        "n": 600,
        "outlier_excluded": [
            1,
            262,
            266,
            11,
            146,
            402,
            277,
            155,
            292,
            171,
            45,
            301,
            311,
            318,
            326,
            327,
            461,
            590,
            86,
            96,
            230,
            231,
            114,
            115,
            254
        ],
        "reviewed": true,
        "user_excluded": [],
        "value": 0.024345781207323485
    },
    "Ar38": {
        "error": 0.013434968492446091,
        "error_type": "SEM",
        "filter_outliers_dict": {
            "filter_outliers": true,
            "iterations": 1,
            "std_devs": 2,
            "use_standard_deviation_filtering": false
        },
        "fit": "Linear",
        "fn": 583,
        "include_baseline_error": false,
        "n": 600,
        "outlier_excluded": [
            0,
            161,
            321,
            518,
            327,
            73,
            491,
            364,
            45,
            302,
            143,
            561,
            564,
            23,
            248,
            121,
            472
        ],
        "reviewed": true,
        "user_excluded": [],
        "value": -0.06318022805544411
    },
    "Ar39": {
        "error": 0.006586620949157294,
        "error_type": "SEM",
        "filter_outliers_dict": {
            "filter_outliers": true,
            "iterations": 1,
            "std_devs": 2,
            "use_standard_deviation_filtering": false
        },
        "fit": "Parabolic",
        "fn": 569,
        "include_baseline_error": false,
        "n": 600,
        "outlier_excluded": [
            389,
            264,
            265,
            396,
            397,
            14,
            277,
            408,
            154,
            414,
            289,
            299,
            560,
            437,
            57,
            313,
            571,
            572,
            323,
            456,
            334,
            340,
            213,
            342,
            598,
            217,
            96,
            481,
            104,
            237,
            124
        ],
        "reviewed": true,
        "user_excluded": [],
        "value": 0.003158823790035368
    },
    "Ar40": {
        "error": 0.015137750379450123,
        "error_type": "SEM",
        "filter_outliers_dict": {
            "filter_outliers": true,
            "iterations": 1,
            "std_devs": 2,
            "use_standard_deviation_filtering": false
        },
        "fit": "Parabolic",
        "fn": 575,
        "include_baseline_error": false,
        "n": 600,
        "outlier_excluded": [
            128,
            3,
            519,
            526,
            145,
            147,
            403,
            534,
            282,
            286,
            288,
            294,
            431,
            179,
            441,
            452,
            340,
            473,
            222,
            485,
            106,
            239,
            242,
            117,
            254
        ],
        "reviewed": true,
        "user_excluded": [],
        "value": 1.200558934262577
    },
    "Ar41": {
        "error": 0.010154055754256703,
        "error_type": "SEM",
        "filter_outliers_dict": {
            "filter_outliers": true,
            "iterations": 1,
            "std_devs": 2,
            "use_standard_deviation_filtering": false
        },
        "fit": "linear",
        "value": 0.251993907261014
    }
}