{
    "Ar36": {
        "error": 0.00013068838930733052,
        "error_type": "SEM",
        "filter_outliers_dict": {
            "filter_outliers": true,
            "iterations": 1,
            "std_devs": 2,
            "use_standard_deviation_filtering": false
        },
        "fit": "Parabolic",
        "fn": 570,
        "include_baseline_error": false,
        "n": 600,
        "outlier_excluded": [
            257,
            259,
            132,
            522,
            269,
            405,
            279,
            537,
            419,
            547,
            548,
            551,
            296,
            554,
            557,
            433,
            190,
            574,
            321,
            578,
            331,
            587,
            340,
            598,
            343,
            353,
            232,
            498,
            503,
            249
        ],
        "reviewed": true,
        "user_excluded": [],
        "value": 0.004384141053339325
    },
    "Ar37": {
        "error": 0.010036074032272066,
        "error_type": "SEM",
        "filter_outliers_dict": {
            "filter_outliers": true,
            "iterations": 1,
            "std_devs": 2,
            "use_standard_deviation_filtering": false
        },
        "fit": "Linear",
        "fn": 575,
        "include_baseline_error": false,
        "n": 600,
        "outlier_excluded": [
            3,
            518,
            393,
            525,
            407,
            24,
            285,
            421,
            297,
            426,
            299,
            57,
            62,
            318,
            69,
            327,
            202,
            586,
            84,
            85,
            103,
            106,
            107,
            241,
            506
        ],
        "reviewed": true,
        "user_excluded": [],
        "value": 0.061549843703732635
    },
    "Ar38": {
        "error": 0.012894754207194875,
        "error_type": "SEM",
        "filter_outliers_dict": {
            "filter_outliers": true,
            "iterations": 1,
            "std_devs": 2,
            "use_standard_deviation_filtering": false
        },
        "fit": "Linear",
        "fn": 581,
        "include_baseline_error": false,
        "n": 600,
        "outlier_excluded": [
            224,
            33,
            164,
            37,
            392,
            106,
            171,
            428,
            398,
            463,
            497,
            561,
            436,
            373,
            438,
            469,
            501,
            533,
            284
        ],
        "reviewed": true,
        "user_excluded": [],
        "value": -0.07313361737824303
    },
    "Ar39": {
        "error": 0.006998586402729282,
        "error_type": "SEM",
        "filter_outliers_dict": {
            "filter_outliers": true,
            "iterations": 1,
            "std_devs": 2,
            "use_standard_deviation_filtering": false
        },
        "fit": "Parabolic",
        "fn": 581,
        "include_baseline_error": false,
        "n": 600,
        "outlier_excluded": [
            160,
            292,
            324,
            166,
            71,
            198,
            297,
            490,
            556,
            77,
            109,
            431,
            112,
            208,
            597,
            24,
            216,
            250,
            155
        ],
        "reviewed": true,
        "user_excluded": [],
        "value": 0.008256491670169334
    },
    "Ar40": {
        "error": 0.015349224241730646,
        "error_type": "SEM",
        "filter_outliers_dict": {
            "filter_outliers": true,
            "iterations": 1,
            "std_devs": 2,
            "use_standard_deviation_filtering": false
        },
        "fit": "Parabolic",
        "fn": 572,
        "include_baseline_error": false,
        "n": 600,
        "outlier_excluded": [
            128,
            515,
            8,
            264,
            531,
            149,
            413,
            158,
            287,
            32,
            545,
            547,
            167,
            553,
            170,
            171,
            301,
            308,
            189,
            578,
            596,
            345,
            479,
            107,
            496,
            370,
            245,
            122
        ],
        "reviewed": true,
        "user_excluded": [],
        "value": 1.075486536949318
    },
    "Ar41": {
        "error": 0.010190637425573626,
        "error_type": "SEM",
        "filter_outliers_dict": {
            "filter_outliers": true,
            "iterations": 1,
            "std_devs": 2,
            "use_standard_deviation_filtering": false
        },
        "fit": "linear",
        "value": 0.2524279759600949
    }
}