{
    "Ar36": {
        "error": 0.00013081006954306266,
        "error_type": "SEM",
        "filter_outliers_dict": {
            "filter_outliers": true,
            "iterations": 1,
            "std_devs": 2,
            "use_standard_deviation_filtering": false
        },
        "fit": "Parabolic",
        "fn": 572,
        "include_baseline_error": false,
        "n": 600,
        "outlier_excluded": [
            523,
            397,
            274,
            533,
            540,
            416,
            544,
            546,
            547,
            301,
            558,
            303,
            559,
            565,
            439,
            578,
            326,
            454,
            457,
            591,
            470,
            355,
            101,
            359,
            360,
            366,
            243,
            381
        ],
        "reviewed": true,
        "user_excluded": [],
        "value": 0.003985661251416153
    },
    "Ar37": {
        "error": 0.01056310724720905,
        "error_type": "SEM",
        "filter_outliers_dict": {
            "filter_outliers": true,
            "iterations": 1,
            "std_devs": 2,
            "use_standard_deviation_filtering": false
        },
        "fit": "Linear",
        "fn": 573,
        "include_baseline_error": false,
        "n": 600,
        "outlier_excluded": [
            389,
            521,
            394,
            397,
            271,
            26,
            28,
            413,
            415,
            424,
            306,
            572,
            66,
            451,
            588,
            333,
            463,
            81,
            83,
            87,
            102,
            360,
            238,
            239,
            366,
            370,
            498
        ],
        "reviewed": true,
        "user_excluded": [],
        "value": 0.03048201623604929
    },
    "Ar38": {
        "error": 0.013224826398180704,
        "error_type": "SEM",
        "filter_outliers_dict": {
            "filter_outliers": true,
            "iterations": 1,
            "std_devs": 2,
            "use_standard_deviation_filtering": false
        },
        "fit": "Linear",
        "fn": 583,
        "include_baseline_error": false,
        "n": 600,
        "outlier_excluded": [
            258,
            323,
            328,
            361,
            235,
            460,
            461,
            432,
            371,
            596,
            437,
            501,
            311,
            89,
            27,
            381,
            574
        ],
        "reviewed": true,
        "user_excluded": [],
        "value": -0.07546000254493845
    },
    "Ar39": {
        "error": 0.006572923096270318,
        "error_type": "SEM",
        "filter_outliers_dict": {
            "filter_outliers": true,
            "iterations": 1,
            "std_devs": 2,
            "use_standard_deviation_filtering": false
        },
        "fit": "Parabolic",
        "fn": 574,
        "include_baseline_error": false,
        "n": 600,
        "outlier_excluded": [
            133,
            519,
            399,
            23,
            158,
            546,
            169,
            170,
            560,
            561,
            178,
            59,
            60,
            187,
            573,
            330,
            335,
            212,
            599,
            475,
            351,
            353,
            496,
            115,
            504,
            506
        ],
        "reviewed": true,
        "user_excluded": [],
        "value": 0.003528284854002808
    },
    "Ar40": {
        "error": 0.015133651083325818,
        "error_type": "SEM",
        "filter_outliers_dict": {
            "filter_outliers": true,
            "iterations": 1,
            "std_devs": 2,
            "use_standard_deviation_filtering": false
        },
        "fit": "Parabolic",
        "fn": 575,
        "include_baseline_error": false,
        "n": 600,
        "outlier_excluded": [
            133,
            263,
            392,
            519,
            18,
            409,
            162,
            293,
            297,
            428,
            308,
            312,
            67,
            580,
            455,
            587,
            77,
            334,
            81,
            593,
            599,
            236,
            492,
            243,
            372
        ],
        "reviewed": true,
        "user_excluded": [],
        "value": 1.0710339572066097
    },
    "Ar41": {
        "error": 0.011289683261780377,
        "error_type": "SEM",
        "filter_outliers_dict": {
            "filter_outliers": true,
            "iterations": 1,
            "std_devs": 2,
            "use_standard_deviation_filtering": false
        },
        "fit": "linear",
        "value": 0.2635108354365392
    }
}