{
    "Ar36": {
        "error": 0.0001596923407366234,
        "error_type": "SEM",
        "filter_outliers_dict": {
            "filter_outliers": true,
            "iterations": 1,
            "std_devs": 2,
            "use_standard_deviation_filtering": false
        },
        "fit": "Parabolic",
        "fn": 383,
        "include_baseline_error": false,
        "n": 400,
        "outlier_excluded": [
            383,
            130,
            195,
            326,
            263,
            200,
            265,
            234,
            295,
            296,
            238,
            179,
            116,
            275,
            215,
            343,
            319
        ],
        "reviewed": true,
        "user_excluded": [],
        "value": 0.004573799801954619
    },
    "Ar37": {
        "error": 0.012710390010062056,
        "error_type": "SEM",
        "filter_outliers_dict": {
            "filter_outliers": true,
            "iterations": 1,
            "std_devs": 2,
            "use_standard_deviation_filtering": false
        },
        "fit": "Linear",
        "fn": 379,
        "include_baseline_error": false,
        "n": 400,
        "outlier_excluded": [
            256,
            97,
            194,
            99,
            292,
            134,
            73,
            298,
            171,
            329,
            362,
            399,
            305,
            116,
            21,
            308,
            248,
            185,
            123,
            284,
            381
        ],
        "reviewed": true,
        "user_excluded": [],
        "value": 0.018937794683859546
    },
    "Ar38": {
        "error": 0.012051388698989795,
        "error_type": "SEM",
        "filter_outliers_dict": {
            "filter_outliers": true,
            "iterations": 1,
            "std_devs": 2,
            "use_standard_deviation_filtering": false
        },
        "fit": "Linear",
        "fn": 388,
        "include_baseline_error": false,
        "n": 400,
        "outlier_excluded": [
            72,
            233,
            170,
            203,
            241,
            242,
            180,
            85,
            119,
            376,
            346,
            155
        ],
        "reviewed": true,
        "user_excluded": [],
        "value": -0.1597900337515622
    },
    "Ar39": {
        "error": 0.018232218015275806,
        "error_type": "SEM",
        "filter_outliers_dict": {
            "filter_outliers": true,
            "iterations": 1,
            "std_devs": 2,
            "use_standard_deviation_filtering": false
        },
        "fit": "Parabolic",
        "fn": 386,
        "include_baseline_error": false,
        "n": 400,
        "outlier_excluded": [
            384,
            129,
            36,
            37,
            260,
            274,
            116,
            374,
            343,
            216,
            282,
            124,
            62,
            94
        ],
        "reviewed": true,
        "user_excluded": [],
        "value": -0.000281276682082679
    },
    "Ar40": {
        "error": 0.022426557574407795,
        "error_type": "SEM",
        "filter_outliers_dict": {
            "filter_outliers": true,
            "iterations": 1,
            "std_devs": 2,
            "use_standard_deviation_filtering": false
        },
        "fit": "Parabolic",
        "fn": 382,
        "include_baseline_error": false,
        "n": 400,
        "outlier_excluded": [
            257,
            132,
            37,
            134,
            325,
            327,
            9,
            301,
            239,
            399,
            338,
            83,
            245,
            341,
            373,
            185,
            27,
            155
        ],
        "reviewed": true,
        "user_excluded": [],
        "value": 1.1780617576986367
    },
    "Ar41": {
        "error": 0.005858448242533628,
        "error_type": "SEM",
        "filter_outliers_dict": {
            "filter_outliers": true,
            "iterations": 1,
            "std_devs": 2,
            "use_standard_deviation_filtering": false
        },
        "fit": "average",
        "value": 0.19479105178233025
    }
}