{
    "Ar36": {
        "error": 0.0001327504747983441,
        "error_type": "SEM",
        "filter_outliers_dict": {
            "filter_outliers": true,
            "iterations": 1,
            "std_devs": 2,
            "use_standard_deviation_filtering": false
        },
        "fit": "Parabolic",
        "fn": 374,
        "include_baseline_error": false,
        "n": 400,
        "outlier_excluded": [
            128,
            259,
            10,
            11,
            140,
            394,
            398,
            272,
            285,
            161,
            170,
            303,
            184,
            314,
            315,
            197,
            205,
            336,
            84,
            213,
            224,
            363,
            110,
            243,
            377,
            383
        ],
        "reviewed": true,
        "user_excluded": [],
        "value": 0.0034489516702648094
    },
    "Ar37": {
        "error": 0.013394469858488781,
        "error_type": "SEM",
        "filter_outliers_dict": {
            "filter_outliers": true,
            "iterations": 1,
            "std_devs": 2,
            "use_standard_deviation_filtering": false
        },
        "fit": "Linear",
        "fn": 389,
        "include_baseline_error": false,
        "n": 400,
        "outlier_excluded": [
            354,
            163,
            292,
            357,
            230,
            136,
            176,
            241,
            242,
            222,
            63
        ],
        "reviewed": true,
        "user_excluded": [],
        "value": 0.039081099013695886
    },
    "Ar38": {
        "error": 0.011846456382237467,
        "error_type": "SEM",
        "filter_outliers_dict": {
            "filter_outliers": true,
            "iterations": 1,
            "std_devs": 2,
            "use_standard_deviation_filtering": false
        },
        "fit": "Linear",
        "fn": 385,
        "include_baseline_error": false,
        "n": 400,
        "outlier_excluded": [
            33,
            69,
            293,
            359,
            390,
            170,
            330,
            300,
            205,
            366,
            243,
            60,
            317,
            158,
            349
        ],
        "reviewed": true,
        "user_excluded": [],
        "value": -0.1740271053966632
    },
    "Ar39": {
        "error": 0.019564862999159296,
        "error_type": "SEM",
        "filter_outliers_dict": {
            "filter_outliers": true,
            "iterations": 1,
            "std_devs": 2,
            "use_standard_deviation_filtering": false
        },
        "fit": "Parabolic",
        "fn": 380,
        "include_baseline_error": false,
        "n": 400,
        "outlier_excluded": [
            130,
            260,
            167,
            40,
            231,
            106,
            11,
            328,
            301,
            14,
            47,
            207,
            302,
            304,
            117,
            182,
            342,
            345,
            251,
            29
        ],
        "reviewed": true,
        "user_excluded": [],
        "value": 0.011832335967944765
    },
    "Ar40": {
        "error": 0.019797170316267796,
        "error_type": "SEM",
        "filter_outliers_dict": {
            "filter_outliers": true,
            "iterations": 1,
            "std_devs": 2,
            "use_standard_deviation_filtering": false
        },
        "fit": "Parabolic",
        "fn": 382,
        "include_baseline_error": false,
        "n": 400,
        "outlier_excluded": [
            100,
            262,
            199,
            266,
            235,
            395,
            335,
            80,
            274,
            211,
            180,
            276,
            57,
            186,
            252,
            253,
            382,
            287
        ],
        "reviewed": true,
        "user_excluded": [],
        "value": 0.9271394968696169
    },
    "Ar41": {
        "error": 0.005914182928559025,
        "error_type": "SEM",
        "filter_outliers_dict": {
            "filter_outliers": true,
            "iterations": 1,
            "std_devs": 2,
            "use_standard_deviation_filtering": false
        },
        "fit": "average",
        "value": -0.05480067273106215
    }
}