{
    "Ar36": {
        "error": 0.00018000012215622091,
        "error_type": "SEM",
        "filter_outliers_dict": {
            "filter_outliers": true,
            "iterations": 1,
            "std_devs": 2,
            "use_standard_deviation_filtering": false
        },
        "fit": "Parabolic",
        "fn": 379,
        "include_baseline_error": false,
        "n": 400,
        "outlier_excluded": [
            352,
            97,
            289,
            196,
            133,
            230,
            135,
            232,
            264,
            331,
            364,
            208,
            337,
            371,
            212,
            184,
            89,
            216,
            312,
            94,
            159
        ],
        "reviewed": true,
        "user_excluded": [],
        "value": 0.003653816447177275
    },
    "Ar37": {
        "error": 0.012895889047098834,
        "error_type": "SEM",
        "filter_outliers_dict": {
            "filter_outliers": true,
            "iterations": 1,
            "std_devs": 2,
            "use_standard_deviation_filtering": false
        },
        "fit": "Linear",
        "fn": 378,
        "include_baseline_error": false,
        "n": 400,
        "outlier_excluded": [
            387,
            5,
            391,
            271,
            272,
            154,
            29,
            157,
            59,
            320,
            68,
            204,
            334,
            345,
            346,
            91,
            218,
            352,
            97,
            366,
            367,
            114
        ],
        "reviewed": true,
        "user_excluded": [],
        "value": -0.0006345744338814904
    },
    "Ar38": {
        "error": 0.011682502456701034,
        "error_type": "SEM",
        "filter_outliers_dict": {
            "filter_outliers": true,
            "iterations": 1,
            "std_devs": 2,
            "use_standard_deviation_filtering": false
        },
        "fit": "Linear",
        "fn": 392,
        "include_baseline_error": false,
        "n": 400,
        "outlier_excluded": [
            288,
            199,
            298,
            237,
            243,
            120,
            157,
            381
        ],
        "reviewed": true,
        "user_excluded": [],
        "value": -0.18142901157601388
    },
    "Ar39": {
        "error": 0.01648797661226262,
        "error_type": "SEM",
        "filter_outliers_dict": {
            "filter_outliers": true,
            "iterations": 1,
            "std_devs": 2,
            "use_standard_deviation_filtering": false
        },
        "fit": "Parabolic",
        "fn": 384,
        "include_baseline_error": false,
        "n": 400,
        "outlier_excluded": [
            224,
            288,
            354,
            38,
            104,
            236,
            78,
            398,
            50,
            341,
            151,
            281,
            188,
            348,
            286,
            191
        ],
        "reviewed": true,
        "user_excluded": [],
        "value": -0.016064488203520536
    },
    "Ar40": {
        "error": 0.02230099393743648,
        "error_type": "SEM",
        "filter_outliers_dict": {
            "filter_outliers": true,
            "iterations": 1,
            "std_devs": 2,
            "use_standard_deviation_filtering": false
        },
        "fit": "Parabolic",
        "fn": 388,
        "include_baseline_error": false,
        "n": 400,
        "outlier_excluded": [
            129,
            359,
            392,
            204,
            13,
            274,
            51,
            116,
            309,
            278,
            186,
            380
        ],
        "reviewed": true,
        "user_excluded": [],
        "value": 0.9840420643210734
    },
    "Ar41": {
        "error": 0.005505703623303936,
        "error_type": "SEM",
        "filter_outliers_dict": {
            "filter_outliers": true,
            "iterations": 1,
            "std_devs": 2,
            "use_standard_deviation_filtering": false
        },
        "fit": "average",
        "value": -0.06147636676509807
    }
}