{
    "Ar36": {
        "error": 0.0001795736498382883,
        "error_type": "SEM",
        "filter_outliers_dict": {
            "filter_outliers": true,
            "iterations": 1,
            "std_devs": 2,
            "use_standard_deviation_filtering": false
        },
        "fit": "Parabolic",
        "fn": 378,
        "include_baseline_error": false,
        "n": 400,
        "outlier_excluded": [
            391,
            392,
            268,
            25,
            283,
            285,
            291,
            315,
            197,
            326,
            204,
            212,
            341,
            352,
            364,
            240,
            241,
            115,
            373,
            250,
            378,
            124
        ],
        "reviewed": true,
        "user_excluded": [],
        "value": 0.003079151030695275
    },
    "Ar37": {
        "error": 0.011630929471189025,
        "error_type": "SEM",
        "filter_outliers_dict": {
            "filter_outliers": true,
            "iterations": 1,
            "std_devs": 2,
            "use_standard_deviation_filtering": false
        },
        "fit": "Linear",
        "fn": 379,
        "include_baseline_error": false,
        "n": 400,
        "outlier_excluded": [
            65,
            3,
            36,
            68,
            197,
            357,
            73,
            141,
            301,
            50,
            148,
            86,
            278,
            280,
            89,
            122,
            343,
            60,
            317,
            382,
            63
        ],
        "reviewed": true,
        "user_excluded": [],
        "value": -0.0018921036790282403
    },
    "Ar38": {
        "error": 0.011407800806608389,
        "error_type": "SEM",
        "filter_outliers_dict": {
            "filter_outliers": true,
            "iterations": 1,
            "std_devs": 2,
            "use_standard_deviation_filtering": false
        },
        "fit": "Linear",
        "fn": 378,
        "include_baseline_error": false,
        "n": 400,
        "outlier_excluded": [
            390,
            158,
            287,
            168,
            299,
            180,
            183,
            56,
            326,
            328,
            82,
            215,
            89,
            348,
            349,
            99,
            231,
            237,
            245,
            125,
            254,
            126
        ],
        "reviewed": true,
        "user_excluded": [],
        "value": -0.16644863480769131
    },
    "Ar39": {
        "error": 0.01712607604192455,
        "error_type": "SEM",
        "filter_outliers_dict": {
            "filter_outliers": true,
            "iterations": 1,
            "std_devs": 2,
            "use_standard_deviation_filtering": false
        },
        "fit": "Parabolic",
        "fn": 382,
        "include_baseline_error": false,
        "n": 400,
        "outlier_excluded": [
            230,
            9,
            75,
            205,
            206,
            47,
            240,
            334,
            335,
            211,
            243,
            21,
            85,
            246,
            24,
            371,
            373,
            30
        ],
        "reviewed": true,
        "user_excluded": [],
        "value": -0.030909336858125903
    },
    "Ar40": {
        "error": 0.024106262064626686,
        "error_type": "SEM",
        "filter_outliers_dict": {
            "filter_outliers": true,
            "iterations": 1,
            "std_devs": 2,
            "use_standard_deviation_filtering": false
        },
        "fit": "Parabolic",
        "fn": 387,
        "include_baseline_error": false,
        "n": 400,
        "outlier_excluded": [
            354,
            232,
            235,
            299,
            269,
            239,
            271,
            151,
            24,
            247,
            123,
            283,
            318
        ],
        "reviewed": true,
        "user_excluded": [],
        "value": 0.7287538498069744
    },
    "Ar41": {
        "error": 0.005502727491364157,
        "error_type": "SEM",
        "filter_outliers_dict": {
            "filter_outliers": true,
            "iterations": 1,
            "std_devs": 2,
            "use_standard_deviation_filtering": false
        },
        "fit": "average",
        "value": 0.21694101276631333
    }
}