{
    "Ar36": {
        "error": 0.00018785674858438355,
        "error_type": "SEM",
        "filter_outliers_dict": {
            "filter_outliers": true,
            "iterations": 1,
            "std_devs": 2,
            "use_standard_deviation_filtering": false
        },
        "fit": "Parabolic",
        "fn": 375,
        "include_baseline_error": false,
        "n": 400,
        "outlier_excluded": [
            384,
            385,
            131,
            387,
            279,
            284,
            34,
            299,
            50,
            313,
            322,
            327,
            328,
            347,
            348,
            228,
            229,
            103,
            232,
            364,
            237,
            111,
            240,
            246,
            374
        ],
        "reviewed": true,
        "user_excluded": [],
        "value": 0.005901113936321152
    },
    "Ar37": {
        "error": 0.012402145913080453,
        "error_type": "SEM",
        "filter_outliers_dict": {
            "filter_outliers": true,
            "iterations": 1,
            "std_devs": 2,
            "use_standard_deviation_filtering": false
        },
        "fit": "Linear",
        "fn": 378,
        "include_baseline_error": false,
        "n": 400,
        "outlier_excluded": [
            2,
            130,
            4,
            145,
            149,
            153,
            154,
            159,
            298,
            178,
            183,
            318,
            190,
            66,
            326,
            331,
            205,
            333,
            335,
            215,
            220,
            99
        ],
        "reviewed": true,
        "user_excluded": [],
        "value": -0.03604314048334423
    },
    "Ar38": {
        "error": 0.01163683543251623,
        "error_type": "SEM",
        "filter_outliers_dict": {
            "filter_outliers": true,
            "iterations": 1,
            "std_devs": 2,
            "use_standard_deviation_filtering": false
        },
        "fit": "Linear",
        "fn": 382,
        "include_baseline_error": false,
        "n": 400,
        "outlier_excluded": [
            287,
            378,
            74,
            267,
            14,
            78,
            111,
            146,
            275,
            53,
            24,
            184,
            26,
            58,
            91,
            93,
            218,
            252
        ],
        "reviewed": true,
        "user_excluded": [],
        "value": -0.1457642183357188
    },
    "Ar39": {
        "error": 0.01842088994090831,
        "error_type": "SEM",
        "filter_outliers_dict": {
            "filter_outliers": true,
            "iterations": 1,
            "std_devs": 2,
            "use_standard_deviation_filtering": false
        },
        "fit": "Parabolic",
        "fn": 384,
        "include_baseline_error": false,
        "n": 400,
        "outlier_excluded": [
            96,
            1,
            3,
            38,
            230,
            40,
            330,
            394,
            333,
            270,
            143,
            278,
            88,
            249,
            218,
            155
        ],
        "reviewed": true,
        "user_excluded": [],
        "value": 0.003655187910762848
    },
    "Ar40": {
        "error": 0.02661775887189831,
        "error_type": "SEM",
        "filter_outliers_dict": {
            "filter_outliers": true,
            "iterations": 1,
            "std_devs": 2,
            "use_standard_deviation_filtering": false
        },
        "fit": "Parabolic",
        "fn": 389,
        "include_baseline_error": false,
        "n": 400,
        "outlier_excluded": [
            1,
            129,
            390,
            267,
            395,
            237,
            142,
            85,
            87,
            377,
            186
        ],
        "reviewed": true,
        "user_excluded": [],
        "value": 1.7456540319425555
    },
    "Ar41": {
        "error": 0.005358399537141998,
        "error_type": "SEM",
        "filter_outliers_dict": {
            "filter_outliers": true,
            "iterations": 1,
            "std_devs": 2,
            "use_standard_deviation_filtering": false
        },
        "fit": "average",
        "value": 0.20574190008243137
    }
}