{
    "Ar36": {
        "error": 0.00012933873888113133,
        "error_type": "SEM",
        "filter_outliers_dict": {
            "filter_outliers": true,
            "iterations": 1,
            "std_devs": 2,
            "use_standard_deviation_filtering": false
        },
        "fit": "Parabolic",
        "fn": 377,
        "include_baseline_error": false,
        "n": 400,
        "outlier_excluded": [
            0,
            259,
            132,
            388,
            270,
            289,
            38,
            169,
            171,
            302,
            309,
            58,
            314,
            328,
            209,
            214,
            352,
            361,
            116,
            120,
            378,
            380,
            382
        ],
        "reviewed": true,
        "user_excluded": [],
        "value": 0.0011257271429032626
    },
    "Ar37": {
        "error": 0.013194613967830083,
        "error_type": "SEM",
        "filter_outliers_dict": {
            "filter_outliers": true,
            "iterations": 1,
            "std_devs": 2,
            "use_standard_deviation_filtering": false
        },
        "fit": "Linear",
        "fn": 386,
        "include_baseline_error": false,
        "n": 400,
        "outlier_excluded": [
            128,
            3,
            6,
            169,
            138,
            108,
            15,
            117,
            342,
            151,
            378,
            316,
            158,
            286
        ],
        "reviewed": true,
        "user_excluded": [],
        "value": 0.005347454911691831
    },
    "Ar38": {
        "error": 0.011248196487630585,
        "error_type": "SEM",
        "filter_outliers_dict": {
            "filter_outliers": true,
            "iterations": 1,
            "std_devs": 2,
            "use_standard_deviation_filtering": false
        },
        "fit": "Linear",
        "fn": 382,
        "include_baseline_error": false,
        "n": 400,
        "outlier_excluded": [
            386,
            229,
            392,
            363,
            141,
            205,
            79,
            238,
            371,
            212,
            278,
            24,
            185,
            154,
            378,
            252,
            125,
            222
        ],
        "reviewed": true,
        "user_excluded": [],
        "value": -0.16340104715109444
    },
    "Ar39": {
        "error": 0.018428972694612914,
        "error_type": "SEM",
        "filter_outliers_dict": {
            "filter_outliers": true,
            "iterations": 1,
            "std_devs": 2,
            "use_standard_deviation_filtering": false
        },
        "fit": "Parabolic",
        "fn": 381,
        "include_baseline_error": false,
        "n": 400,
        "outlier_excluded": [
            131,
            36,
            132,
            323,
            295,
            168,
            296,
            170,
            267,
            12,
            236,
            390,
            83,
            119,
            216,
            123,
            155,
            188,
            127
        ],
        "reviewed": true,
        "user_excluded": [],
        "value": 0.02025993242076132
    },
    "Ar40": {
        "error": 0.022783949150048326,
        "error_type": "SEM",
        "filter_outliers_dict": {
            "filter_outliers": true,
            "iterations": 1,
            "std_devs": 2,
            "use_standard_deviation_filtering": false
        },
        "fit": "Parabolic",
        "fn": 386,
        "include_baseline_error": false,
        "n": 400,
        "outlier_excluded": [
            320,
            258,
            102,
            393,
            171,
            76,
            77,
            235,
            302,
            338,
            211,
            85,
            314,
            222
        ],
        "reviewed": true,
        "user_excluded": [],
        "value": 0.3191581081986326
    },
    "Ar41": {
        "error": 0.005454986353057833,
        "error_type": "SEM",
        "filter_outliers_dict": {
            "filter_outliers": true,
            "iterations": 1,
            "std_devs": 2,
            "use_standard_deviation_filtering": false
        },
        "fit": "average",
        "value": -0.06165705493055468
    }
}