{
    "Ar36": {
        "error": 0.0001906000215835894,
        "error_type": "SEM",
        "filter_outliers_dict": {
            "filter_outliers": true,
            "iterations": 1,
            "std_devs": 2,
            "use_standard_deviation_filtering": false
        },
        "fit": "Parabolic",
        "fn": 380,
        "include_baseline_error": false,
        "n": 400,
        "outlier_excluded": [
            384,
            161,
            321,
            99,
            388,
            327,
            392,
            172,
            141,
            269,
            301,
            302,
            399,
            243,
            180,
            275,
            309,
            343,
            373,
            121
        ],
        "reviewed": true,
        "user_excluded": [],
        "value": 0.005088523634557409
    },
    "Ar37": {
        "error": 0.012264735363446253,
        "error_type": "SEM",
        "filter_outliers_dict": {
            "filter_outliers": true,
            "iterations": 1,
            "std_devs": 2,
            "use_standard_deviation_filtering": false
        },
        "fit": "Linear",
        "fn": 380,
        "include_baseline_error": false,
        "n": 400,
        "outlier_excluded": [
            318,
            320,
            350,
            259,
            357,
            390,
            234,
            269,
            175,
            208,
            305,
            215,
            216,
            249,
            186,
            219,
            28,
            316,
            190,
            62
        ],
        "reviewed": true,
        "user_excluded": [],
        "value": 0.019044661832828554
    },
    "Ar38": {
        "error": 0.012186087354017145,
        "error_type": "SEM",
        "filter_outliers_dict": {
            "filter_outliers": true,
            "iterations": 1,
            "std_devs": 2,
            "use_standard_deviation_filtering": false
        },
        "fit": "Linear",
        "fn": 387,
        "include_baseline_error": false,
        "n": 400,
        "outlier_excluded": [
            96,
            353,
            162,
            195,
            387,
            70,
            138,
            299,
            398,
            84,
            123,
            220,
            222
        ],
        "reviewed": true,
        "user_excluded": [],
        "value": -0.15802663946472456
    },
    "Ar39": {
        "error": 0.019542643411222936,
        "error_type": "SEM",
        "filter_outliers_dict": {
            "filter_outliers": true,
            "iterations": 1,
            "std_devs": 2,
            "use_standard_deviation_filtering": false
        },
        "fit": "Parabolic",
        "fn": 387,
        "include_baseline_error": false,
        "n": 400,
        "outlier_excluded": [
            352,
            353,
            132,
            164,
            356,
            363,
            49,
            52,
            53,
            149,
            215,
            56,
            278
        ],
        "reviewed": true,
        "user_excluded": [],
        "value": -0.0019870646955846994
    },
    "Ar40": {
        "error": 0.024671323520988647,
        "error_type": "SEM",
        "filter_outliers_dict": {
            "filter_outliers": true,
            "iterations": 1,
            "std_devs": 2,
            "use_standard_deviation_filtering": false
        },
        "fit": "Parabolic",
        "fn": 383,
        "include_baseline_error": false,
        "n": 400,
        "outlier_excluded": [
            192,
            2,
            165,
            71,
            329,
            333,
            78,
            79,
            240,
            397,
            84,
            309,
            56,
            314,
            125,
            317,
            383
        ],
        "reviewed": true,
        "user_excluded": [],
        "value": 1.4098645342548988
    },
    "Ar41": {
        "error": 0.005644237416232697,
        "error_type": "SEM",
        "filter_outliers_dict": {
            "filter_outliers": true,
            "iterations": 1,
            "std_devs": 2,
            "use_standard_deviation_filtering": false
        },
        "fit": "average",
        "value": -0.05058243278896172
    }
}