{
    "Ar36": {
        "error": 0.00011957197066237204,
        "error_type": "SEM",
        "filter_outliers_dict": {
            "filter_outliers": true,
            "iterations": 1,
            "std_devs": 2,
            "use_standard_deviation_filtering": false
        },
        "fit": "Parabolic",
        "fn": 384,
        "include_baseline_error": false,
        "n": 400,
        "outlier_excluded": [
            197,
            359,
            393,
            362,
            204,
            268,
            398,
            335,
            306,
            339,
            246,
            215,
            248,
            310,
            253,
            254
        ],
        "reviewed": true,
        "user_excluded": [],
        "value": 0.0009585914971050036
    },
    "Ar37": {
        "error": 0.011237343953488473,
        "error_type": "SEM",
        "filter_outliers_dict": {
            "filter_outliers": true,
            "iterations": 1,
            "std_devs": 2,
            "use_standard_deviation_filtering": false
        },
        "fit": "Linear",
        "fn": 374,
        "include_baseline_error": false,
        "n": 400,
        "outlier_excluded": [
            131,
            387,
            271,
            278,
            27,
            28,
            157,
            31,
            298,
            173,
            301,
            304,
            307,
            312,
            192,
            320,
            67,
            328,
            76,
            355,
            364,
            115,
            247,
            377,
            122,
            124
        ],
        "reviewed": true,
        "user_excluded": [],
        "value": 0.00817704815644088
    },
    "Ar38": {
        "error": 0.012175765306136387,
        "error_type": "SEM",
        "filter_outliers_dict": {
            "filter_outliers": true,
            "iterations": 1,
            "std_devs": 2,
            "use_standard_deviation_filtering": false
        },
        "fit": "Linear",
        "fn": 389,
        "include_baseline_error": false,
        "n": 400,
        "outlier_excluded": [
            322,
            356,
            293,
            103,
            328,
            177,
            115,
            309,
            214,
            22,
            94
        ],
        "reviewed": true,
        "user_excluded": [],
        "value": -0.18198226849189253
    },
    "Ar39": {
        "error": 0.01728373298707909,
        "error_type": "SEM",
        "filter_outliers_dict": {
            "filter_outliers": true,
            "iterations": 1,
            "std_devs": 2,
            "use_standard_deviation_filtering": false
        },
        "fit": "Parabolic",
        "fn": 377,
        "include_baseline_error": false,
        "n": 400,
        "outlier_excluded": [
            0,
            144,
            18,
            29,
            166,
            167,
            168,
            169,
            42,
            176,
            304,
            181,
            182,
            188,
            197,
            75,
            80,
            213,
            214,
            341,
            216,
            123,
            254
        ],
        "reviewed": true,
        "user_excluded": [],
        "value": -0.03176494514178169
    },
    "Ar40": {
        "error": 0.02066081199967024,
        "error_type": "SEM",
        "filter_outliers_dict": {
            "filter_outliers": true,
            "iterations": 1,
            "std_devs": 2,
            "use_standard_deviation_filtering": false
        },
        "fit": "Parabolic",
        "fn": 383,
        "include_baseline_error": false,
        "n": 400,
        "outlier_excluded": [
            318,
            350,
            356,
            133,
            327,
            41,
            106,
            173,
            111,
            210,
            211,
            182,
            119,
            120,
            349,
            94,
            190
        ],
        "reviewed": true,
        "user_excluded": [],
        "value": 0.20823489943558104
    },
    "Ar41": {
        "error": 0.005375489445576102,
        "error_type": "SEM",
        "filter_outliers_dict": {
            "filter_outliers": true,
            "iterations": 1,
            "std_devs": 2,
            "use_standard_deviation_filtering": false
        },
        "fit": "average",
        "value": 0.1850428136704519
    }
}