{
    "AX": {
        "error": 0.011974682874646755,
        "error_type": "SEM",
        "filter_outliers_dict": {
            "filter_outliers": true,
            "iterations": 1,
            "std_devs": 2,
            "use_standard_deviation_filtering": false
        },
        "fit": "Average",
        "fn": 90,
        "include_baseline_error": false,
        "n": 90,
        "outlier_excluded": [],
        "reviewed": true,
        "user_excluded": [],
        "value": -0.013372059907770665
    },
    "CDD": {
        "error": 0.0,
        "error_type": "SEM",
        "filter_outliers_dict": {
            "filter_outliers": true,
            "iterations": 1,
            "std_devs": 10,
            "use_standard_deviation_filtering": false
        },
        "fit": "Average",
        "fn": 0,
        "include_baseline_error": false,
        "n": 90,
        "outlier_excluded": [
            0,
            1,
            2,
            3,
            4,
            5,
            6,
            7,
            8,
            9,
            10,
            11,
            12,
            13,
            14,
            15,
            16,
            17,
            18,
            19,
            20,
            21,
            22,
            23,
            24,
            25,
            26,
            27,
            28,
            29,
            30,
            31,
            32,
            33,
            34,
            35,
            36,
            37,
            38,
            39,
            40,
            41,
            42,
            43,
            44,
            45,
            46,
            47,
            48,
            49,
            50,
            51,
            52,
            53,
            54,
            55,
            56,
            57,
            58,
            59,
            60,
            61,
            62,
            63,
            64,
            65,
            66,
            67,
            68,
            69,
            70,
            71,
            72,
            73,
            74,
            75,
            76,
            77,
            78,
            79,
            80,
            81,
            82,
            83,
            84,
            85,
            86,
            87,
            88,
            89
        ],
        "reviewed": true,
        "user_excluded": [],
        "value": 0.0
    },
    "H1": {
        "error": 0.012226372318464143,
        "error_type": "SEM",
        "filter_outliers_dict": {
            "filter_outliers": true,
            "iterations": 1,
            "std_devs": 2,
            "use_standard_deviation_filtering": false
        },
        "fit": "Average",
        "fn": 87,
        "include_baseline_error": false,
        "n": 90,
        "outlier_excluded": [
            81,
            53,
            69
        ],
        "reviewed": true,
        "user_excluded": [],
        "value": -0.009610230145620012
    },
    "H2": {
        "error": 0.009873551582847095,
        "error_type": "SEM",
        "filter_outliers_dict": {
            "filter_outliers": true,
            "iterations": 1,
            "std_devs": 2,
            "use_standard_deviation_filtering": false
        },
        "fit": "average",
        "value": 0.1766480362065226
    },
    "L1": {
        "error": 0.012313863025359533,
        "error_type": "SEM",
        "filter_outliers_dict": {
            "filter_outliers": true,
            "iterations": 1,
            "std_devs": 2,
            "use_standard_deviation_filtering": false
        },
        "fit": "Average",
        "fn": 88,
        "include_baseline_error": false,
        "n": 90,
        "outlier_excluded": [
            2,
            47
        ],
        "reviewed": true,
        "user_excluded": [],
        "value": -0.17443579926674085
    },
    "L2": {
        "error": 0.012897399277420262,
        "error_type": "SEM",
        "filter_outliers_dict": {
            "filter_outliers": true,
            "iterations": 1,
            "std_devs": 2,
            "use_standard_deviation_filtering": false
        },
        "fit": "Average",
        "fn": 86,
        "include_baseline_error": false,
        "n": 90,
        "outlier_excluded": [
            89,
            4,
            6,
            47
        ],
        "reviewed": true,
        "user_excluded": [],
        "value": -0.03948641014975755
    }
}